ID,center_lat,center_lon,sat_item,date,local_cloud_cover,water_pixels,original_dates_list
0,38.12085032,-75.27869865,S2A_MSIL2A_20230919T153921_R011_T18SVH_20241018T113101,2023-09-19,0.0,65556,['2017-05-16']
0,38.12085032,-75.27869865,S2B_MSIL2A_20240908T153819_R011_T18SVH_20240908T210212,2024-09-08,0.0,65624,['2017-05-16']
0,38.12085032,-75.27869865,S2B_MSIL2A_20210606T153809_R011_T18SVH_20210609T202252,2021-06-06,0.0,65544,['2017-05-16']
0,38.12085032,-75.27869865,S2A_MSIL2A_20230522T153811_R011_T18SVH_20240811T131021,2023-05-22,0.0,65428,['2017-05-16']
0,38.12085032,-75.27869865,S2A_MSIL2A_20231221T155651_R054_T18SVH_20231222T051713,2023-12-21,0.01,65664,['2017-05-16']
1,38.0746328,-75.30771075,S2B_MSIL2A_20210825T153809_R011_T18SVH_20210826T030858,2021-08-25,0.0,65892,['2017-05-16']
1,38.0746328,-75.30771075,S2B_MSIL2A_20220803T154819_R054_T18SVH_20220804T142624,2022-08-03,0.0,65960,['2017-05-16']
1,38.0746328,-75.30771075,S2B_MSIL2A_20180702T153809_R011_T18SVH_20201011T111618,2018-07-02,0.0,65644,['2017-05-16']
1,38.0746328,-75.30771075,S2A_MSIL2A_20220517T153821_R011_T18SVH_20220519T201441,2022-05-17,0.0,66448,['2017-05-16']
1,38.0746328,-75.30771075,S2A_MSIL2A_20161018T160122_R054_T18SVH_20210213T115519,2016-10-18,0.0,66168,['2017-05-16']
3,10.840556,-74.523056,S2B_MSIL2A_20200114T152639_R025_T18PWS_20201002T184412,2020-01-14,0.0,51844,['2016-08-07']
3,10.840556,-74.523056,S2A_MSIL2A_20170213T152631_R025_T18PWS_20210208T115819,2017-02-13,0.0,57004,['2016-08-07']
3,10.840556,-74.523056,S2A_MSIL2A_20190603T152641_R025_T18PWT_20201005T213312,2019-06-03,0.0,52260,['2016-08-07']
3,10.840556,-74.523056,S2A_MSIL2A_20230920T152641_R025_T18PWS_20240914T022531,2023-09-20,0.04,44584,['2016-08-07']
3,10.840556,-74.523056,S2A_MSIL2A_20210304T152641_R025_T18PWS_20210305T034859,2021-03-04,0.05,50920,['2016-08-07']
4,10.86370807,-74.52301929,S2A_MSIL2A_20170213T152631_R025_T18PWT_20210208T115813,2017-02-13,0.0,62980,['2016-08-07']
4,10.86370807,-74.52301929,S2B_MSIL2A_20211207T153619_R068_T18PWT_20211208T140649,2021-12-07,0.0,61108,['2016-08-07']
4,10.86370807,-74.52301929,S2A_MSIL2A_20240430T153631_R068_T18PWT_20240430T220701,2024-04-30,0.01,61200,['2016-08-07']
4,10.86370807,-74.52301929,S2B_MSIL2A_20230620T153619_R068_T18PWT_20230620T223547,2023-06-20,0.01,60992,['2016-08-07']
4,10.86370807,-74.52301929,S2A_MSIL2A_20200418T152641_R025_T18PWT_20200924T004647,2020-04-18,0.23,63180,['2016-08-07']
5,10.86374351,-74.54644164,S2B_MSIL2A_20180325T152639_R025_T18PWT_20201013T141547,2018-03-25,0.0,61872,"['2016-07-21', '2016-08-07']"
5,10.86374351,-74.54644164,S2A_MSIL2A_20180817T152641_R025_T18PWT_20201011T025942,2018-08-17,0.0,58688,"['2016-07-21', '2016-08-07']"
5,10.86374351,-74.54644164,S2B_MSIL2A_20170817T152949_R025_T18PWT_20201019T222819,2017-08-17,0.0,61596,"['2016-07-21', '2016-08-07']"
5,10.86374351,-74.54644164,S2A_MSIL2A_20201214T152641_R025_T18PWT_20201215T110956,2020-12-14,0.0,54208,"['2016-07-21', '2016-08-07']"
5,10.86374351,-74.54644164,S2B_MSIL2A_20240909T152659_R025_T18PWT_20240909T204602,2024-09-09,0.0,50484,"['2016-07-21', '2016-08-07']"
6,10.84059136,-74.54647654,S2A_MSIL2A_20160926T152632_R025_T18PWT_20210213T045313,2016-09-26,0.0,66564,"['2016-07-21', '2016-08-07']"
6,10.84059136,-74.54647654,S2B_MSIL2A_20220413T152639_R025_T18PWS_20220414T093909,2022-04-13,0.0,66564,"['2016-07-21', '2016-08-07']"
6,10.84059136,-74.54647654,S2A_MSIL2A_20221207T153621_R068_T18PWT_20221208T160110,2022-12-07,0.0,66564,"['2016-07-21', '2016-08-07']"
6,10.84059136,-74.54647654,S2A_MSIL2A_20211112T153621_R068_T18PWT_20211113T032339,2021-11-12,0.0,66564,"['2016-07-21', '2016-08-07']"
6,10.84059136,-74.54647654,S2B_MSIL2A_20220106T153619_R068_T18PWS_20220107T114911,2022-01-06,0.0,66564,"['2016-07-21', '2016-08-07']"
7,10.81743917,-74.54651137,S2B_MSIL2A_20220225T153619_R068_T18PWS_20240530T025952,2022-02-25,0.0,54772,"['2016-07-21', '2016-08-07']"
7,10.81743917,-74.54651137,S2A_MSIL2A_20241027T153631_R068_T18PWT_20241027T205349,2024-10-27,0.0,51264,"['2016-07-21', '2016-08-07']"
7,10.81743917,-74.54651137,S2B_MSIL2A_20230220T153619_R068_T18PWS_20230222T182621,2023-02-20,0.0,53704,"['2016-07-21', '2016-08-07']"
7,10.81743917,-74.54651137,S2B_MSIL2A_20210925T152639_R025_T18PWT_20210926T172959,2021-09-25,0.02,53984,"['2016-07-21', '2016-08-07']"
7,10.81743917,-74.54651137,S2A_MSIL2A_20231209T152651_R025_T18PWS_20241028T012027,2023-12-09,0.19,47020,"['2016-07-21', '2016-08-07']"
8,10.81740389,-74.52309263,S2B_MSIL2A_20210131T153619_R068_T18PWS_20210201T214626,2021-01-31,0.0,49872,['2016-08-07']
8,10.81740389,-74.52309263,S2B_MSIL2A_20180127T153609_R068_T18PWS_20201014T092103,2018-01-27,0.0,56640,['2016-08-07']
8,10.81740389,-74.52309263,S2B_MSIL2A_20181230T152639_R025_T18PWS_20201008T142316,2018-12-30,0.0,54000,['2016-08-07']
8,10.81740389,-74.52309263,S2B_MSIL2A_20250716T152659_R025_T18PWT_20250716T202354,2025-07-16,0.0,39836,['2016-08-07']
8,10.81740389,-74.52309263,S2B_MSIL2A_20200910T152639_R025_T18PWT_20200912T021507,2020-09-10,0.0,51620,['2016-08-07']
9,10.81736684,-74.49967397,S2B_MSIL2A_20180812T152639_R025_T18PWS_20201011T005537,2018-08-12,0.0,40408,['2016-08-07']
9,10.81736684,-74.49967397,S2A_MSIL2A_20170504T152641_R025_T18PWT_20210209T130125,2017-05-04,0.07,43780,['2016-08-07']
9,10.81736684,-74.49967397,S2A_MSIL2A_20160310T152622_R025_T18PWS_20210528T132030,2016-03-10,0.53,33040,['2016-08-07']
9,10.81736684,-74.49967397,S2B_MSIL2A_20170916T152629_R025_T18PWS_20210202T042215,2017-09-16,2.16,42548,['2016-08-07']
9,10.81736684,-74.49967397,S2A_MSIL2A_20170623T152951_R025_T18PWS_20210210T011135,2017-06-23,3.24,43244,['2016-08-07']
10,10.84051886,-74.49963554,S2B_MSIL2A_20230227T152639_R025_T18PWS_20230228T213708,2023-02-27,0.0,35192,['2016-08-07']
10,10.84051886,-74.49963554,S2A_MSIL2A_20250812T152931_R025_T18PWT_20250812T194956,2025-08-12,0.0,33728,['2016-08-07']
10,10.84051886,-74.49963554,S2A_MSIL2A_20160310T152622_R025_T18PWS_20210528T132030,2016-03-10,0.02,33716,['2016-08-07']
10,10.84051886,-74.49963554,S2A_MSIL2A_20170213T152631_R025_T18PWS_20210208T115819,2017-02-13,0.04,42640,['2016-08-07']
10,10.84051886,-74.49963554,S2A_MSIL2A_20210304T152641_R025_T18PWS_20210305T034859,2021-03-04,0.22,38688,['2016-08-07']
11,10.86367085,-74.49959703,S2A_MSIL2A_20170318T153611_R068_T18PWT_20210208T233838,2017-03-18,7.99,35348,['2016-08-07']
12,10.832778,-74.573889,S2B_MSIL2A_20201222T153619_R068_T18PWS_20210104T085848,2020-12-22,0.05,63220,['2016-07-21']
12,10.832778,-74.573889,S2B_MSIL2A_20181210T152629_R025_T18PWS_20201008T090359,2018-12-10,0.16,63332,['2016-07-21']
12,10.832778,-74.573889,S2B_MSIL2A_20190618T152649_R025_T18PWS_20201006T035456,2019-06-18,0.21,63260,['2016-07-21']
12,10.832778,-74.573889,S2A_MSIL2A_20180529T152641_R025_T18PWT_20201012T152607,2018-05-29,0.24,63720,['2016-07-21']
12,10.832778,-74.573889,S2A_MSIL2A_20170713T153001_R025_T18PWS_20210210T081917,2017-07-13,0.31,64072,['2016-07-21']
13,10.85593025,-74.57385623,S2A_MSIL2A_20180529T152641_R025_T18PWT_20201012T152607,2018-05-29,0.0,48572,['2016-07-21']
13,10.85593025,-74.57385623,S2A_MSIL2A_20250424T152711_R025_T18PWT_20250425T012413,2025-04-24,0.0,37152,['2016-07-21']
13,10.85593025,-74.57385623,S2A_MSIL2A_20170504T152641_R025_T18PWT_20210209T130125,2017-05-04,0.0,54164,['2016-07-21']
13,10.85593025,-74.57385623,S2B_MSIL2A_20220106T153619_R068_T18PWT_20220107T090444,2022-01-06,0.0,42972,['2016-07-21']
13,10.85593025,-74.57385623,S2A_MSIL2A_20210605T153621_R068_T18PWT_20210606T053106,2021-06-05,0.02,43828,['2016-07-21']
14,10.83280947,-74.5973091,S2B_MSIL2A_20171228T153609_R068_T18PWS_20201014T170448,2017-12-28,0.0,54008,['2016-07-21']
14,10.83280947,-74.5973091,S2A_MSIL2A_20220508T152641_R025_T18PWT_20220509T152510,2022-05-08,0.0,48980,['2016-07-21']
14,10.83280947,-74.5973091,S2B_MSIL2A_20200801T152639_R025_T18PWT_20200815T193054,2020-08-01,0.0,53260,['2016-07-21']
14,10.83280947,-74.5973091,S2B_MSIL2A_20210925T152639_R025_T18PWT_20210926T172959,2021-09-25,0.01,51760,['2016-07-21']
14,10.83280947,-74.5973091,S2B_MSIL2A_20190310T152639_R025_T18PWS_20201007T052027,2019-03-10,0.03,54708,['2016-07-21']
15,10.80965712,-74.59734,S2A_MSIL2A_20211119T152641_R025_T18PWS_20211120T063405,2021-11-19,0.0,45628,['2016-07-21']
15,10.80965712,-74.59734,S2B_MSIL2A_20220202T152639_R025_T18PWS_20220513T004828,2022-02-02,0.0,45480,['2016-07-21']
15,10.80965712,-74.59734,S2B_MSIL2A_20180616T153619_R068_T18PWS_20201011T225845,2018-06-16,0.0,54968,['2016-07-21']
15,10.80965712,-74.59734,S2A_MSIL2A_20210722T152641_R025_T18PWS_20210723T043221,2021-07-22,0.0,47044,['2016-07-21']
15,10.80965712,-74.59734,S2B_MSIL2A_20181230T152639_R025_T18PWS_20201008T142316,2018-12-30,0.0,52580,['2016-07-21']
16,10.80962572,-74.5739217,S2A_MSIL2A_20200102T153611_R068_T18PWS_20201002T215625,2020-01-02,0.0,48852,['2016-07-21']
16,10.80962572,-74.5739217,S2A_MSIL2A_20241004T152651_R025_T18PWT_20241004T205650,2024-10-04,0.0,45460,['2016-07-21']
16,10.80962572,-74.5739217,S2B_MSIL2A_20190718T152649_R025_T18PWS_20201005T160748,2019-07-18,0.0,48860,['2016-07-21']
16,10.80962572,-74.5739217,S2B_MSIL2A_20240316T153629_R068_T18PWT_20240316T220725,2024-03-16,0.01,46340,['2016-07-21']
16,10.80962572,-74.5739217,S2A_MSIL2A_20211119T152641_R025_T18PWS_20211120T063405,2021-11-19,0.02,47708,['2016-07-21']
20,11.01370682,-74.28161093,S2B_MSIL2A_20240820T152659_R025_T18PWT_20240820T211101,2024-08-20,0.0,66132,['2016-06-08']
20,11.01370682,-74.28161093,S2B_MSIL2A_20221209T152639_R025_T18PWT_20221210T124217,2022-12-09,0.0,66128,['2016-06-08']
20,11.01370682,-74.28161093,S2B_MSIL2A_20220222T152639_R025_T18PWT_20220228T162231,2022-02-22,0.0,66124,['2016-06-08']
20,11.01370682,-74.28161093,S2A_MSIL2A_20210212T152641_R025_T18PWT_20210213T080657,2021-02-12,0.0,66140,['2016-06-08']
20,11.01370682,-74.28161093,S2B_MSIL2A_20201119T152639_R025_T18PWT_20201121T025903,2020-11-19,0.01,66092,['2016-06-08']
21,11.01376137,-74.30504404,S2A_MSIL2A_20161225T152632_R025_T18PWT_20210214T003817,2016-12-25,0.0,66564,['2016-06-08']
21,11.01376137,-74.30504404,S2A_MSIL2A_20180529T152641_R025_T18PWT_20201012T152607,2018-05-29,0.0,66564,['2016-06-08']
21,11.01376137,-74.30504404,S2B_MSIL2A_20170916T152629_R025_T18PWT_20210202T042208,2017-09-16,0.0,66564,['2016-06-08']
21,11.01376137,-74.30504404,S2A_MSIL2A_20210304T152641_R025_T18PWT_20210305T033236,2021-03-04,0.0,66564,['2016-06-08']
21,11.01376137,-74.30504404,S2B_MSIL2A_20180713T152639_R025_T18PWT_20201011T152947,2018-07-13,0.0,66564,['2016-06-08']
22,10.99061044,-74.30509828,S2A_MSIL2A_20220915T152651_R025_T18PWT_20220916T110020,2022-09-15,0.02,58236,['2016-06-08']
22,10.99061044,-74.30509828,S2A_MSIL2A_20240924T152651_R025_T18PWT_20240924T201350,2024-09-24,0.02,57820,['2016-06-08']
22,10.99061044,-74.30509828,S2B_MSIL2A_20180203T152629_R025_T18PWT_20201013T183801,2018-02-03,0.37,58460,['2016-06-08']
22,10.99061044,-74.30509828,S2A_MSIL2A_20161205T152952_R025_T18PWT_20210213T181955,2016-12-05,0.41,58284,['2016-06-08']
22,10.99061044,-74.30509828,S2A_MSIL2A_20170213T152631_R025_T18PWT_20210208T115813,2017-02-13,0.56,58516,['2016-06-08']
23,10.96745946,-74.3051524,S2B_MSIL2A_20230806T152649_R025_T18PWT_20230806T213536,2023-08-06,0.0,60480,['2016-06-08']
23,10.96745946,-74.3051524,S2B_MSIL2A_20230128T152639_R025_T18PWT_20240810T101410,2023-01-28,0.0,60560,['2016-06-08']
23,10.96745946,-74.3051524,S2A_MSIL2A_20230503T152641_R025_T18PWT_20240905T223201,2023-05-03,0.0,60576,['2016-06-08']
23,10.96745946,-74.3051524,S2A_MSIL2A_20230920T152641_R025_T18PWT_20240914T022531,2023-09-20,0.0,59820,['2016-06-08']
23,10.96745946,-74.3051524,S2A_MSIL2A_20210212T152641_R025_T18PWT_20210213T080657,2021-02-12,0.03,60704,['2016-06-08']
24,11.01365046,-74.25817795,S2A_MSIL2A_20221224T152641_R025_T18PWT_20221225T182115,2022-12-24,0.0,36876,['2016-06-08']
24,11.01365046,-74.25817795,S2C_MSIL2A_20250909T152711_R025_T18PWT_20250909T182720,2025-09-09,0.0,36064,['2016-06-08']
24,11.01365046,-74.25817795,S2A_MSIL2A_20230920T152641_R025_T18PWT_20240914T022531,2023-09-20,0.0,34356,['2016-06-08']
24,11.01365046,-74.25817795,S2B_MSIL2A_20190228T152639_R025_T18PWT_20201007T214340,2019-02-28,0.18,37732,['2016-06-08']
24,11.01365046,-74.25817795,S2B_MSIL2A_20241019T152659_R025_T18PWT_20241019T203503,2024-10-19,0.21,37032,['2016-06-08']
25,13.491389,-89.524444,S2B_MSIL2A_20201120T162559_R040_T15PZQ_20201122T042359,2020-11-20,0.02,45388,['2017-07-09']
25,13.491389,-89.524444,S2A_MSIL2A_20190704T161911_R040_T16PBV_20201005T090741,2019-07-04,0.07,45332,['2017-07-09']
25,13.491389,-89.524444,S2A_MSIL2A_20161126T162622_R040_T15PZQ_20210415T011622,2016-11-26,0.09,45588,['2017-07-09']
25,13.491389,-89.524444,S2B_MSIL2A_20240712T161829_R040_T15PZR_20240712T215846,2024-07-12,0.4,45924,['2017-07-09']
25,13.491389,-89.524444,S2A_MSIL2A_20240228T162221_R040_T15PZQ_20240228T220921,2024-02-28,0.78,45956,['2017-07-09']
26,13.49171529,-89.54805518,S2A_MSIL2A_20190704T161911_R040_T16PBV_20201005T090741,2019-07-04,0.02,58928,['2017-07-09']
26,13.49171529,-89.54805518,S2A_MSIL2A_20191211T162651_R040_T15PZQ_20201003T033144,2019-12-11,0.03,59988,['2017-07-09']
26,13.49171529,-89.54805518,S2B_MSIL2A_20181022T162319_R040_T15PZQ_20201009T141926,2018-10-22,0.03,59116,['2017-07-09']
26,13.49171529,-89.54805518,S2A_MSIL2A_20210124T162551_R040_T16PBV_20210125T022319,2021-01-24,0.07,60328,['2017-07-09']
26,13.49171529,-89.54805518,S2B_MSIL2A_20251224T162609_R040_T15PZQ_20251224T211717,2025-12-24,0.13,60108,['2017-07-09']
27,13.2925,-87.783889,S2B_MSIL2A_20231003T161019_R140_T16PDV_20240827T171620,2023-10-03,0.0,39000,['2018-01-12']
27,13.2925,-87.783889,S2B_MSIL2A_20250115T161529_R140_T16PDV_20250115T195854,2025-01-15,0.0,40252,['2018-01-12']
27,13.2925,-87.783889,S2B_MSIL2A_20231202T161629_R140_T16PDV_20231202T211313,2023-12-02,0.0,40348,['2018-01-12']
27,13.2925,-87.783889,S2B_MSIL2A_20251121T161459_R140_T16PDV_20251121T195535,2025-11-21,0.01,40208,['2018-01-12']
27,13.2925,-87.783889,S2C_MSIL2A_20250530T160921_R140_T16PDV_20250530T214113,2025-05-30,0.01,40224,['2018-01-12']
28,13.29257172,-87.76025594,S2B_MSIL2A_20180422T160859_R140_T16PDV_20201013T012849,2018-04-22,0.0,45840,['2018-01-12']
28,13.29257172,-87.76025594,S2A_MSIL2A_20221023T161331_R140_T16PDV_20221024T112026,2022-10-23,0.0,45296,['2018-01-12']
28,13.29257172,-87.76025594,S2A_MSIL2A_20221222T161701_R140_T16PDV_20221224T013254,2022-12-22,0.0,45520,['2018-01-12']
28,13.29257172,-87.76025594,S2B_MSIL2A_20241126T161529_R140_T16PDV_20241126T200245,2024-11-26,0.0,45344,['2018-01-12']
28,13.29257172,-87.76025594,S2A_MSIL2A_20161203T161642_R140_T16PDV_20210213T174339,2016-12-03,0.0,45516,['2018-01-12']
29,13.31571848,-87.76032812,S2B_MSIL2A_20250224T161149_R140_T16PDV_20250224T200935,2025-02-24,0.0,41260,['2018-01-12']
29,13.31571848,-87.76032812,S2C_MSIL2A_20250828T160921_R140_T16PDV_20250828T211315,2025-08-28,0.0,40664,['2018-01-12']
29,13.31571848,-87.76032812,S2B_MSIL2A_20230923T160909_R140_T16PDV_20230923T232557,2023-09-23,0.0,40732,['2018-01-12']
29,13.31571848,-87.76032812,S2A_MSIL2A_20240724T160901_R140_T16PDV_20240725T033247,2024-07-24,0.01,40668,['2018-01-12']
29,13.31571848,-87.76032812,S2B_MSIL2A_20260321T160859_R140_T16PDV_20260321T195441,2026-03-21,0.01,40804,['2018-01-12']
30,45.489167,13.582778,S2A_MSIL2A_20241230T100421_R122_T33TUL_20241230T140451,2024-12-30,0.0,58724,['2015-10-22']
30,45.489167,13.582778,S2B_MSIL2A_20230214T100029_R122_T33TUL_20240816T041115,2023-02-14,0.0,55448,['2015-10-22']
30,45.489167,13.582778,S2B_MSIL2A_20180921T101019_R022_T33TUL_20201009T033230,2018-09-21,0.02,56860,['2015-10-22']
30,45.489167,13.582778,S2A_MSIL2A_20210811T101031_R022_T33TUL_20210812T030741,2021-08-11,0.04,57076,['2015-10-22']
30,45.489167,13.582778,S2B_MSIL2A_20170705T100029_R122_T33TUL_20210210T050930,2017-07-05,0.05,57612,['2015-10-22']
31,45.51220284,13.58219983,S2B_MSIL2A_20240731T100559_R022_T33TUL_20240731T125141,2024-07-31,0.0,34584,['2015-10-22']
31,45.51220284,13.58219983,S2B_MSIL2A_20220520T100029_R122_T33TUL_20220521T195746,2022-05-20,0.0,34748,['2015-10-22']
31,45.51220284,13.58219983,S2A_MSIL2A_20160913T100022_R122_T33TUL_20210213T003112,2016-09-13,0.68,34848,['2015-10-22']
31,45.51220284,13.58219983,S2A_MSIL2A_20160526T100032_R122_T33TUL_20210211T142843,2016-05-26,0.73,34660,['2015-10-22']
31,45.51220284,13.58219983,S2A_MSIL2A_20170421T100031_R122_T33TUL_20210209T092841,2017-04-21,2.55,33560,['2015-10-22']
32,-32.73240671,18.00577082,S2B_MSIL2A_20250318T082559_R021_T33HYD_20250318T123406,2025-03-18,0.01,47828,['2017-02-03']
32,-32.73240671,18.00577082,S2B_MSIL2A_20200101T082239_R121_T34HBJ_20201029T095038,2020-01-01,0.43,38260,['2017-02-03']
32,-32.73240671,18.00577082,S2B_MSIL2A_20200403T082559_R021_T33HYD_20200924T211005,2020-04-03,0.46,47532,['2017-02-03']
32,-32.73240671,18.00577082,S2B_MSIL2A_20180504T082559_R021_T33HYD_20201012T055038,2018-05-04,0.51,47464,['2017-02-03']
32,-32.73240671,18.00577082,S2B_MSIL2A_20181008T081819_R121_T34HBJ_20201009T093340,2018-10-08,0.56,47032,['2017-02-03']
33,-32.75611805,18.03229087,S2A_MSIL2A_20220306T081821_R121_T34HBJ_20220306T141508,2022-03-06,0.0,46908,['2017-02-03']
33,-32.75611805,18.03229087,S2A_MSIL2A_20220515T081611_R121_T34HBJ_20220517T153317,2022-05-15,0.0,46996,['2017-02-03']
33,-32.75611805,18.03229087,S2A_MSIL2A_20221002T081751_R121_T34HBJ_20221003T022252,2022-10-02,0.0,47028,['2017-02-03']
33,-32.75611805,18.03229087,S2B_MSIL2A_20250427T082559_R021_T33HYD_20250427T122020,2025-04-27,0.01,46936,['2017-02-03']
33,-32.75611805,18.03229087,S2A_MSIL2A_20190213T083041_R021_T33HYD_20201007T162149,2019-02-13,0.13,46796,['2017-02-03']
34,60.595278,168.444722,S2B_MSIL2A_20180427T001609_R059_T58VFN_20201013T032220,2018-04-27,0.0,35848,['2017-07-16']
34,60.595278,168.444722,S2B_MSIL2A_20250808T001609_R059_T59VLH_20250808T014952,2025-08-08,0.0,37988,['2017-07-16']
34,60.595278,168.444722,S2A_MSIL2A_20160621T001612_R059_T59VLH_20210211T213327,2016-06-21,0.02,38148,['2017-07-16']
34,60.595278,168.444722,S2A_MSIL2A_20170427T001611_R059_T58VFN_20210209T105751,2017-04-27,0.09,36756,['2017-07-16']
34,60.595278,168.444722,S2A_MSIL2A_20190822T000611_R016_T58VFN_20201005T031833,2019-08-22,0.09,37912,['2017-07-16']
35,60.57141594,168.3998782,S2B_MSIL2A_20180424T000609_R016_T58VFN_20201013T020811,2018-04-24,0.0,66564,['2017-07-16']
35,60.57141594,168.3998782,S2A_MSIL2A_20240818T001611_R059_T59VLH_20240818T030651,2024-08-18,0.0,66564,['2017-07-16']
35,60.57141594,168.3998782,S2B_MSIL2A_20190522T001619_R059_T59VLH_20201006T170653,2019-05-22,0.0,66564,['2017-07-16']
35,60.57141594,168.3998782,S2A_MSIL2A_20161115T000852_R016_T58VFN_20210528T232155,2016-11-15,0.0,66564,['2017-07-16']
35,60.57141594,168.3998782,S2B_MSIL2A_20210819T001609_R059_T59VLH_20210819T111031,2021-08-19,0.0,66564,['2017-07-16']
36,60.57231597,168.4465358,S2A_MSIL2A_20230622T000611_R016_T59VLH_20240812T221433,2023-06-22,0.0,66564,['2017-07-16']
36,60.57231597,168.4465358,S2A_MSIL2A_20240527T000611_R016_T59VLH_20240527T043424,2024-05-27,0.0,66564,['2017-07-16']
36,60.57231597,168.4465358,S2A_MSIL2A_20180827T000611_R016_T59VLH_20201027T044248,2018-08-27,0.0,66564,['2017-07-16']
36,60.57231597,168.4465358,S2A_MSIL2A_20210602T000611_R016_T59VLH_20210602T082446,2021-06-02,0.0,66564,['2017-07-16']
36,60.57231597,168.4465358,S2A_MSIL2A_20240128T000851_R016_T59VLH_20240128T031143,2024-01-28,0.12,66464,['2017-07-16']
37,60.57319972,168.4931965,S2C_MSIL2A_20251009T000621_R016_T59VLH_20251009T043813,2025-10-09,0.0,66564,['2017-07-16']
37,60.57319972,168.4931965,S2C_MSIL2A_20250512T000631_R016_T58VFN_20250512T020014,2025-05-12,0.0,66564,['2017-07-16']
37,60.57319972,168.4931965,S2A_MSIL2A_20170427T001611_R059_T58VFN_20210209T105751,2017-04-27,0.0,66564,['2017-07-16']
37,60.57319972,168.4931965,S2A_MSIL2A_20200607T000621_R016_T58VFN_20200826T105432,2020-06-07,0.0,66564,['2017-07-16']
37,60.57319972,168.4931965,S2B_MSIL2A_20240830T000619_R016_T59VLH_20240830T014231,2024-08-30,0.0,66564,['2017-07-16']
38,60.59616258,168.4914157,S2B_MSIL2A_20230508T000619_R016_T58VFN_20240811T124729,2023-05-08,0.01,32560,['2017-07-16']
38,60.59616258,168.4914157,S2B_MSIL2A_20231028T001719_R059_T59VLH_20240910T014302,2023-10-28,0.17,33744,['2017-07-16']
38,60.59616258,168.4914157,S2A_MSIL2A_20210602T000611_R016_T59VLH_20210602T082446,2021-06-02,0.18,35080,['2017-07-16']
38,60.59616258,168.4914157,S2C_MSIL2A_20250512T000631_R016_T58VFN_20250512T020014,2025-05-12,0.56,34176,['2017-07-16']
38,60.59616258,168.4914157,S2A_MSIL2A_20230225T001611_R059_T59VLH_20240818T230618,2023-02-25,0.57,32524,['2017-07-16']
39,59.044722,5.406389,S2A_MSIL2A_20240515T110621_R137_T32VKL_20240515T201315,2024-05-15,0.0,53908,['2022-08-21']
39,59.044722,5.406389,S2A_MSIL2A_20170628T105651_R094_T32VKL_20210210T021936,2017-06-28,0.0,53884,['2022-08-21']
39,59.044722,5.406389,S2A_MSIL2A_20190512T110621_R137_T32VKL_20201106T002542,2019-05-12,0.01,53996,['2022-08-21']
39,59.044722,5.406389,S2B_MSIL2A_20250313T105739_R094_T32VKL_20250313T163935,2025-03-13,0.01,55768,['2022-08-21']
39,59.044722,5.406389,S2B_MSIL2A_20250823T110619_R137_T32VKL_20250823T132721,2025-08-23,0.01,54912,['2022-08-21']
41,-13.732778,-76.225833,S2A_MSIL2A_20240911T151721_R125_T18LUK_20240911T213047,2024-09-11,0.0,36736,['2016-05-16']
41,-13.732778,-76.225833,S2A_MSIL2A_20220922T151711_R125_T18LUK_20220923T085020,2022-09-22,0.01,36432,['2016-05-16']
41,-13.732778,-76.225833,S2B_MSIL2A_20210922T151659_R125_T18LUK_20210923T063953,2021-09-22,0.43,36636,['2016-05-16']
41,-13.732778,-76.225833,S2B_MSIL2A_20210125T151709_R125_T18LUK_20210126T065336,2021-01-25,1.02,36244,['2016-05-16']
41,-13.732778,-76.225833,S2A_MSIL2A_20180516T151711_R125_T18LUK_20201012T103215,2018-05-16,1.38,36636,['2016-05-16']
42,-13.70963529,-76.22571286,S2B_MSIL2A_20240429T151719_R125_T18LUK_20240429T221945,2024-04-29,0.02,46172,['2016-05-16']
42,-13.70963529,-76.22571286,S2B_MSIL2A_20180411T151659_R125_T18LUK_20201012T210950,2018-04-11,0.08,45496,['2016-05-16']
42,-13.70963529,-76.22571286,S2A_MSIL2A_20190411T151711_R125_T18LUK_20201007T004843,2019-04-11,0.11,45320,['2016-05-16']
42,-13.70963529,-76.22571286,S2C_MSIL2A_20260315T151721_R125_T18LUK_20260316T151021,2026-03-15,0.21,45444,['2016-05-16']
42,-13.70963529,-76.22571286,S2A_MSIL2A_20220115T151711_R125_T18LUK_20220116T021843,2022-01-15,0.26,45652,['2016-05-16']
43,-13.75580176,-76.24962875,S2C_MSIL2A_20250129T151751_R125_T18LUK_20250129T183712,2025-01-29,0.0,66552,['2016-05-16']
43,-13.75580176,-76.24962875,S2B_MSIL2A_20171023T151649_R125_T18LUK_20201015T015236,2017-10-23,0.0,66564,['2016-05-16']
43,-13.75580176,-76.24962875,S2A_MSIL2A_20161122T151702_R125_T18LUK_20210414T195522,2016-11-22,0.0,66564,['2016-05-16']
43,-13.75580176,-76.24962875,S2B_MSIL2A_20210614T151709_R125_T18LUK_20210615T140007,2021-06-14,0.0,66564,['2016-05-16']
43,-13.75580176,-76.24962875,S2B_MSIL2A_20260320T151719_R125_T18LUK_20260320T203008,2026-03-20,0.0,66564,['2016-05-16']
48,65.5,22.0,S2B_MSIL2A_20240721T100559_R022_T34WET_20240721T132352,2024-07-21,0.0,46468,['2016-07-21']
48,65.5,22.0,S2A_MSIL2A_20250613T100701_R022_T34WET_20250613T122116,2025-06-13,0.0,46940,['2016-07-21']
48,65.5,22.0,S2A_MSIL2A_20230513T100551_R022_T34WET_20230513T172649,2023-05-13,0.0,45584,['2016-07-21']
48,65.5,22.0,S2A_MSIL2A_20200620T102031_R065_T34WET_20200823T101238,2020-06-20,0.0,46784,['2016-07-21']
48,65.5,22.0,S2B_MSIL2A_20181007T103019_R108_T34WET_20201009T091315,2018-10-07,0.0,48324,['2016-07-21']
49,65.50035468,21.94468423,S2A_MSIL2A_20240527T100601_R022_T34WET_20240527T171520,2024-05-27,0.0,40452,['2016-07-21']
49,65.50035468,21.94468423,S2A_MSIL2A_20210827T103021_R108_T34WET_20210827T195910,2021-08-27,0.0,40852,['2016-07-21']
49,65.50035468,21.94468423,S2B_MSIL2A_20220920T100649_R022_T34WET_20220920T232737,2022-09-20,0.0,41108,['2016-07-21']
49,65.50035468,21.94468423,S2A_MSIL2A_20161012T103022_R108_T34WET_20210213T095627,2016-10-12,0.01,41596,['2016-07-21']
49,65.50035468,21.94468423,S2B_MSIL2A_20231021T102959_R108_T34WET_20231021T141434,2023-10-21,0.29,41160,['2016-07-21']
50,65.47703465,21.99912226,S2B_MSIL2A_20200523T100559_R022_T34WET_20200910T174553,2020-05-23,0.0,50652,['2016-07-21']
50,65.47703465,21.99912226,S2C_MSIL2A_20250717T103051_R108_T34WET_20250717T155618,2025-07-17,0.0,49816,['2016-07-21']
50,65.47703465,21.99912226,S2A_MSIL2A_20221008T101931_R065_T34WET_20221008T222010,2022-10-08,0.0,49252,['2016-07-21']
50,65.47703465,21.99912226,S2A_MSIL2A_20201104T101211_R022_T34WET_20201106T131914,2020-11-04,0.03,52296,['2016-07-21']
50,65.47703465,21.99912226,S2B_MSIL2A_20231021T102959_R108_T34WET_20231021T141434,2023-10-21,0.44,50192,['2016-07-21']
51,65.49962515,22.05531406,S2A_MSIL2A_20180624T103021_R108_T34WET_20201012T014908,2018-06-24,0.0,50872,['2016-07-21']
51,65.49962515,22.05531406,S2B_MSIL2A_20170708T101029_R022_T34WET_20210210T061938,2017-07-08,0.0,50828,['2016-07-21']
51,65.49962515,22.05531406,S2A_MSIL2A_20210728T103031_R108_T34WET_20210728T225112,2021-07-28,0.01,50212,['2016-07-21']
51,65.49962515,22.05531406,S2A_MSIL2A_20200816T101031_R022_T34WET_20200818T140459,2020-08-16,0.01,50844,['2016-07-21']
51,65.49962515,22.05531406,S2B_MSIL2A_20231021T102959_R108_T34WET_20231021T141434,2023-10-21,0.23,48220,['2016-07-21']
52,-34.428056,19.186667,S2C_MSIL2A_20250827T081621_R121_T34HCG_20250827T143713,2025-08-27,0.0,42556,['2017-01-31']
52,-34.428056,19.186667,S2B_MSIL2A_20250203T082049_R121_T34HCG_20250203T103906,2025-02-03,0.02,41668,['2017-01-31']
52,-34.428056,19.186667,S2A_MSIL2A_20171018T082011_R121_T34HCG_20201015T003500,2017-10-18,0.62,41664,['2017-01-31']
52,-34.428056,19.186667,S2B_MSIL2A_20200430T081559_R121_T34HCG_20200922T181704,2020-04-30,0.88,42408,['2017-01-31']
52,-34.428056,19.186667,S2B_MSIL2A_20231221T082249_R121_T34HCG_20231222T042044,2023-12-21,0.99,41664,['2017-01-31']
53,-34.4276398,19.15881947,S2A_MSIL2A_20240125T082221_R121_T34HCG_20240125T131024,2024-01-25,0.0,51604,['2017-01-31']
53,-34.4276398,19.15881947,S2B_MSIL2A_20200430T081559_R121_T34HCG_20200922T181704,2020-04-30,0.21,54060,['2017-01-31']
53,-34.4276398,19.15881947,S2A_MSIL2A_20230301T081851_R121_T34HCG_20240824T124432,2023-03-01,0.31,53520,['2017-01-31']
53,-34.4276398,19.15881947,S2B_MSIL2A_20170903T081959_R121_T34HCG_20210201T175356,2017-09-03,0.32,52976,['2017-01-31']
53,-34.4276398,19.15881947,S2B_MSIL2A_20190615T081609_R121_T34HCG_20201006T023642,2019-06-15,0.38,52936,['2017-01-31']
54,-34.45071462,19.15831308,S2A_MSIL2A_20171018T082011_R121_T34HCG_20201015T003500,2017-10-18,0.0,66564,['2017-01-31']
54,-34.45071462,19.15831308,S2B_MSIL2A_20230515T081609_R121_T34HCG_20230515T145406,2023-05-15,0.0,65700,['2017-01-31']
54,-34.45071462,19.15831308,S2C_MSIL2A_20250728T081631_R121_T34HCG_20250728T143313,2025-07-28,0.0,66564,['2017-01-31']
54,-34.45071462,19.15831308,S2B_MSIL2A_20241225T082249_R121_T34HCG_20241225T121929,2024-12-25,0.0,66564,['2017-01-31']
54,-34.45071462,19.15831308,S2A_MSIL2A_20170809T081601_R121_T34HCG_20210210T215845,2017-08-09,0.0,66564,['2017-01-31']
55,-34.45113118,19.18616826,S2B_MSIL2A_20200321T081619_R121_T34HCG_20201014T104403,2020-03-21,0.0,66564,['2017-01-31']
55,-34.45113118,19.18616826,S2B_MSIL2A_20191122T082149_R121_T34HCG_20201003T190001,2019-11-22,0.0,66564,['2017-01-31']
55,-34.45113118,19.18616826,S2A_MSIL2A_20240125T082221_R121_T34HCG_20240125T131024,2024-01-25,0.0,66564,['2017-01-31']
55,-34.45113118,19.18616826,S2B_MSIL2A_20231002T081749_R121_T34HCG_20231002T174022,2023-10-02,0.0,66376,['2017-01-31']
55,-34.45113118,19.18616826,S2A_MSIL2A_20220515T081611_R121_T34HCG_20220517T172047,2022-05-15,0.0,66564,['2017-01-31']
56,-34.45154139,19.21402401,S2A_MSIL2A_20161013T082002_R121_T34HCG_20210213T101007,2016-10-13,0.0,66564,['2017-01-31']
56,-34.45154139,19.21402401,S2A_MSIL2A_20180516T081611_R121_T34HCG_20201012T102921,2018-05-16,0.0,66564,['2017-01-31']
56,-34.45154139,19.21402401,S2A_MSIL2A_20171018T082011_R121_T34HCG_20201015T003500,2017-10-18,0.0,66564,['2017-01-31']
56,-34.45154139,19.21402401,S2B_MSIL2A_20230405T081609_R121_T34HCG_20240830T043558,2023-04-05,0.0,66564,['2017-01-31']
56,-34.45154139,19.21402401,S2B_MSIL2A_20190705T081609_R121_T34HCG_20201005T094517,2019-07-05,0.0,66564,['2017-01-31']
57,-9.432319915,-78.40652572,S2B_MSIL2A_20181210T152629_R025_T17LQK_20201008T090346,2018-12-10,0.51,45688,['2017-02-03']
57,-9.432319915,-78.40652572,S2A_MSIL2A_20200428T152641_R025_T17LQK_20200922T104829,2020-04-28,0.86,46040,['2017-02-03']
57,-9.432319915,-78.40652572,S2B_MSIL2A_20230915T152639_R025_T17LQK_20240914T023428,2023-09-15,0.9,38104,['2017-02-03']
57,-9.432319915,-78.40652572,S2A_MSIL2A_20180119T152631_R025_T17LQK_20201014T065622,2018-01-19,1.01,45904,['2017-02-03']
57,-9.432319915,-78.40652572,S2A_MSIL2A_20170414T152641_R025_T17LQK_20210209T073601,2017-04-14,1.05,46044,['2017-02-03']
58,-9.478581865,-78.40617898,S2B_MSIL2A_20250226T152659_R025_T17LQK_20250226T190127,2025-02-26,0.13,55300,['2017-02-03']
58,-9.478581865,-78.40617898,S2A_MSIL2A_20240227T152651_R025_T17LQK_20240227T221319,2024-02-27,0.35,55180,['2017-02-03']
58,-9.478581865,-78.40617898,S2A_MSIL2A_20191230T152631_R025_T17LQK_20201003T111617,2019-12-30,0.39,55396,['2017-02-03']
58,-9.478581865,-78.40617898,S2A_MSIL2A_20231010T152641_R025_T17LQK_20231010T222117,2023-10-10,0.67,55148,['2017-02-03']
58,-9.478581865,-78.40617898,S2B_MSIL2A_20240611T152659_R025_T17LQK_20240611T204409,2024-06-11,3.34,54484,['2017-02-03']
62,28.5,-80.533333,S2B_MSIL2A_20210324T155819_R097_T17RNM_20210325T031201,2021-03-24,0.05,63012,['2017-07-15']
62,28.5,-80.533333,S2A_MSIL2A_20220410T160511_R054_T17RNM_20220411T175236,2022-04-10,0.13,63152,['2017-07-15']
62,28.5,-80.533333,S2B_MSIL2A_20200826T155829_R097_T17RNM_20200827T210834,2020-08-26,0.13,63000,['2017-07-15']
62,28.5,-80.533333,S2C_MSIL2A_20251220T160521_R054_T17RNM_20251220T191014,2025-12-20,0.15,63372,['2017-07-15']
62,28.5,-80.533333,S2B_MSIL2A_20180218T160309_R097_T17RNM_20201013T225424,2018-02-18,0.2,62960,['2017-07-15']
63,28.47689254,-80.5334346,S2B_MSIL2A_20231020T160209_R097_T17RNM_20231020T230200,2023-10-20,0.2,37952,['2017-07-15']
63,28.47689254,-80.5334346,S2B_MSIL2A_20170928T160459_R054_T17RNM_20210202T112310,2017-09-28,1.59,37052,['2017-07-15']
63,28.47689254,-80.5334346,S2B_MSIL2A_20211129T160619_R097_T17RNM_20211130T111509,2021-11-29,2.54,37284,['2017-07-15']
63,28.47689254,-80.5334346,S2B_MSIL2A_20190822T155829_R097_T17RNM_20201005T033928,2019-08-22,3.51,36536,['2017-07-15']
63,28.47689254,-80.5334346,S2A_MSIL2A_20190205T160511_R054_T17RNM_20201007T141136,2019-02-05,3.8,36832,['2017-07-15']
64,37.245278,-76.501944,S2A_MSIL2A_20230813T154941_R054_T18SUG_20230814T003922,2023-08-13,0.0,45440,['2017-07-30']
64,37.245278,-76.501944,S2B_MSIL2A_20240214T155249_R054_T18SUG_20240214T214149,2024-02-14,0.0,46164,['2017-07-30']
64,37.245278,-76.501944,S2B_MSIL2A_20250429T154819_R054_T18SUG_20250429T194937,2025-04-29,0.04,45280,['2017-07-30']
64,37.245278,-76.501944,S2A_MSIL2A_20180322T154921_R054_T18SUG_20201026T060016,2018-03-22,0.44,45840,['2017-07-30']
64,37.245278,-76.501944,S2A_MSIL2A_20180620T155011_R054_T18SUG_20201012T001911,2018-06-20,0.51,45116,['2017-07-30']
65,37.2679761,-76.53126551,S2A_MSIL2A_20170225T155221_R054_T18SUG_20210208T170838,2017-02-25,0.07,65596,['2017-07-30']
65,37.2679761,-76.53126551,S2A_MSIL2A_20200101T155641_R054_T18SUG_20201002T212935,2020-01-01,0.07,65672,['2017-07-30']
65,37.2679761,-76.53126551,S2B_MSIL2A_20190829T154819_R054_T18SUG_20201005T063550,2019-08-29,0.09,65532,['2017-07-30']
65,37.2679761,-76.53126551,S2B_MSIL2A_20210311T154949_R054_T18SUG_20210312T062428,2021-03-11,0.1,65568,['2017-07-30']
65,37.2679761,-76.53126551,S2A_MSIL2A_20181018T155241_R054_T18SUG_20201009T124705,2018-10-18,0.11,65524,['2017-07-30']
66,37.22257217,-76.47264007,S2B_MSIL2A_20231116T155529_R054_T18SUG_20241010T180337,2023-11-16,0.0,47972,['2017-07-30']
66,37.22257217,-76.47264007,S2B_MSIL2A_20250228T155109_R054_T18SUG_20250228T194612,2025-02-28,0.0,49972,['2017-07-30']
66,37.22257217,-76.47264007,S2A_MSIL2A_20240529T154941_R054_T18SUG_20240530T002227,2024-05-29,0.0,48788,['2017-07-30']
66,37.22257217,-76.47264007,S2A_MSIL2A_20240827T154931_R054_T18SUG_20240827T221452,2024-08-27,0.02,49032,['2017-07-30']
66,37.22257217,-76.47264007,S2B_MSIL2A_20260404T154939_R054_T18SUG_20260404T210801,2026-04-04,0.13,49220,['2017-07-30']
67,37.24564055,-76.47308892,S2A_MSIL2A_20250725T155711_R054_T18SUG_20250725T205016,2025-07-25,0.0,51932,['2017-07-30']
67,37.24564055,-76.47308892,S2A_MSIL2A_20210813T154911_R054_T18SUG_20210814T053153,2021-08-13,0.16,51972,['2017-07-30']
67,37.24564055,-76.47308892,S2A_MSIL2A_20210405T154901_R054_T18SUG_20210406T030354,2021-04-05,0.23,52084,['2017-07-30']
67,37.24564055,-76.47308892,S2A_MSIL2A_20160411T160132_R054_T18SUG_20210211T031436,2016-04-11,0.35,51872,['2017-07-30']
67,37.24564055,-76.47308892,S2A_MSIL2A_20190205T155431_R054_T18SUG_20201007T141106,2019-02-05,0.65,52216,['2017-07-30']
74,-34.80813461,-55.86630771,S2B_MSIL2A_20230115T133829_R124_T21HWB_20230116T021552,2023-01-15,0.0,63788,['2017-10-28']
74,-34.80813461,-55.86630771,S2B_MSIL2A_20200321T134209_R124_T21HXB_20201014T103650,2020-03-21,0.27,64620,['2017-10-28']
74,-34.80813461,-55.86630771,S2B_MSIL2A_20190406T134219_R124_T21HWB_20201006T230133,2019-04-06,0.38,64704,['2017-10-28']
74,-34.80813461,-55.86630771,S2A_MSIL2A_20191107T134211_R124_T21HXB_20201003T140048,2019-11-07,0.47,63704,['2017-10-28']
74,-34.80813461,-55.86630771,S2A_MSIL2A_20210331T134211_R124_T21HWB_20210401T122732,2021-03-31,0.49,64460,['2017-10-28']
75,-34.80787067,-55.83832427,S2B_MSIL2A_20200510T134209_R124_T21HWB_20200917T164556,2020-05-10,0.0,66564,['2017-10-28']
75,-34.80787067,-55.83832427,S2A_MSIL2A_20230808T133841_R124_T21HXB_20240912T085244,2023-08-08,0.0,66564,['2017-10-28']
75,-34.80787067,-55.83832427,S2A_MSIL2A_20210917T134031_R124_T21HXB_20210918T015552,2021-09-17,0.0,66564,['2017-10-28']
75,-34.80787067,-55.83832427,S2A_MSIL2A_20190101T134211_R124_T21HWB_20201007T215219,2019-01-01,0.0,66564,['2017-10-28']
75,-34.80787067,-55.83832427,S2B_MSIL2A_20250911T133829_R124_T21HWB_20250911T185329,2025-09-11,0.0,66564,['2017-10-28']
76,-34.80760029,-55.81034121,S2C_MSIL2A_20260114T133831_R124_T21HWB_20260114T163411,2026-01-14,0.0,58308,['2017-10-28']
76,-34.80760029,-55.81034121,S2A_MSIL2A_20230420T133831_R124_T21HWB_20230420T222444,2023-04-20,0.0,58308,['2017-10-28']
76,-34.80760029,-55.81034121,S2B_MSIL2A_20181008T134209_R124_T21HWB_20201009T094247,2018-10-08,0.0,58308,['2017-10-28']
76,-34.80760029,-55.81034121,S2B_MSIL2A_20220719T133839_R124_T21HXB_20220720T020725,2022-07-19,0.0,66316,['2017-10-28']
76,-34.80760029,-55.81034121,S2B_MSIL2A_20180710T134209_R124_T21HXB_20201011T141822,2018-07-10,0.0,66564,['2017-10-28']
77,-34.78451985,-55.81067273,S2B_MSIL2A_20220301T134209_R124_T21HWB_20220303T191846,2022-03-01,0.0,45568,['2017-10-28']
77,-34.78451985,-55.81067273,S2B_MSIL2A_20240310T133829_R124_T21HXB_20240310T201039,2024-03-10,0.21,53140,['2017-10-28']
77,-34.78451985,-55.81067273,S2B_MSIL2A_20240827T133839_R124_T21HXB_20240827T173321,2024-08-27,0.7,52748,['2017-10-28']
77,-34.78451985,-55.81067273,S2A_MSIL2A_20160426T135212_R124_T21HWB_20210211T063323,2016-04-26,0.87,45864,['2017-10-28']
77,-34.78451985,-55.81067273,S2C_MSIL2A_20260325T134211_R124_T21HWB_20260325T193812,2026-03-25,1.43,44924,['2017-10-28']
78,-6.951764192,-79.86966676,S2A_MSIL2A_20170107T153601_R068_T17MPN_20210530T015936,2017-01-07,0.54,53956,['2018-01-27']
78,-6.951764192,-79.86966676,S2B_MSIL2A_20200117T153619_R068_T17MPN_20201002T200234,2020-01-17,0.61,55308,['2018-01-27']
78,-6.951764192,-79.86966676,S2A_MSIL2A_20230715T153621_R068_T17MPN_20240817T112439,2023-07-15,0.67,54204,['2018-01-27']
78,-6.951764192,-79.86966676,S2B_MSIL2A_20251226T153629_R068_T17MPN_20251226T204954,2025-12-26,0.74,55728,['2018-01-27']
78,-6.951764192,-79.86966676,S2A_MSIL2A_20241007T153621_R068_T17MPN_20241007T205805,2024-10-07,1.28,54892,['2018-01-27']
86,41.55,2.483333,S2B_MSIL2A_20220611T103629_R008_T31TDG_20220612T075707,2022-06-11,0.0,33288,['2018-08-11']
86,41.55,2.483333,S2B_MSIL2A_20230626T103629_R008_T31TDG_20230626T142542,2023-06-26,0.04,33180,['2018-08-11']
86,41.55,2.483333,S2C_MSIL2A_20251127T104411_R008_T31TDG_20251127T142816,2025-11-27,0.09,33272,['2018-08-11']
86,41.55,2.483333,S2A_MSIL2A_20170413T104021_R008_T31TDG_20210209T071825,2017-04-13,1.34,33356,['2018-08-11']
86,41.55,2.483333,S2A_MSIL2A_20170712T104021_R008_T31TDG_20210210T074723,2017-07-12,2.5,33204,['2018-08-11']
90,13.201944,-88.443333,S2C_MSIL2A_20250301T161231_R140_T16PCV_20250301T193008,2025-03-01,0.0,46616,['2019-02-21']
90,13.201944,-88.443333,S2C_MSIL2A_20250907T160921_R140_T16PCV_20250907T210118,2025-09-07,0.0,46664,['2019-02-21']
90,13.201944,-88.443333,S2B_MSIL2A_20230406T160829_R140_T16PCV_20240903T111057,2023-04-06,0.0,46824,['2019-02-21']
90,13.201944,-88.443333,S2A_MSIL2A_20191228T161651_R140_T16PCV_20201003T103239,2019-12-28,0.04,46632,['2019-02-21']
90,13.201944,-88.443333,S2A_MSIL2A_20210302T161201_R140_T16PCV_20210303T083436,2021-03-02,0.07,46700,['2019-02-21']
91,13.20180974,-88.46695181,S2A_MSIL2A_20170303T161341_R140_T16PCV_20210208T191902,2017-03-03,0.0,59824,['2019-02-21']
91,13.20180974,-88.46695181,S2A_MSIL2A_20180417T160901_R140_T16PCV_20201012T232034,2018-04-17,0.0,59756,['2019-02-21']
91,13.20180974,-88.46695181,S2A_MSIL2A_20230620T160901_R140_T16PCV_20230621T022919,2023-06-20,0.0,59684,['2019-02-21']
91,13.20180974,-88.46695181,S2B_MSIL2A_20241216T161609_R140_T16PCV_20241216T200744,2024-12-16,0.0,59476,['2019-02-21']
91,13.20180974,-88.46695181,S2A_MSIL2A_20210630T160901_R140_T16PCV_20210701T103408,2021-06-30,0.0,59740,['2019-02-21']
92,13.17866836,-88.4668138,S2B_MSIL2A_20240828T160829_R140_T16PCV_20240828T203232,2024-08-28,0.04,38048,['2019-02-21']
92,13.17866836,-88.4668138,S2B_MSIL2A_20230923T160909_R140_T16PCV_20240826T142619,2023-09-23,0.05,32032,['2019-02-21']
92,13.17866836,-88.4668138,S2A_MSIL2A_20220327T160901_R140_T16PCV_20220328T083443,2022-03-27,0.64,38080,['2019-02-21']
92,13.17866836,-88.4668138,S2B_MSIL2A_20220121T161559_R140_T16PCV_20220122T123727,2022-01-21,1.3,37664,['2019-02-21']
92,13.17866836,-88.4668138,S2A_MSIL2A_20210531T160901_R140_T16PCV_20210601T091010,2021-05-31,1.93,36536,['2019-02-21']
93,13.17880237,-88.44319722,S2B_MSIL2A_20240729T160829_R140_T16PCV_20240729T203026,2024-07-29,0.29,41904,['2019-02-21']
93,13.17880237,-88.44319722,S2B_MSIL2A_20180112T161629_R140_T16PCV_20201014T051741,2018-01-12,0.38,40300,['2019-02-21']
93,13.17880237,-88.44319722,S2A_MSIL2A_20200216T161331_R140_T16PCV_20200929T103216,2020-02-16,0.54,40572,['2019-02-21']
93,13.17880237,-88.44319722,S2A_MSIL2A_20230620T160901_R140_T16PCV_20230621T022919,2023-06-20,0.57,41480,['2019-02-21']
93,13.17880237,-88.44319722,S2B_MSIL2A_20180711T160829_R140_T16PCV_20201011T144352,2018-07-11,0.75,40132,['2019-02-21']
94,-5.6,-80.951389,S2B_MSIL2A_20231210T155219_R111_T17MNP_20240903T052958,2023-12-10,0.0,48296,['2019-03-11']
94,-5.6,-80.951389,S2A_MSIL2A_20170420T155221_R111_T17MMP_20210209T091704,2017-04-20,0.0,66564,['2019-03-11']
94,-5.6,-80.951389,S2B_MSIL2A_20220708T155229_R111_T17MNP_20220709T002102,2022-07-08,0.0,66564,['2019-03-11']
94,-5.6,-80.951389,S2C_MSIL2A_20260212T155221_R111_T17MMP_20260212T180809,2026-02-12,0.0,66564,['2019-03-11']
94,-5.6,-80.951389,S2A_MSIL2A_20170219T155221_R111_T17MMP_20210208T144421,2017-02-19,0.0,66564,['2019-03-11']
95,-5.576841091,-80.95139091,S2A_MSIL2A_20160515T155232_R111_T17MMP_20210528T214743,2016-05-15,0.0,65420,['2019-03-11']
95,-5.576841091,-80.95139091,S2A_MSIL2A_20170219T155221_R111_T17MMP_20210208T144421,2017-02-19,0.0,66564,['2019-03-11']
95,-5.576841091,-80.95139091,S2A_MSIL2A_20200514T155231_R111_T17MMP_20200918T041023,2020-05-14,0.0,66564,['2019-03-11']
95,-5.576841091,-80.95139091,S2B_MSIL2A_20171201T155209_R111_T17MMP_20201014T113804,2017-12-01,0.0,66564,['2019-03-11']
95,-5.576841091,-80.95139091,S2B_MSIL2A_20210203T155219_R111_T17MMP_20210206T203621,2021-02-03,0.0,66564,['2019-03-11']
98,40.13531194,-8.884217046,S2B_MSIL2A_20250329T112119_R037_T29TNE_20250329T140115,2025-03-29,0.06,65920,['2019-07-22']
98,40.13531194,-8.884217046,S2B_MSIL2A_20190321T112119_R037_T29TNE_20201007T090650,2019-03-21,0.1,65956,['2019-07-22']
98,40.13531194,-8.884217046,S2B_MSIL2A_20190503T113329_R080_T29TNE_20201006T093846,2019-05-03,0.12,65972,['2019-07-22']
98,40.13531194,-8.884217046,S2B_MSIL2A_20250617T112109_R037_T29TNE_20250617T133829,2025-06-17,0.35,65764,['2019-07-22']
98,40.13531194,-8.884217046,S2A_MSIL2A_20161116T112332_R037_T29TNE_20210414T115012,2016-11-16,0.4,66036,['2019-07-22']
99,40.11224739,-8.884256166,S2B_MSIL2A_20231218T113409_R080_T29TNE_20231220T095511,2023-12-18,0.0,64396,['2019-07-22']
99,40.11224739,-8.884256166,S2A_MSIL2A_20251121T112421_R037_T29TNE_20251121T151713,2025-11-21,0.0,64776,['2019-07-22']
99,40.11224739,-8.884256166,S2A_MSIL2A_20151222T112502_R037_T29TNE_20210526T145102,2015-12-22,0.18,64120,['2019-07-22']
99,40.11224739,-8.884256166,S2A_MSIL2A_20230713T112121_R037_T29TNE_20230713T201357,2023-07-13,0.3,65000,['2019-07-22']
99,40.11224739,-8.884256166,S2C_MSIL2A_20250423T112141_R037_T29TNE_20250423T165012,2025-04-23,0.4,64924,['2019-07-22']
100,52.08266051,4.22283418,S2B_MSIL2A_20230609T104629_R051_T31UET_20241003T011547,2023-06-09,0.02,52716,['2020-05-05']
100,52.08266051,4.22283418,S2A_MSIL2A_20230415T104621_R051_T31UET_20230415T190632,2023-04-15,0.05,53212,['2020-05-05']
100,52.08266051,4.22283418,S2B_MSIL2A_20190511T105039_R051_T31UET_20201006T125628,2019-05-11,0.87,52456,['2020-05-05']
100,52.08266051,4.22283418,S2A_MSIL2A_20210823T105031_R051_T31UET_20210824T005953,2021-08-23,0.89,52256,['2020-05-05']
100,52.08266051,4.22283418,S2B_MSIL2A_20200326T104639_R051_T31UET_20201027T110608,2020-03-26,3.37,51344,['2020-05-05']
113,-34.97434999,-54.91218732,S2B_MSIL2A_20180806T133219_R081_T21HXB_20201010T220738,2018-08-06,0.0,66564,['2021-05-30']
113,-34.97434999,-54.91218732,S2B_MSIL2A_20181224T133219_R081_T21HXB_20201031T001719,2018-12-24,0.0,66564,['2021-05-30']
113,-34.97434999,-54.91218732,S2B_MSIL2A_20221007T133829_R124_T21HXB_20240721T020029,2022-10-07,0.0,66564,['2021-05-30']
113,-34.97434999,-54.91218732,S2B_MSIL2A_20240307T133139_R081_T21HXB_20240307T201548,2024-03-07,0.0,66564,['2021-05-30']
113,-34.97434999,-54.91218732,S2A_MSIL2A_20190501T134211_R124_T21HXB_20201006T083750,2019-05-01,0.0,66564,['2021-05-30']
119,13.66896094,-89.97584165,S2A_MSIL2A_20231110T162511_R040_T15PZR_20241018T052744,2023-11-10,0.0,51708,['2022-02-23']
119,13.66896094,-89.97584165,S2B_MSIL2A_20171126T162609_R040_T15PZR_20201014T222308,2017-11-26,0.03,53948,['2022-02-23']
119,13.66896094,-89.97584165,S2A_MSIL2A_20191121T162601_R040_T15PZR_20201003T183540,2019-11-21,0.22,53028,['2022-02-23']
119,13.66896094,-89.97584165,S2A_MSIL2A_20230124T162551_R040_T15PZR_20240811T222900,2023-01-24,0.49,53704,['2022-02-23']
119,13.66896094,-89.97584165,S2A_MSIL2A_20180331T161901_R040_T15PZR_20201013T170722,2018-03-31,0.56,53360,['2022-02-23']
120,13.64526455,-89.92886405,S2A_MSIL2A_20210203T162501_R040_T15PZR_20210209T192606,2021-02-03,0.1,53928,['2022-02-23']
120,13.64526455,-89.92886405,S2A_MSIL2A_20190813T161901_R040_T15PZR_20201004T235113,2019-08-13,0.49,52452,['2022-02-23']
120,13.64526455,-89.92886405,S2A_MSIL2A_20240329T161851_R040_T15PZR_20240330T095943,2024-03-29,0.56,53724,['2022-02-23']
120,13.64526455,-89.92886405,S2A_MSIL2A_20190505T161901_R040_T15PZR_20201006T101853,2019-05-05,0.65,53424,['2022-02-23']
120,13.64526455,-89.92886405,S2B_MSIL2A_20210728T161829_R040_T15PZR_20210729T040829,2021-07-28,0.7,52296,['2022-02-23']
121,-34.415,-58.2744,S2C_MSIL2A_20260206T134701_R024_T21HUB_20260206T170915,2026-02-06,0.0,66564,"['2022-05-18', '2022-12-09']"
121,-34.415,-58.2744,S2B_MSIL2A_20200104T135109_R024_T21HUB_20201002T225827,2020-01-04,0.0,66564,"['2022-05-18', '2022-12-09']"
121,-34.415,-58.2744,S2A_MSIL2A_20211219T135111_R024_T21HUC_20211219T224028,2021-12-19,0.0,55212,"['2022-05-18', '2022-12-09']"
121,-34.415,-58.2744,S2A_MSIL2A_20160817T140122_R024_T21HUC_20210212T151727,2016-08-17,0.0,55212,"['2022-05-18', '2022-12-09']"
121,-34.415,-58.2744,S2C_MSIL2A_20251009T134721_R024_T21HUC_20251009T201221,2025-10-09,0.0,55212,"['2022-05-18', '2022-12-09']"
122,-34.39191881,-58.27405003,S2B_MSIL2A_20210309T135109_R024_T21HUB_20210310T052130,2021-03-09,0.0,66564,"['2022-05-18', '2022-12-09']"
122,-34.39191881,-58.27405003,S2A_MSIL2A_20241203T134701_R024_T21HUB_20241203T183351,2024-12-03,0.0,66564,"['2022-05-18', '2022-12-09']"
122,-34.39191881,-58.27405003,S2B_MSIL2A_20251203T134659_R024_T21HUB_20251203T171328,2025-12-03,0.0,66564,"['2022-05-18', '2022-12-09']"
122,-34.39191881,-58.27405003,S2B_MSIL2A_20171215T135059_R024_T21HUC_20201014T142040,2017-12-15,0.0,66564,"['2022-05-18', '2022-12-09']"
122,-34.39191881,-58.27405003,S2B_MSIL2A_20190608T135119_R024_T21HUC_20201005T234738,2019-06-08,0.0,66564,"['2022-05-18', '2022-12-09']"
123,-34.39162569,-58.30189275,S2C_MSIL2A_20250221T134731_R024_T21HUB_20250221T204355,2025-02-21,0.0,66564,"['2022-05-18', '2022-12-09']"
123,-34.39162569,-58.30189275,S2B_MSIL2A_20210309T135109_R024_T21HUB_20210310T052130,2021-03-09,0.0,66564,"['2022-05-18', '2022-12-09']"
123,-34.39162569,-58.30189275,S2A_MSIL2A_20161215T135112_R024_T21HUC_20210213T211613,2016-12-15,0.0,66564,"['2022-05-18', '2022-12-09']"
123,-34.39162569,-58.30189275,S2B_MSIL2A_20211114T135109_R024_T21HUB_20211114T224328,2021-11-14,0.0,66564,"['2022-05-18', '2022-12-09']"
123,-34.39162569,-58.30189275,S2B_MSIL2A_20230227T134709_R024_T21HUB_20240819T092556,2023-02-27,0.0,66564,"['2022-05-18', '2022-12-09']"
124,-34.41470663,-58.30225037,S2B_MSIL2A_20230528T134709_R024_T21HUB_20230528T204644,2023-05-28,0.0,66564,"['2022-05-18', '2022-12-09']"
124,-34.41470663,-58.30225037,S2A_MSIL2A_20231109T134701_R024_T21HUB_20241112T021138,2023-11-09,0.0,66564,"['2022-05-18', '2022-12-09']"
124,-34.41470663,-58.30225037,S2B_MSIL2A_20240123T134659_R024_T21HUB_20240123T191438,2024-01-23,0.0,66564,"['2022-05-18', '2022-12-09']"
124,-34.41470663,-58.30225037,S2B_MSIL2A_20210428T135109_R024_T21HUC_20210428T222245,2021-04-28,0.0,55212,"['2022-05-18', '2022-12-09']"
124,-34.41470663,-58.30225037,S2B_MSIL2A_20221010T134709_R024_T21HUC_20221010T231505,2022-10-10,0.0,55212,"['2022-05-18', '2022-12-09']"
125,-34.43778747,-58.30260839,S2A_MSIL2A_20220128T135111_R024_T21HUB_20220213T081734,2022-01-28,0.0,66564,"['2022-05-18', '2022-12-09']"
125,-34.43778747,-58.30260839,S2B_MSIL2A_20230408T134709_R024_T21HUB_20230408T204204,2023-04-08,0.0,66564,"['2022-05-18', '2022-12-09']"
125,-34.43778747,-58.30260839,S2A_MSIL2A_20250112T134701_R024_T21HUB_20250112T183356,2025-01-12,0.0,66564,"['2022-05-18', '2022-12-09']"
125,-34.43778747,-58.30260839,S2A_MSIL2A_20230123T134701_R024_T21HUB_20240807T015519,2023-01-23,0.0,66564,"['2022-05-18', '2022-12-09']"
125,-34.43778747,-58.30260839,S2A_MSIL2A_20190703T135121_R024_T21HUB_20201005T083847,2019-07-03,0.0,66564,"['2022-05-18', '2022-12-09']"
126,-34.4380811,-58.27475037,S2A_MSIL2A_20180218T135111_R024_T21HUB_20201013T224039,2018-02-18,0.0,66564,"['2022-05-18', '2022-12-09']"
126,-34.4380811,-58.27475037,S2A_MSIL2A_20230123T134701_R024_T21HUB_20240807T015519,2023-01-23,0.0,66564,"['2022-05-18', '2022-12-09']"
126,-34.4380811,-58.27475037,S2B_MSIL2A_20190409T135119_R024_T21HUB_20201007T001245,2019-04-09,0.0,66564,"['2022-05-18', '2022-12-09']"
126,-34.4380811,-58.27475037,S2B_MSIL2A_20181210T135109_R024_T21HUB_20201008T090312,2018-12-10,0.0,66564,"['2022-05-18', '2022-12-09']"
126,-34.4380811,-58.27475037,S2A_MSIL2A_20240108T134701_R024_T21HUB_20240108T192000,2024-01-08,0.0,66564,"['2022-05-18', '2022-12-09']"
127,-34.43836838,-58.24689195,S2A_MSIL2A_20241113T134701_R024_T21HUB_20241113T183442,2024-11-13,0.0,66564,"['2022-05-18', '2022-12-09']"
127,-34.43836838,-58.24689195,S2B_MSIL2A_20220910T134709_R024_T21HUB_20240719T062456,2022-09-10,0.0,66564,"['2022-05-18', '2022-12-09']"
127,-34.43836838,-58.24689195,S2B_MSIL2A_20210717T135119_R024_T21HUB_20210718T003952,2021-07-17,0.0,66564,"['2022-05-18', '2022-12-09']"
127,-34.43836838,-58.24689195,S2B_MSIL2A_20190129T135109_R024_T21HUB_20201008T054552,2019-01-29,0.0,66564,"['2022-05-18', '2022-12-09']"
127,-34.43836838,-58.24689195,S2A_MSIL2A_20240108T134701_R024_T21HUB_20240108T192000,2024-01-08,0.0,66564,"['2022-05-18', '2022-12-09']"
128,-34.41528703,-58.24654923,S2A_MSIL2A_20200717T135121_R024_T21HUB_20200816T112615,2020-07-17,0.0,66564,"['2022-05-18', '2022-12-09']"
128,-34.41528703,-58.24654923,S2A_MSIL2A_20230811T134711_R024_T21HUC_20240913T104354,2023-08-11,0.0,55212,"['2022-05-18', '2022-12-09']"
128,-34.41528703,-58.24654923,S2A_MSIL2A_20180906T135111_R024_T21HUC_20201011T091505,2018-09-06,0.0,55212,"['2022-05-18', '2022-12-09']"
128,-34.41528703,-58.24654923,S2A_MSIL2A_20160817T140122_R024_T21HUC_20210212T151727,2016-08-17,0.0,55212,"['2022-05-18', '2022-12-09']"
128,-34.41528703,-58.24654923,S2A_MSIL2A_20210113T135111_R024_T21HUC_20210115T042136,2021-01-13,0.0,55212,"['2022-05-18', '2022-12-09']"
129,-34.3922056,-58.24620691,S2B_MSIL2A_20231124T134659_R024_T21HUC_20241029T085303,2023-11-24,0.0,66564,"['2022-05-18', '2022-12-09']"
129,-34.3922056,-58.24620691,S2C_MSIL2A_20250711T135141_R024_T21HUC_20250711T175217,2025-07-11,0.0,66564,"['2022-05-18', '2022-12-09']"
129,-34.3922056,-58.24620691,S2A_MSIL2A_20230222T134701_R024_T21HUB_20230226T153747,2023-02-22,0.0,66564,"['2022-05-18', '2022-12-09']"
129,-34.3922056,-58.24620691,S2A_MSIL2A_20211119T135111_R024_T21HUC_20211120T054209,2021-11-19,0.0,66564,"['2022-05-18', '2022-12-09']"
129,-34.3922056,-58.24620691,S2A_MSIL2A_20160817T140122_R024_T21HUC_20210212T151727,2016-08-17,0.0,66564,"['2022-05-18', '2022-12-09']"
132,-34.951759,-54.940792,S2B_MSIL2A_20240725T133149_R081_T21HXB_20240725T185341,2024-07-25,0.0,34092,"['2020-05-02', '2022-05-20']"
132,-34.951759,-54.940792,S2A_MSIL2A_20230410T133841_R124_T21HXB_20230411T000322,2023-04-10,0.0,33624,"['2020-05-02', '2022-05-20']"
132,-34.951759,-54.940792,S2B_MSIL2A_20170920T133209_R081_T21HXB_20210202T070351,2017-09-20,0.71,33720,"['2020-05-02', '2022-05-20']"
132,-34.951759,-54.940792,S2B_MSIL2A_20180108T133219_R081_T21HXB_20201014T041628,2018-01-08,1.69,32736,"['2020-05-02', '2022-05-20']"
132,-34.951759,-54.940792,S2B_MSIL2A_20180620T134209_R124_T21HXB_20201012T002842,2018-06-20,2.01,34084,"['2020-05-02', '2022-05-20']"
142,45.529167,13.595556,S2B_MSIL2A_20251110T100139_R122_T33TUL_20251110T123825,2025-11-10,0.0,34184,['2016-09-13']
142,45.529167,13.595556,S2C_MSIL2A_20250303T100951_R022_T33TUL_20250303T155811,2025-03-03,0.0,34360,['2016-09-13']
142,45.529167,13.595556,S2A_MSIL2A_20220922T100031_R122_T33TUL_20240725T151050,2022-09-22,0.0,34056,['2016-09-13']
142,45.529167,13.595556,S2B_MSIL2A_20210326T100029_R122_T33TUL_20210327T022916,2021-03-26,0.63,33852,['2016-09-13']
142,45.529167,13.595556,S2A_MSIL2A_20190401T100031_R122_T33TUL_20201006T205357,2019-04-01,0.74,33484,['2016-09-13']
169,58.40145164,8.75710228,S2A_MSIL2A_20180421T105031_R051_T32VMK_20201013T004815,2018-04-21,0.0,63576,['2025-04-06']
169,58.40145164,8.75710228,S2A_MSIL2A_20170506T105031_R051_T32VMK_20210209T132950,2017-05-06,0.0,63560,['2025-04-06']
169,58.40145164,8.75710228,S2B_MSIL2A_20250519T104619_R051_T32VMK_20250519T131031,2025-05-19,0.0,63496,['2025-04-06']
169,58.40145164,8.75710228,S2A_MSIL2A_20230922T104741_R051_T32VMK_20241027T084641,2023-09-22,0.01,63856,['2025-04-06']
169,58.40145164,8.75710228,S2A_MSIL2A_20210211T104151_R008_T32VMK_20210212T053557,2021-02-11,0.07,63140,['2025-04-06']
170,58.4245196,8.800773224,S2B_MSIL2A_20250725T103629_R008_T32VMK_20250725T130225,2025-07-25,0.0,58636,['2025-04-06']
170,58.4245196,8.800773224,S2B_MSIL2A_20190418T104029_R008_T32VMK_20201007T034404,2019-04-18,0.02,58704,['2025-04-06']
170,58.4245196,8.800773224,S2B_MSIL2A_20210609T104619_R051_T32VMK_20210610T210456,2021-06-09,0.02,58496,['2025-04-06']
170,58.4245196,8.800773224,S2A_MSIL2A_20180918T105021_R051_T32VMK_20201009T022042,2018-09-18,0.04,59216,['2025-04-06']
170,58.4245196,8.800773224,S2B_MSIL2A_20190627T104029_R008_T32VMK_20201006T071004,2019-06-27,0.23,58568,['2025-04-06']
171,37.04192354,15.27991523,S2A_MSIL2A_20220323T095031_R079_T33SWB_20220323T234309,2022-03-23,0.0,38648,['2017-05-08']
171,37.04192354,15.27991523,S2A_MSIL2A_20240319T094031_R036_T33SWB_20240319T140942,2024-03-19,0.01,39008,['2017-05-08']
171,37.04192354,15.27991523,S2A_MSIL2A_20240908T095031_R079_T33SWB_20240908T133147,2024-09-08,0.01,37868,['2017-05-08']
171,37.04192354,15.27991523,S2B_MSIL2A_20210708T094029_R036_T33SWB_20210709T055058,2021-07-08,0.72,37612,['2017-05-08']
171,37.04192354,15.27991523,S2B_MSIL2A_20200822T094039_R036_T33SWB_20200825T135212,2020-08-22,0.79,38336,['2017-05-08']
178,40.269,17.712,S2B_MSIL2A_20210228T094029_R036_T34TBK_20210228T221357,2021-02-28,0.0,66564,['2018-07-29']
178,40.269,17.712,S2B_MSIL2A_20231105T094109_R036_T33TYE_20231105T122126,2023-11-05,0.0,66564,['2018-07-29']
178,40.269,17.712,S2B_MSIL2A_20200524T094029_R036_T34TBK_20200910T202207,2020-05-24,0.0,66564,['2018-07-29']
178,40.269,17.712,S2A_MSIL2A_20160430T094032_R036_T33TYE_20210211T072616,2016-04-30,0.0,66564,['2018-07-29']
178,40.269,17.712,S2C_MSIL2A_20251229T094421_R036_T34TBK_20251229T134611,2025-12-29,0.56,66196,['2018-07-29']
179,40.29202591,17.71088312,S2A_MSIL2A_20240717T094031_R036_T34TBK_20240717T200300,2024-07-17,0.0,61008,['2018-07-29']
179,40.29202591,17.71088312,S2A_MSIL2A_20221205T094401_R036_T34TBK_20221205T235059,2022-12-05,0.0,61332,['2018-07-29']
179,40.29202591,17.71088312,S2A_MSIL2A_20220218T094041_R036_T33TYE_20220225T003742,2022-02-18,0.0,61324,['2018-07-29']
179,40.29202591,17.71088312,S2B_MSIL2A_20200524T094029_R036_T34TBK_20200910T202207,2020-05-24,0.01,61088,['2018-07-29']
179,40.29202591,17.71088312,S2B_MSIL2A_20180604T094029_R036_T34TBK_20201026T153604,2018-06-04,0.01,61048,['2018-07-29']
180,40.29287775,17.74095346,S2A_MSIL2A_20220218T094041_R036_T33TYE_20220225T003742,2022-02-18,0.0,48524,['2018-07-29']
180,40.29287775,17.74095346,S2B_MSIL2A_20250607T094029_R036_T33TYE_20250607T115259,2025-06-07,0.0,47224,['2018-07-29']
180,40.29287775,17.74095346,S2A_MSIL2A_20230911T094041_R036_T34TBK_20241024T160641,2023-09-11,0.0,47644,['2018-07-29']
180,40.29287775,17.74095346,S2A_MSIL2A_20250902T094041_R036_T33TYE_20250902T115915,2025-09-02,0.01,47180,['2018-07-29']
180,40.29287775,17.74095346,S2B_MSIL2A_20210708T094029_R036_T34TBK_20210709T044017,2021-07-08,0.15,47212,['2018-07-29']
184,45.75,13.65,S2A_MSIL2A_20230811T101031_R022_T33TUL_20241015T092320,2023-08-11,0.0,42472,"['2015-08-13', '2016-09-23']"
184,45.75,13.65,S2B_MSIL2A_20220702T100559_R022_T33TUL_20240701T053734,2022-07-02,0.0,42568,"['2015-08-13', '2016-09-23']"
184,45.75,13.65,S2B_MSIL2A_20250812T100029_R122_T33TUL_20250812T135806,2025-08-12,0.01,42568,"['2015-08-13', '2016-09-23']"
184,45.75,13.65,S2B_MSIL2A_20220520T100029_R122_T33TUL_20220521T195746,2022-05-20,0.02,42560,"['2015-08-13', '2016-09-23']"
184,45.75,13.65,S2A_MSIL2A_20250610T100041_R122_T33TUL_20250610T135209,2025-06-10,0.02,42536,"['2015-08-13', '2016-09-23']"
185,45.72734827,13.68344598,S2C_MSIL2A_20250807T100041_R122_T33TUL_20250807T122013,2025-08-07,0.0,44232,"['2015-08-13', '2016-09-23']"
185,45.72734827,13.68344598,S2B_MSIL2A_20220702T100559_R022_T33TUL_20240701T053734,2022-07-02,0.0,44288,"['2015-08-13', '2016-09-23']"
185,45.72734827,13.68344598,S2A_MSIL2A_20170312T100021_R122_T33TUL_20210208T215016,2017-03-12,0.0,44456,"['2015-08-13', '2016-09-23']"
185,45.72734827,13.68344598,S2B_MSIL2A_20240731T100559_R022_T33TUL_20240731T125141,2024-07-31,0.01,44200,"['2015-08-13', '2016-09-23']"
185,45.72734827,13.68344598,S2A_MSIL2A_20160807T101032_R022_T33TUL_20210212T115945,2016-08-07,0.01,44188,"['2015-08-13', '2016-09-23']"
188,40.79978561,14.16965528,S2A_MSIL2A_20220912T095611_R122_T33TVF_20240731T073603,2022-09-12,0.0,42920,['2017-07-10']
188,40.79978561,14.16965528,S2B_MSIL2A_20251011T100029_R122_T33TVF_20251011T135640,2025-10-11,0.07,43300,['2017-07-10']
188,40.79978561,14.16965528,S2B_MSIL2A_20190516T100039_R122_T33TVF_20201109T143801,2019-05-16,0.45,42416,['2017-07-10']
188,40.79978561,14.16965528,S2B_MSIL2A_20180421T100029_R122_T33TVF_20201013T010011,2018-04-21,0.6,43016,['2017-07-10']
188,40.79978561,14.16965528,S2A_MSIL2A_20170408T095031_R079_T33TVF_20210209T055102,2017-04-08,0.79,43520,['2017-07-10']
189,40.7767261,14.16994248,S2B_MSIL2A_20181227T100419_R122_T33TVF_20201008T133224,2018-12-27,0.0,66564,['2017-07-10']
189,40.7767261,14.16994248,S2A_MSIL2A_20191204T095401_R079_T33TVF_20201003T003213,2019-12-04,0.0,66564,['2017-07-10']
189,40.7767261,14.16994248,S2B_MSIL2A_20220209T100049_R122_T33TVF_20220220T211430,2022-02-09,0.0,65232,['2017-07-10']
189,40.7767261,14.16994248,S2A_MSIL2A_20191008T100031_R122_T33TVF_20201003T235601,2019-10-08,0.0,66564,['2017-07-10']
189,40.7767261,14.16994248,S2A_MSIL2A_20160930T095022_R079_T33TVF_20210213T060602,2016-09-30,0.0,66564,['2017-07-10']
190,40.77694031,14.20027671,S2A_MSIL2A_20160903T100032_R122_T33TVF_20210212T210243,2016-09-03,0.0,66564,['2017-07-10']
190,40.77694031,14.20027671,S2A_MSIL2A_20170101T100412_R122_T33TVF_20210529T113045,2017-01-01,0.0,66564,['2017-07-10']
190,40.77694031,14.20027671,S2B_MSIL2A_20250918T095029_R079_T33TVF_20250918T123107,2025-09-18,0.0,66564,['2017-07-10']
190,40.77694031,14.20027671,S2A_MSIL2A_20240214T100121_R122_T33TVF_20240214T133932,2024-02-14,0.0,66560,['2017-07-10']
190,40.77694031,14.20027671,S2B_MSIL2A_20180118T095329_R079_T33TVF_20201014T064558,2018-01-18,0.0,66564,['2017-07-10']
191,40.82326617,14.23007852,S2A_MSIL2A_20240812T100031_R122_T33TVF_20240812T155951,2024-08-12,0.0,48108,['2017-07-10']
191,40.82326617,14.23007852,S2B_MSIL2A_20250124T100219_R122_T33TVF_20250124T140013,2025-01-24,0.02,48520,['2017-07-10']
191,40.82326617,14.23007852,S2A_MSIL2A_20220803T100041_R122_T33TVF_20220804T022705,2022-08-03,0.04,47824,['2017-07-10']
191,40.82326617,14.23007852,S2A_MSIL2A_20250501T100041_R122_T33TVF_20250501T165013,2025-05-01,0.04,48012,['2017-07-10']
191,40.82326617,14.23007852,S2B_MSIL2A_20210221T095029_R079_T33TVF_20210221T194811,2021-02-21,0.3,48652,['2017-07-10']
192,44.01,10.08,S2B_MSIL2A_20230707T100559_R022_T32TNP_20240929T030230,2023-07-07,0.0,54900,['2016-06-28']
192,44.01,10.08,S2B_MSIL2A_20240412T100559_R022_T32TNP_20240412T141757,2024-04-12,0.0,55004,['2016-06-28']
192,44.01,10.08,S2A_MSIL2A_20240128T101301_R022_T32TNP_20240128T132020,2024-01-28,0.0,54748,['2016-06-28']
192,44.01,10.08,S2A_MSIL2A_20230506T101601_R065_T32TNP_20230506T173645,2023-05-06,0.0,54976,['2016-06-28']
192,44.01,10.08,S2A_MSIL2A_20161115T101302_R022_T32TNP_20210414T103052,2016-11-15,0.12,54972,['2016-06-28']
194,44.08329881,9.888385883,S2A_MSIL2A_20220620T102041_R065_T32TNP_20240628T034130,2022-06-20,0.0,33016,['2016-07-11']
194,44.08329881,9.888385883,S2A_MSIL2A_20221018T102031_R065_T32TNP_20240802T013810,2022-10-18,0.01,33152,['2016-07-11']
194,44.08329881,9.888385883,S2B_MSIL2A_20240313T100709_R022_T32TNP_20240313T145203,2024-03-13,0.01,33336,['2016-07-11']
194,44.08329881,9.888385883,S2B_MSIL2A_20240512T100559_R022_T32TNP_20240512T142848,2024-05-12,0.01,33352,['2016-07-11']
194,44.08329881,9.888385883,S2B_MSIL2A_20180921T101019_R022_T32TNP_20201009T033226,2018-09-21,0.51,33316,['2016-07-11']
197,43.53039735,16.41832835,S2B_MSIL2A_20230323T095029_R079_T33TXJ_20230323T182743,2023-03-23,0.0,60272,['2015-08-27']
197,43.53039735,16.41832835,S2B_MSIL2A_20240814T094549_R079_T33TXJ_20240814T123852,2024-08-14,0.0,60280,['2015-08-27']
197,43.53039735,16.41832835,S2B_MSIL2A_20251227T095329_R079_T33TXJ_20251227T115656,2025-12-27,0.04,60452,['2015-08-27']
197,43.53039735,16.41832835,S2A_MSIL2A_20170128T095241_R079_T33TXJ_20210207T225526,2017-01-28,0.31,60500,['2015-08-27']
197,43.53039735,16.41832835,S2B_MSIL2A_20170801T095029_R079_T33TXJ_20210210T175919,2017-08-01,0.58,59976,['2015-08-27']
198,41.19349939,16.68008448,S2C_MSIL2A_20260227T094031_R036_T33TXF_20260227T133409,2026-02-27,0.0,55640,['2016-06-12']
198,41.19349939,16.68008448,S2B_MSIL2A_20241013T095029_R079_T33TXF_20241013T123235,2024-10-13,0.0,55664,['2016-06-12']
198,41.19349939,16.68008448,S2C_MSIL2A_20250712T094101_R036_T33TXF_20250712T130215,2025-07-12,0.0,55476,['2016-06-12']
198,41.19349939,16.68008448,S2A_MSIL2A_20221225T094411_R036_T33TXF_20221226T074530,2022-12-25,0.0,55676,['2016-06-12']
198,41.19349939,16.68008448,S2A_MSIL2A_20221108T095221_R079_T33TXF_20221109T075428,2022-11-08,0.0,54984,['2016-06-12']
199,41.16954296,16.74050397,S2C_MSIL2A_20260227T094031_R036_T33TXF_20260227T133409,2026-02-27,0.0,37684,['2016-06-12']
199,41.16954296,16.74050397,S2A_MSIL2A_20230713T094041_R036_T33TXF_20230713T173550,2023-07-13,0.0,36940,['2016-06-12']
199,41.16954296,16.74050397,S2B_MSIL2A_20220613T094039_R036_T33TXF_20240620T035150,2022-06-13,0.0,37320,['2016-06-12']
199,41.16954296,16.74050397,S2A_MSIL2A_20220211T095131_R079_T33TXF_20220221T190624,2022-02-11,0.0,37628,['2016-06-12']
199,41.16954296,16.74050397,S2C_MSIL2A_20250712T094101_R036_T33TXF_20250712T130215,2025-07-12,0.0,37508,['2016-06-12']
203,27.32340048,-82.59446898,S2B_MSIL2A_20221025T160339_R097_T17RLL_20240724T153558,2022-10-25,0.14,55460,"['2018-08-17', '2018-11-10', '2018-12-30', '2021-08-01']"
203,27.32340048,-82.59446898,S2C_MSIL2A_20251024T160341_R097_T17RLL_20251024T191119,2025-10-24,0.15,55656,"['2018-08-17', '2018-11-10', '2018-12-30', '2021-08-01']"
203,27.32340048,-82.59446898,S2B_MSIL2A_20241223T160609_R097_T17RLL_20241223T200412,2024-12-23,1.28,55592,"['2018-08-17', '2018-11-10', '2018-12-30', '2021-08-01']"
203,27.32340048,-82.59446898,S2C_MSIL2A_20250226T160251_R097_T17RLL_20250226T192212,2025-02-26,1.72,55680,"['2018-08-17', '2018-11-10', '2018-12-30', '2021-08-01']"
203,27.32340048,-82.59446898,S2B_MSIL2A_20190325T155909_R097_T17RLL_20201007T104123,2019-03-25,2.23,54896,"['2018-08-17', '2018-11-10', '2018-12-30', '2021-08-01']"
205,27.8121,-82.81915,S2B_MSIL2A_20230811T155829_R097_T17RLL_20241025T121853,2023-08-11,0.47,52612,"['2018-10-31', '2021-06-12']"
205,27.8121,-82.81915,S2A_MSIL2A_20220821T155921_R097_T17RLL_20240704T072134,2022-08-21,0.75,52472,"['2018-10-31', '2021-06-12']"
205,27.8121,-82.81915,S2B_MSIL2A_20241223T160609_R097_T17RLL_20241223T200412,2024-12-23,1.19,53480,"['2018-10-31', '2021-06-12']"
205,27.8121,-82.81915,S2B_MSIL2A_20200228T160119_R097_T17RLL_20200929T020600,2020-02-28,3.27,51940,"['2018-10-31', '2021-06-12']"
205,27.8121,-82.81915,S2A_MSIL2A_20170926T160021_R097_T17RLL_20210202T100821,2017-09-26,3.5,52012,"['2018-10-31', '2021-06-12']"
207,27.78934067,-82.79279185,S2A_MSIL2A_20230207T160431_R097_T17RLL_20240812T220006,2023-02-07,0.4,50072,"['2018-10-31', '2021-07-17', '2021-10-10']"
207,27.78934067,-82.79279185,S2B_MSIL2A_20220508T155819_R097_T17RLL_20240611T235210,2022-05-08,0.52,48680,"['2018-10-31', '2021-07-17', '2021-10-10']"
207,27.78934067,-82.79279185,S2A_MSIL2A_20220304T160151_R097_T17RLL_20240528T224642,2022-03-04,1.37,49916,"['2018-10-31', '2021-07-17', '2021-10-10']"
207,27.78934067,-82.79279185,S2B_MSIL2A_20181225T160659_R097_T17RLL_20201008T130146,2018-12-25,2.79,49248,"['2018-10-31', '2021-07-17', '2021-10-10']"
207,27.78934067,-82.79279185,S2B_MSIL2A_20200228T160119_R097_T17RLL_20200929T020600,2020-02-28,3.56,48500,"['2018-10-31', '2021-07-17', '2021-10-10']"
208,26.19506346,-81.82374551,S2B_MSIL2A_20250112T160529_R097_T17RMK_20250112T210836,2025-01-12,0.0,57876,"['2019-11-20', '2023-02-22']"
208,26.19506346,-81.82374551,S2A_MSIL2A_20190728T155911_R097_T17RMK_20201106T040324,2019-07-28,0.49,54456,"['2019-11-20', '2023-02-22']"
208,26.19506346,-81.82374551,S2B_MSIL2A_20210222T160149_R097_T17RMK_20210228T123147,2021-02-22,0.79,55628,"['2019-11-20', '2023-02-22']"
208,26.19506346,-81.82374551,S2A_MSIL2A_20180124T160541_R097_T17RMJ_20201014T082103,2018-01-24,1.39,55932,"['2019-11-20', '2023-02-22']"
208,26.19506346,-81.82374551,S2B_MSIL2A_20220118T160559_R097_T17RMJ_20220119T155146,2022-01-18,2.09,56332,"['2019-11-20', '2023-02-22']"
209,26.14883647,-81.82342069,S2B_MSIL2A_20241123T160509_R097_T17RMK_20241123T202829,2024-11-23,0.0,66564,['2023-02-22']
209,26.14883647,-81.82342069,S2A_MSIL2A_20180822T155901_R097_T17RMK_20201011T052150,2018-08-22,0.0,66564,['2023-02-22']
209,26.14883647,-81.82342069,S2A_MSIL2A_20220212T160401_R097_T17RMK_20220222T094211,2022-02-12,0.0,66544,['2023-02-22']
209,26.14883647,-81.82342069,S2B_MSIL2A_20250112T160529_R097_T17RMK_20250112T210836,2025-01-12,0.0,66556,['2023-02-22']
209,26.14883647,-81.82342069,S2B_MSIL2A_20231219T160659_R097_T17RMJ_20231222T001228,2023-12-19,0.01,66544,['2023-02-22']
210,26.798,-82.231,S2B_MSIL2A_20190623T155829_R097_T17RLK_20201006T053548,2019-06-23,0.0,56256,['2019-11-10']
210,26.798,-82.231,S2B_MSIL2A_20221025T160339_R097_T17RLK_20240724T153558,2022-10-25,0.0,59524,['2019-11-10']
210,26.798,-82.231,S2B_MSIL2A_20250820T155819_R097_T17RLK_20250820T211624,2025-08-20,0.0,57852,['2019-11-10']
210,26.798,-82.231,S2B_MSIL2A_20201124T160609_R097_T17RLK_20201125T192103,2020-11-24,0.0,55864,['2019-11-10']
210,26.798,-82.231,S2A_MSIL2A_20190119T160601_R097_T17RLK_20201008T024952,2019-01-19,0.0,56264,['2019-11-10']
211,26.77466546,-82.25649598,S2B_MSIL2A_20260328T155859_R097_T17RLK_20260328T200110,2026-03-28,0.0,54876,['2019-11-10']
211,26.77466546,-82.25649598,S2B_MSIL2A_20241004T160029_R097_T17RLK_20241004T212302,2024-10-04,0.42,54020,['2019-11-10']
211,26.77466546,-82.25649598,S2B_MSIL2A_20220518T155819_R097_T17RLK_20220520T110426,2022-05-18,0.54,52768,['2019-11-10']
211,26.77466546,-82.25649598,S2B_MSIL2A_20200408T155819_R097_T17RLK_20200925T140327,2020-04-08,0.65,52608,['2019-11-10']
211,26.77466546,-82.25649598,S2B_MSIL2A_20230222T160249_R097_T17RLK_20230223T115256,2023-02-22,0.89,54280,['2019-11-10']
212,26.77511277,-82.20500507,S2C_MSIL2A_20250226T160251_R097_T17RLK_20250226T192212,2025-02-26,0.0,60916,['2019-11-10']
212,26.77511277,-82.20500507,S2C_MSIL2A_20251113T160531_R097_T17RLK_20251113T194111,2025-11-13,0.0,60124,['2019-11-10']
212,26.77511277,-82.20500507,S2B_MSIL2A_20241024T160239_R097_T17RLK_20241024T213906,2024-10-24,0.0,60208,['2019-11-10']
212,26.77511277,-82.20500507,S2B_MSIL2A_20240507T155819_R097_T17RLK_20240507T222607,2024-05-07,0.0,61000,['2019-11-10']
212,26.77511277,-82.20500507,S2A_MSIL2A_20180414T155901_R097_T17RLK_20201012T221013,2018-04-14,0.01,58976,['2019-11-10']
213,26.92467,-82.36189,S2A_MSIL2A_20230207T160431_R097_T17RLK_20230208T154903,2023-02-07,0.0,52176,"['2016-10-01', '2018-06-23', '2018-09-16']"
213,26.92467,-82.36189,S2A_MSIL2A_20230508T155901_R097_T17RLK_20230509T022430,2023-05-08,0.0,51492,"['2016-10-01', '2018-06-23', '2018-09-16']"
213,26.92467,-82.36189,S2B_MSIL2A_20240726T155819_R097_T17RLK_20240726T201315,2024-07-26,0.25,51660,"['2016-10-01', '2018-06-23', '2018-09-16']"
213,26.92467,-82.36189,S2A_MSIL2A_20191215T160651_R097_T17RLK_20201003T051405,2019-12-15,1.69,51136,"['2016-10-01', '2018-06-23', '2018-09-16']"
213,26.92467,-82.36189,S2A_MSIL2A_20200304T160131_R097_T17RLK_20201101T170705,2020-03-04,2.81,50868,"['2016-10-01', '2018-06-23', '2018-09-16']"
215,26.98609046,-82.41172462,S2B_MSIL2A_20220607T155819_R097_T17RLK_20240629T221338,2022-06-07,0.0,63376,"['2021-08-21', '2021-10-10']"
215,26.98609046,-82.41172462,S2B_MSIL2A_20230513T155829_R097_T17RLK_20230514T005127,2023-05-13,0.07,63252,"['2021-08-21', '2021-10-10']"
215,26.98609046,-82.41172462,S2B_MSIL2A_20231119T160549_R097_T17RLK_20241019T084741,2023-11-19,0.13,62644,"['2021-08-21', '2021-10-10']"
215,26.98609046,-82.41172462,S2B_MSIL2A_20171031T160359_R097_T17RLK_20201015T033024,2017-10-31,0.43,63300,"['2021-08-21', '2021-10-10']"
215,26.98609046,-82.41172462,S2A_MSIL2A_20190429T155911_R097_T17RLK_20201105T221145,2019-04-29,0.46,63048,"['2021-08-21', '2021-10-10']"
216,26.87405829,-82.33851695,S2C_MSIL2A_20250318T160021_R097_T17RLK_20250318T212400,2025-03-18,0.76,62076,['2018-07-28']
216,26.87405829,-82.33851695,S2B_MSIL2A_20201124T160609_R097_T17RLK_20201125T192103,2020-11-24,1.0,61912,['2018-07-28']
216,26.87405829,-82.33851695,S2B_MSIL2A_20171120T160539_R097_T17RLK_20201014T211532,2017-11-20,1.18,61836,['2018-07-28']
216,26.87405829,-82.33851695,S2B_MSIL2A_20210413T155819_R097_T17RLK_20210414T112048,2021-04-13,1.26,61840,['2018-07-28']
216,26.87405829,-82.33851695,S2B_MSIL2A_20190223T160249_R097_T17RLK_20201007T195907,2019-02-23,1.27,61868,['2018-07-28']
217,26.85119244,-82.31248324,S2B_MSIL2A_20240207T160429_R097_T17RLK_20240207T220711,2024-02-07,0.01,52584,"['2018-07-28', '2021-08-21']"
217,26.85119244,-82.31248324,S2A_MSIL2A_20180414T155901_R097_T17RLK_20201012T221013,2018-04-14,1.39,50504,"['2018-07-28', '2021-08-21']"
217,26.85119244,-82.31248324,S2B_MSIL2A_20260328T155859_R097_T17RLK_20260328T200110,2026-03-28,1.48,52700,"['2018-07-28', '2021-08-21']"
217,26.85119244,-82.31248324,S2A_MSIL2A_20210128T160521_R097_T17RLK_20210129T081603,2021-01-28,1.87,51004,"['2018-07-28', '2021-08-21']"
217,26.85119244,-82.31248324,S2A_MSIL2A_20210528T155901_R097_T17RLK_20210529T045824,2021-05-28,2.22,50360,"['2018-07-28', '2021-08-21']"
218,26.538,-82.1257,S2A_MSIL2A_20180414T155901_R097_T17RLK_20201012T221013,2018-04-14,0.0,62544,['2019-11-20']
218,26.538,-82.1257,S2B_MSIL2A_20210314T155929_R097_T17RLK_20210315T193904,2021-03-14,0.0,62372,['2019-11-20']
218,26.538,-82.1257,S2A_MSIL2A_20170926T160021_R097_T17RLK_20210202T100817,2017-09-26,0.0,62404,['2019-11-20']
218,26.538,-82.1257,S2B_MSIL2A_20220329T155819_R097_T17RLK_20220330T043156,2022-03-29,0.0,62504,['2019-11-20']
218,26.538,-82.1257,S2B_MSIL2A_20250112T160529_R097_T17RLK_20250112T210836,2025-01-12,0.02,64220,['2019-11-20']
219,26.56111019,-82.12592571,S2C_MSIL2A_20250226T160251_R097_T17RLK_20250226T192212,2025-02-26,0.0,55296,['2019-11-20']
219,26.56111019,-82.12592571,S2A_MSIL2A_20161021T160402_R097_T17RLK_20210213T130414,2016-10-21,0.0,53396,['2019-11-20']
219,26.56111019,-82.12592571,S2A_MSIL2A_20230627T155821_R097_T17RLK_20230628T022813,2023-06-27,0.0,54892,['2019-11-20']
219,26.56111019,-82.12592571,S2A_MSIL2A_20221129T160621_R097_T17RLK_20221201T184802,2022-11-29,0.0,57744,['2019-11-20']
219,26.56111019,-82.12592571,S2B_MSIL2A_20240527T155819_R097_T17RLK_20240527T222100,2024-05-27,0.0,55504,['2019-11-20']
221,30.380195,-86.410664,S2B_MSIL2A_20220603T161829_R040_T16REU_20220604T074159,2022-06-03,0.0,32732,['2021-10-26']
221,30.380195,-86.410664,S2A_MSIL2A_20230203T162501_R040_T16REU_20240812T120723,2023-02-03,1.01,33104,['2021-10-26']
221,30.380195,-86.410664,S2A_MSIL2A_20220817T161841_R040_T16REU_20220818T084430,2022-08-17,1.17,32736,['2021-10-26']
221,30.380195,-86.410664,S2B_MSIL2A_20240423T161829_R040_T16REU_20240423T211303,2024-04-23,1.45,32536,['2021-10-26']
221,30.380195,-86.410664,S2A_MSIL2A_20250505T162701_R040_T16REU_20250506T033500,2025-05-05,1.54,32112,['2021-10-26']
222,30.4032954,-86.41052532,S2B_MSIL2A_20240622T161829_R040_T16REU_20240622T220124,2024-06-22,0.0,39772,['2021-10-26']
222,30.4032954,-86.41052532,S2B_MSIL2A_20250816T161829_R040_T16REU_20250816T201128,2025-08-16,0.0,39972,['2021-10-26']
222,30.4032954,-86.41052532,S2B_MSIL2A_20221001T162059_R040_T16REU_20240724T022521,2022-10-01,0.0,40088,['2021-10-26']
222,30.4032954,-86.41052532,S2A_MSIL2A_20170515T162341_R040_T16REU_20210209T154415,2017-05-15,0.24,39768,['2021-10-26']
222,30.4032954,-86.41052532,S2A_MSIL2A_20170912T161901_R040_T16REU_20210202T010228,2017-09-12,0.93,39844,['2021-10-26']
223,30.38031245,-86.4373077,S2B_MSIL2A_20250319T161909_R040_T16REU_20250319T215748,2025-03-19,0.0,38472,['2021-10-26']
223,30.38031245,-86.4373077,S2B_MSIL2A_20230628T161829_R040_T16REU_20230629T051516,2023-06-28,0.07,38028,['2021-10-26']
223,30.38031245,-86.4373077,S2A_MSIL2A_20220817T161841_R040_T16REU_20220818T084430,2022-08-17,0.51,38324,['2021-10-26']
223,30.38031245,-86.4373077,S2A_MSIL2A_20200330T161901_R040_T16REU_20201021T063951,2020-03-30,4.43,37900,['2021-10-26']
223,30.38031245,-86.4373077,S2A_MSIL2A_20181116T162541_R040_T16REU_20201008T190306,2018-11-16,5.35,38372,['2021-10-26']
224,30.4031724,-86.38387551,S2C_MSIL2A_20250413T161851_R040_T16REU_20250413T212014,2025-04-13,0.0,60112,['2021-10-26']
224,30.4031724,-86.38387551,S2A_MSIL2A_20230213T162401_R040_T16REU_20240816T014207,2023-02-13,0.0,60284,['2021-10-26']
224,30.4031724,-86.38387551,S2A_MSIL2A_20191201T162641_R040_T16REU_20201030T192131,2019-12-01,0.12,60340,['2021-10-26']
224,30.4031724,-86.38387551,S2A_MSIL2A_20170912T161901_R040_T16REU_20210202T010228,2017-09-12,0.12,60132,['2021-10-26']
224,30.4031724,-86.38387551,S2A_MSIL2A_20190803T161911_R040_T16REU_20201004T195453,2019-08-03,0.12,60092,['2021-10-26']
225,26.6691231,-82.26550146,S2C_MSIL2A_20250206T160501_R097_T17RLK_20250206T192610,2025-02-06,0.0,61140,['2019-11-10']
225,26.6691231,-82.26550146,S2B_MSIL2A_20231119T160549_R097_T17RLK_20241019T084741,2023-11-19,0.52,58984,['2019-11-10']
225,26.6691231,-82.26550146,S2B_MSIL2A_20201124T160609_R097_T17RLK_20201125T192103,2020-11-24,1.64,59776,['2019-11-10']
225,26.6691231,-82.26550146,S2A_MSIL2A_20200503T155911_R097_T17RLK_20200920T080007,2020-05-03,1.67,59848,['2019-11-10']
225,26.6691231,-82.26550146,S2A_MSIL2A_20200801T155911_R097_T17RLK_20200815T175016,2020-08-01,1.92,59524,['2019-11-10']
226,26.69223169,-82.26575664,S2B_MSIL2A_20250112T160529_R097_T17RLK_20250112T210836,2025-01-12,0.0,54964,"['2018-07-28', '2018-11-10', '2019-11-10']"
226,26.69223169,-82.26575664,S2B_MSIL2A_20231119T160549_R097_T17RLK_20241019T084741,2023-11-19,0.21,52972,"['2018-07-28', '2018-11-10', '2019-11-10']"
226,26.69223169,-82.26575664,S2C_MSIL2A_20260221T160301_R097_T17RLK_20260221T192217,2026-02-21,0.86,54148,"['2018-07-28', '2018-11-10', '2019-11-10']"
226,26.69223169,-82.26575664,S2A_MSIL2A_20161001T160052_R097_T17RLK_20210213T062946,2016-10-01,0.91,53580,"['2018-07-28', '2018-11-10', '2019-11-10']"
226,26.69223169,-82.26575664,S2A_MSIL2A_20240212T160401_R097_T17RLK_20240212T230751,2024-02-12,1.08,53480,"['2018-07-28', '2018-11-10', '2019-11-10']"
227,26.71534019,-82.26601214,S2B_MSIL2A_20240417T155819_R097_T17RLK_20240417T231836,2024-04-17,0.0,62088,"['2018-07-28', '2018-11-10', '2019-11-10', '2019-11-20']"
227,26.71534019,-82.26601214,S2B_MSIL2A_20221005T160119_R097_T17RLK_20221006T091333,2022-10-05,0.0,62096,"['2018-07-28', '2018-11-10', '2019-11-10', '2019-11-20']"
227,26.71534019,-82.26601214,S2A_MSIL2A_20220712T155921_R097_T17RLK_20220714T004636,2022-07-12,0.51,61468,"['2018-07-28', '2018-11-10', '2019-11-10', '2019-11-20']"
227,26.71534019,-82.26601214,S2B_MSIL2A_20230222T160249_R097_T17RLK_20230223T115256,2023-02-22,0.95,61904,"['2018-07-28', '2018-11-10', '2019-11-10', '2019-11-20']"
227,26.71534019,-82.26601214,S2A_MSIL2A_20161110T160502_R097_T17RLK_20210414T034146,2016-11-10,1.32,61096,"['2018-07-28', '2018-11-10', '2019-11-10', '2019-11-20']"
228,26.2073,-81.8169,S2B_MSIL2A_20230403T155829_R097_T17RMJ_20230403T223912,2023-04-03,0.18,36448,"['2018-08-22', '2019-11-20']"
228,26.2073,-81.8169,S2B_MSIL2A_20241123T160509_R097_T17RMK_20241123T202829,2024-11-23,0.57,38800,"['2018-08-22', '2019-11-20']"
228,26.2073,-81.8169,S2B_MSIL2A_20220607T155819_R097_T17RMK_20240629T221338,2022-06-07,1.37,36180,"['2018-08-22', '2019-11-20']"
228,26.2073,-81.8169,S2A_MSIL2A_20190129T160521_R097_T17RMJ_20201008T053756,2019-01-29,2.85,35288,"['2018-08-22', '2019-11-20']"
228,26.2073,-81.8169,S2A_MSIL2A_20230905T155821_R097_T17RMJ_20230906T021251,2023-09-05,3.97,35556,"['2018-08-22', '2019-11-20']"
229,26.18418654,-81.81673876,S2A_MSIL2A_20220930T160051_R097_T17RMK_20240726T095241,2022-09-30,0.0,43380,"['2018-08-22', '2019-11-20']"
229,26.18418654,-81.81673876,S2A_MSIL2A_20221129T160621_R097_T17RMK_20221201T183201,2022-11-29,0.34,43448,"['2018-08-22', '2019-11-20']"
229,26.18418654,-81.81673876,S2B_MSIL2A_20200408T155819_R097_T17RMK_20200925T140337,2020-04-08,1.81,41644,"['2018-08-22', '2019-11-20']"
229,26.18418654,-81.81673876,S2B_MSIL2A_20200925T155929_R097_T17RMJ_20200926T220841,2020-09-25,2.51,41616,"['2018-08-22', '2019-11-20']"
229,26.18418654,-81.81673876,S2A_MSIL2A_20200203T160451_R097_T17RMJ_20200930T153529,2020-02-03,3.3,42428,"['2018-08-22', '2019-11-20']"
232,27.05676277,-82.46940713,S2B_MSIL2A_20200109T160629_R097_T17RLK_20201029T181417,2020-01-09,0.0,66564,['2018-07-28']
232,27.05676277,-82.46940713,S2B_MSIL2A_20231119T160549_R097_T17RLK_20241019T084741,2023-11-19,0.0,66564,['2018-07-28']
232,27.05676277,-82.46940713,S2A_MSIL2A_20230207T160431_R097_T17RLK_20230208T154903,2023-02-07,0.0,66564,['2018-07-28']
232,27.05676277,-82.46940713,S2A_MSIL2A_20181031T160411_R097_T17RLK_20201009T170537,2018-10-31,0.0,66564,['2018-07-28']
232,27.05676277,-82.46940713,S2B_MSIL2A_20240527T155819_R097_T17RLK_20240527T222100,2024-05-27,0.0,66564,['2018-07-28']
234,26.46236169,-81.96634289,S2A_MSIL2A_20230518T155901_R097_T17RLK_20230519T015659,2023-05-18,0.1,56052,"['2018-08-07', '2018-09-26']"
234,26.46236169,-81.96634289,S2C_MSIL2A_20250226T160251_R097_T17RLK_20250226T192212,2025-02-26,0.31,55872,"['2018-08-07', '2018-09-26']"
234,26.46236169,-81.96634289,S2A_MSIL2A_20230108T160641_R097_T17RLK_20240812T081749,2023-01-08,0.9,55620,"['2018-08-07', '2018-09-26']"
234,26.46236169,-81.96634289,S2A_MSIL2A_20190129T160521_R097_T17RMK_20201008T053759,2019-01-29,1.66,53920,"['2018-08-07', '2018-09-26']"
234,26.46236169,-81.96634289,S2B_MSIL2A_20190424T155829_R097_T17RMK_20201105T173338,2019-04-24,2.19,53360,"['2018-08-07', '2018-09-26']"
235,26.43942123,-81.94047718,S2A_MSIL2A_20230915T155901_R097_T17RLK_20241103T091138,2023-09-15,0.0,54216,"['2018-08-07', '2018-09-26']"
235,26.43942123,-81.94047718,S2B_MSIL2A_20230722T155829_R097_T17RLK_20230722T235838,2023-07-22,0.49,53868,"['2018-08-07', '2018-09-26']"
235,26.43942123,-81.94047718,S2A_MSIL2A_20250926T160701_R097_T17RLK_20250927T002916,2025-09-26,1.29,53556,"['2018-08-07', '2018-09-26']"
235,26.43942123,-81.94047718,S2B_MSIL2A_20241213T160559_R097_T17RLK_20241213T200052,2024-12-13,2.0,53460,"['2018-08-07', '2018-09-26']"
235,26.43942123,-81.94047718,S2B_MSIL2A_20190703T155829_R097_T17RLK_20201005T085413,2019-07-03,5.81,52168,"['2018-08-07', '2018-09-26']"
236,26.488,-82.1815,S2B_MSIL2A_20220806T155829_R097_T17RLK_20220807T204734,2022-08-06,0.03,35216,['2019-11-20']
236,26.488,-82.1815,S2B_MSIL2A_20230403T155829_R097_T17RLK_20230403T223915,2023-04-03,0.07,38120,['2019-11-20']
236,26.488,-82.1815,S2A_MSIL2A_20170926T160021_R097_T17RLK_20210202T100817,2017-09-26,1.67,35472,['2019-11-20']
236,26.488,-82.1815,S2A_MSIL2A_20210128T160521_R097_T17RLK_20210129T081603,2021-01-28,2.1,35336,['2019-11-20']
236,26.488,-82.1815,S2B_MSIL2A_20190524T155829_R097_T17RLK_20201006T175852,2019-05-24,2.38,34340,['2019-11-20']
240,27.67601768,-82.7020007,S2A_MSIL2A_20211124T160611_R097_T17RLL_20211125T043051,2021-11-24,0.0,64600,['2018-10-31']
240,27.67601768,-82.7020007,S2A_MSIL2A_20160214T160352_R097_T17RLL_20210528T063444,2016-02-14,0.0,64440,['2018-10-31']
240,27.67601768,-82.7020007,S2A_MSIL2A_20201030T160411_R097_T17RLL_20201101T214348,2020-10-30,0.0,64656,['2018-10-31']
240,27.67601768,-82.7020007,S2A_MSIL2A_20231104T160431_R097_T17RLL_20231104T224159,2023-11-04,0.0,64620,['2018-10-31']
240,27.67601768,-82.7020007,S2B_MSIL2A_20220508T155819_R097_T17RLL_20240611T235210,2022-05-08,0.0,64660,['2018-10-31']
245,27.461749,-82.698231,S2B_MSIL2A_20260328T155859_R097_T17RLL_20260328T200110,2026-03-28,0.41,57008,"['2018-08-07', '2018-09-21', '2023-03-04']"
245,27.461749,-82.698231,S2B_MSIL2A_20220329T155819_R097_T17RLL_20220330T040452,2022-03-29,0.8,56348,"['2018-08-07', '2018-09-21', '2023-03-04']"
245,27.461749,-82.698231,S2B_MSIL2A_20220508T155819_R097_T17RLL_20240611T235210,2022-05-08,1.0,56132,"['2018-08-07', '2018-09-21', '2023-03-04']"
245,27.461749,-82.698231,S2A_MSIL2A_20240323T155921_R097_T17RLL_20240324T002120,2024-03-23,1.01,56784,"['2018-08-07', '2018-09-21', '2023-03-04']"
245,27.461749,-82.698231,S2C_MSIL2A_20250417T155921_R097_T17RLL_20250418T083115,2025-04-17,1.22,56768,"['2018-08-07', '2018-09-21', '2023-03-04']"
246,27.43864747,-82.69787712,S2A_MSIL2A_20220212T160401_R097_T17RLL_20220222T094909,2022-02-12,0.21,60228,"['2018-08-07', '2018-08-17', '2018-09-21', '2023-03-04']"
246,27.43864747,-82.69787712,S2B_MSIL2A_20241203T160539_R097_T17RLL_20241203T200858,2024-12-03,0.56,60068,"['2018-08-07', '2018-08-17', '2018-09-21', '2023-03-04']"
246,27.43864747,-82.69787712,S2B_MSIL2A_20221025T160339_R097_T17RLL_20240724T153558,2022-10-25,0.63,60108,"['2018-08-07', '2018-08-17', '2018-09-21', '2023-03-04']"
246,27.43864747,-82.69787712,S2A_MSIL2A_20240502T155901_R097_T17RLL_20240503T001348,2024-05-02,1.06,60080,"['2018-08-07', '2018-08-17', '2018-09-21', '2023-03-04']"
246,27.43864747,-82.69787712,S2A_MSIL2A_20160802T155912_R097_T17RLL_20210212T102714,2016-08-02,1.82,59996,"['2018-08-07', '2018-08-17', '2018-09-21', '2023-03-04']"
247,26.62802627,-82.23865777,S2A_MSIL2A_20230508T155901_R097_T17RLK_20230509T022430,2023-05-08,0.0,62812,"['2018-08-17', '2018-09-16']"
247,26.62802627,-82.23865777,S2A_MSIL2A_20230627T155821_R097_T17RLK_20230628T022813,2023-06-27,0.9,62180,"['2018-08-17', '2018-09-16']"
247,26.62802627,-82.23865777,S2A_MSIL2A_20200503T155911_R097_T17RLK_20200920T080007,2020-05-03,1.38,61092,"['2018-08-17', '2018-09-16']"
247,26.62802627,-82.23865777,S2B_MSIL2A_20200905T155829_R097_T17RLK_20201027T145935,2020-09-05,1.46,60924,"['2018-08-17', '2018-09-16']"
247,26.62802627,-82.23865777,S2B_MSIL2A_20190623T155829_R097_T17RLK_20201006T053548,2019-06-23,1.59,61068,"['2018-08-17', '2018-09-16']"
248,26.65113523,-82.23890709,S2C_MSIL2A_20251113T160531_R097_T17RLK_20251113T194111,2025-11-13,0.56,45120,"['2018-09-16', '2020-10-15']"
248,26.65113523,-82.23890709,S2C_MSIL2A_20260221T160301_R097_T17RLK_20260221T192217,2026-02-21,0.89,45272,"['2018-09-16', '2020-10-15']"
248,26.65113523,-82.23890709,S2A_MSIL2A_20181230T160651_R097_T17RLK_20201008T141453,2018-12-30,1.55,44008,"['2018-09-16', '2020-10-15']"
248,26.65113523,-82.23890709,S2B_MSIL2A_20211109T160459_R097_T17RLK_20211110T021037,2021-11-09,1.65,43492,"['2018-09-16', '2020-10-15']"
248,26.65113523,-82.23890709,S2B_MSIL2A_20191110T160459_R097_T17RLK_20201003T151338,2019-11-10,1.67,43688,"['2018-09-16', '2020-10-15']"
251,27.736603,-82.731398,S2B_MSIL2A_20240825T155819_R097_T17RLL_20240825T202603,2024-08-25,0.01,55100,['2018-10-21']
251,27.736603,-82.731398,S2C_MSIL2A_20250616T155841_R097_T17RLL_20250616T213617,2025-06-16,0.74,55516,['2018-10-21']
251,27.736603,-82.731398,S2A_MSIL2A_20220821T155921_R097_T17RLL_20240704T072134,2022-08-21,2.56,54704,['2018-10-21']
251,27.736603,-82.731398,S2A_MSIL2A_20190129T160521_R097_T17RLL_20201008T053757,2019-01-29,3.27,54876,['2018-10-21']
251,27.736603,-82.731398,S2A_MSIL2A_20170926T160021_R097_T17RLL_20210202T100821,2017-09-26,3.35,53684,['2018-10-21']
252,27.73627559,-82.75735975,S2B_MSIL2A_20230324T155919_R097_T17RLL_20230325T012139,2023-03-24,0.18,48456,"['2018-10-21', '2018-11-10']"
252,27.73627559,-82.75735975,S2B_MSIL2A_20240626T155819_R097_T17RLL_20240627T002627,2024-06-26,0.18,47792,"['2018-10-21', '2018-11-10']"
252,27.73627559,-82.75735975,S2B_MSIL2A_20220329T155819_R097_T17RLL_20220330T040452,2022-03-29,0.43,48356,"['2018-10-21', '2018-11-10']"
252,27.73627559,-82.75735975,S2B_MSIL2A_20260206T160339_R097_T17RLL_20260206T213114,2026-02-06,0.45,48772,"['2018-10-21', '2018-11-10']"
252,27.73627559,-82.75735975,S2B_MSIL2A_20230702T155829_R097_T17RLL_20230703T001320,2023-07-02,0.75,47508,"['2018-10-21', '2018-11-10']"
253,26.45157,-82.01543,S2C_MSIL2A_20251024T160341_R097_T17RLK_20251024T191119,2025-10-24,0.12,57544,"['2018-09-01', '2018-11-10']"
253,26.45157,-82.01543,S2A_MSIL2A_20250509T160701_R097_T17RLK_20250509T224859,2025-05-09,0.48,57292,"['2018-09-01', '2018-11-10']"
253,26.45157,-82.01543,S2B_MSIL2A_20250112T160529_R097_T17RLK_20250112T210836,2025-01-12,0.83,57244,"['2018-09-01', '2018-11-10']"
253,26.45157,-82.01543,S2B_MSIL2A_20180218T160309_R097_T17RLK_20201013T225422,2018-02-18,1.7,56888,"['2018-09-01', '2018-11-10']"
253,26.45157,-82.01543,S2B_MSIL2A_20171210T160639_R097_T17RLK_20201014T131722,2017-12-10,1.85,56732,"['2018-09-01', '2018-11-10']"
254,26.42827403,-82.04089722,S2B_MSIL2A_20220329T155819_R097_T17RLK_20220330T043156,2022-03-29,0.0,55372,"['2018-09-01', '2018-11-10']"
254,26.42827403,-82.04089722,S2C_MSIL2A_20250726T155921_R097_T17RLK_20250726T211924,2025-07-26,0.29,55132,"['2018-09-01', '2018-11-10']"
254,26.42827403,-82.04089722,S2B_MSIL2A_20260308T160019_R097_T17RLK_20260308T200014,2026-03-08,0.52,55196,"['2018-09-01', '2018-11-10']"
254,26.42827403,-82.04089722,S2A_MSIL2A_20160911T155902_R097_T17RLK_20210212T235313,2016-09-11,0.55,55100,"['2018-09-01', '2018-11-10']"
254,26.42827403,-82.04089722,S2A_MSIL2A_20190119T160601_R097_T17RLK_20201008T024952,2019-01-19,1.15,55064,"['2018-09-01', '2018-11-10']"
255,26.813567,-82.288333,S2B_MSIL2A_20250112T160529_R097_T17RLK_20250112T210836,2025-01-12,0.0,58476,['2018-06-23']
255,26.813567,-82.288333,S2B_MSIL2A_20240417T155819_R097_T17RLK_20240417T231836,2024-04-17,0.01,56008,['2018-06-23']
255,26.813567,-82.288333,S2B_MSIL2A_20260328T155859_R097_T17RLK_20260328T200110,2026-03-28,0.38,57464,['2018-06-23']
255,26.813567,-82.288333,S2B_MSIL2A_20251228T160559_R097_T17RLK_20251228T210144,2025-12-28,0.71,57352,['2018-06-23']
255,26.813567,-82.288333,S2B_MSIL2A_20190325T155909_R097_T17RLK_20201007T104120,2019-03-25,2.01,55044,['2018-06-23']
256,26.83643791,-82.3143531,S2B_MSIL2A_20250112T160529_R097_T17RLK_20250112T210836,2025-01-12,0.0,66100,"['2018-06-23', '2019-11-10']"
256,26.83643791,-82.3143531,S2A_MSIL2A_20230915T155901_R097_T17RLK_20241103T091138,2023-09-15,0.0,65692,"['2018-06-23', '2019-11-10']"
256,26.83643791,-82.3143531,S2A_MSIL2A_20160414T155922_R097_T17RLK_20210211T035603,2016-04-14,0.24,65516,"['2018-06-23', '2019-11-10']"
256,26.83643791,-82.3143531,S2A_MSIL2A_20240222T160251_R097_T17RLK_20240222T232202,2024-02-22,0.32,63740,"['2018-06-23', '2019-11-10']"
256,26.83643791,-82.3143531,S2B_MSIL2A_20180926T160029_R097_T17RLK_20201009T051716,2018-09-26,0.38,65412,"['2018-06-23', '2019-11-10']"
257,26.79045901,-82.28807189,S2B_MSIL2A_20240726T155819_R097_T17RLK_20240726T201315,2024-07-26,0.0,64660,['2018-06-23']
257,26.79045901,-82.28807189,S2A_MSIL2A_20230108T160641_R097_T17RLK_20240812T081749,2023-01-08,0.18,64452,['2018-06-23']
257,26.79045901,-82.28807189,S2A_MSIL2A_20190926T160021_R097_T17RLK_20201004T171725,2019-09-26,0.95,63892,['2018-06-23']
257,26.79045901,-82.28807189,S2B_MSIL2A_20190223T160249_R097_T17RLK_20201007T195907,2019-02-23,1.14,63784,['2018-06-23']
257,26.79045901,-82.28807189,S2A_MSIL2A_20210227T160211_R097_T17RLK_20210228T075312,2021-02-27,1.35,63708,['2018-06-23']
260,27.41309829,-82.68976819,S2A_MSIL2A_20200801T155911_R097_T17RLL_20200815T175015,2020-08-01,0.0,66564,['2018-08-17']
260,27.41309829,-82.68976819,S2B_MSIL2A_20181225T160659_R097_T17RLL_20201008T130146,2018-12-25,0.0,66564,['2018-08-17']
260,27.41309829,-82.68976819,S2A_MSIL2A_20220722T155911_R097_T17RLL_20240711T012639,2022-07-22,0.0,66564,['2018-08-17']
260,27.41309829,-82.68976819,S2A_MSIL2A_20170208T160411_R097_T17RLL_20210208T085634,2017-02-08,0.0,66564,['2018-08-17']
260,27.41309829,-82.68976819,S2A_MSIL2A_20170618T155901_R097_T17RLL_20210209T235752,2017-06-18,0.0,66564,['2018-08-17']
261,27.41340966,-82.66388149,S2A_MSIL2A_20230518T155901_R097_T17RLL_20230519T014455,2023-05-18,0.0,47664,"['2018-08-17', '2018-11-10']"
261,27.41340966,-82.66388149,S2B_MSIL2A_20221104T160429_R097_T17RLL_20221105T064531,2022-11-04,1.78,47260,"['2018-08-17', '2018-11-10']"
261,27.41340966,-82.66388149,S2A_MSIL2A_20160623T160352_R097_T17RLL_20210211T222716,2016-06-23,2.4,46892,"['2018-08-17', '2018-11-10']"
261,27.41340966,-82.66388149,S2B_MSIL2A_20171031T160359_R097_T17RLL_20201015T033027,2017-10-31,2.41,46808,"['2018-08-17', '2018-11-10']"
261,27.41340966,-82.66388149,S2A_MSIL2A_20170208T160411_R097_T17RLL_20210208T085634,2017-02-08,2.43,47236,"['2018-08-17', '2018-11-10']"
262,27.79964145,-82.60841001,S2B_MSIL2A_20240825T155819_R097_T17RLL_20240825T202603,2024-08-25,0.0,35892,['2021-07-12']
262,27.79964145,-82.60841001,S2A_MSIL2A_20221209T160651_R097_T17RLL_20221210T144518,2022-12-09,0.01,36716,['2021-07-12']
262,27.79964145,-82.60841001,S2C_MSIL2A_20250606T155841_R097_T17RLL_20250606T212214,2025-06-06,0.12,35096,['2021-07-12']
262,27.79964145,-82.60841001,S2A_MSIL2A_20171125T160611_R097_T17RLL_20201014T221122,2017-11-25,0.88,36132,['2021-07-12']
262,27.79964145,-82.60841001,S2A_MSIL2A_20190129T160521_R097_T17RLL_20201008T053757,2019-01-29,0.93,36540,['2021-07-12']
263,26.4217,-82.0801,S2A_MSIL2A_20170310T160041_R097_T17RLK_20210208T212028,2017-03-10,1.37,35160,"['2018-09-01', '2018-09-16', '2019-11-10', '2020-12-19']"
263,26.4217,-82.0801,S2B_MSIL2A_20221025T160339_R097_T17RLK_20240724T153558,2022-10-25,1.56,35712,"['2018-09-01', '2018-09-16', '2019-11-10', '2020-12-19']"
263,26.4217,-82.0801,S2A_MSIL2A_20190728T155911_R097_T17RLK_20201106T040318,2019-07-28,1.76,35152,"['2018-09-01', '2018-09-16', '2019-11-10', '2020-12-19']"
263,26.4217,-82.0801,S2B_MSIL2A_20210314T155929_R097_T17RLK_20210315T193904,2021-03-14,1.87,34792,"['2018-09-01', '2018-09-16', '2019-11-10', '2020-12-19']"
263,26.4217,-82.0801,S2B_MSIL2A_20171120T160539_R097_T17RLK_20201014T211532,2017-11-20,1.92,34684,"['2018-09-01', '2018-09-16', '2019-11-10', '2020-12-19']"
264,26.42150381,-82.10576777,S2A_MSIL2A_20230207T160431_R097_T17RLK_20230208T154903,2023-02-07,1.21,52304,"['2018-09-01', '2018-09-16', '2019-11-10', '2020-12-19', '2020-12-19']"
264,26.42150381,-82.10576777,S2A_MSIL2A_20190208T160421_R097_T17RLK_20201007T150132,2019-02-08,1.67,51388,"['2018-09-01', '2018-09-16', '2019-11-10', '2020-12-19', '2020-12-19']"
264,26.42150381,-82.10576777,S2B_MSIL2A_20171120T160539_R097_T17RLK_20201014T211532,2017-11-20,1.7,51204,"['2018-09-01', '2018-09-16', '2019-11-10', '2020-12-19', '2020-12-19']"
264,26.42150381,-82.10576777,S2C_MSIL2A_20260221T160301_R097_T17RLK_20260221T192217,2026-02-21,1.87,51752,"['2018-09-01', '2018-09-16', '2019-11-10', '2020-12-19', '2020-12-19']"
264,26.42150381,-82.10576777,S2B_MSIL2A_20200826T155829_R097_T17RLK_20200827T210735,2020-08-26,2.05,51400,"['2018-09-01', '2018-09-16', '2019-11-10', '2020-12-19', '2020-12-19']"
266,26.42189158,-82.05443197,S2B_MSIL2A_20240207T160429_R097_T17RLK_20240207T220711,2024-02-07,0.0,54304,"['2018-09-01', '2018-09-16', '2019-11-10', '2020-12-19']"
266,26.42189158,-82.05443197,S2B_MSIL2A_20230910T155829_R097_T17RLK_20241029T095753,2023-09-10,0.0,54324,"['2018-09-01', '2018-09-16', '2019-11-10', '2020-12-19']"
266,26.42189158,-82.05443197,S2B_MSIL2A_20210821T155819_R097_T17RLK_20210822T082453,2021-08-21,1.83,53600,"['2018-09-01', '2018-09-16', '2019-11-10', '2020-12-19']"
266,26.42189158,-82.05443197,S2A_MSIL2A_20210227T160211_R097_T17RLK_20210228T075312,2021-02-27,2.0,53452,"['2018-09-01', '2018-09-16', '2019-11-10', '2020-12-19']"
266,26.42189158,-82.05443197,S2B_MSIL2A_20211109T160459_R097_T17RLK_20211110T021037,2021-11-09,2.04,53432,"['2018-09-01', '2018-09-16', '2019-11-10', '2020-12-19']"
267,27.93873,-82.838087,S2B_MSIL2A_20260321T160859_R140_T17RLL_20260321T200307,2026-03-21,0.0,56164,"['2018-09-09', '2018-11-08']"
267,27.93873,-82.838087,S2A_MSIL2A_20220317T161011_R140_T17RLL_20220318T014253,2022-03-17,0.01,56456,"['2018-09-09', '2018-11-08']"
267,27.93873,-82.838087,S2B_MSIL2A_20250112T160529_R097_T17RLM_20250112T210836,2025-01-12,0.12,56928,"['2018-09-09', '2018-11-08']"
267,27.93873,-82.838087,S2C_MSIL2A_20250828T160921_R140_T17RLL_20250828T211315,2025-08-28,0.13,44192,"['2018-09-09', '2018-11-08']"
267,27.93873,-82.838087,S2A_MSIL2A_20210727T155911_R097_T17RLM_20210728T033028,2021-07-27,1.14,54868,"['2018-09-09', '2018-11-08']"
268,27.96182811,-82.83847829,S2C_MSIL2A_20250606T155841_R097_T17RLL_20250606T212214,2025-06-06,0.02,56132,"['2018-09-09', '2018-09-24', '2018-10-21', '2018-11-08']"
268,27.96182811,-82.83847829,S2B_MSIL2A_20240131T161509_R140_T17RLL_20240131T212142,2024-01-31,0.13,55832,"['2018-09-09', '2018-09-24', '2018-10-21', '2018-11-08']"
268,27.96182811,-82.83847829,S2A_MSIL2A_20220930T160051_R097_T17RLM_20240726T095241,2022-09-30,1.17,55356,"['2018-09-09', '2018-09-24', '2018-10-21', '2018-11-08']"
268,27.96182811,-82.83847829,S2A_MSIL2A_20170323T161341_R140_T17RLL_20210209T010650,2017-03-23,2.35,54788,"['2018-09-09', '2018-09-24', '2018-10-21', '2018-11-08']"
268,27.96182811,-82.83847829,S2A_MSIL2A_20200203T160451_R097_T17RLM_20200930T153524,2020-02-03,3.22,54624,"['2018-09-09', '2018-09-24', '2018-10-21', '2018-11-08']"
273,27.872283,-80.477017,S2B_MSIL2A_20230907T160519_R054_T17RNL_20240908T193200,2023-09-07,0.0,55520,['2018-10-28']
273,27.872283,-80.477017,S2B_MSIL2A_20231119T160549_R097_T17RNL_20241019T084741,2023-11-19,0.0,55464,['2018-10-28']
273,27.872283,-80.477017,S2A_MSIL2A_20180322T160511_R054_T17RNL_20201013T123514,2018-03-22,0.45,56656,['2018-10-28']
273,27.872283,-80.477017,S2A_MSIL2A_20180511T160511_R054_T17RNL_20201012T083154,2018-05-11,0.66,56284,['2018-10-28']
273,27.872283,-80.477017,S2A_MSIL2A_20160201T155502_R054_T17RNL_20210528T011656,2016-02-01,1.25,55192,['2018-10-28']
274,27.89539231,-80.47690596,S2B_MSIL2A_20220204T160509_R054_T17RNL_20220218T173701,2022-02-04,0.0,53568,['2018-10-28']
274,27.89539231,-80.47690596,S2A_MSIL2A_20161120T160552_R097_T17RNL_20210414T172338,2016-11-20,0.09,53160,['2018-10-28']
274,27.89539231,-80.47690596,S2B_MSIL2A_20180218T160309_R097_T17RNL_20201013T225422,2018-02-18,0.5,53344,['2018-10-28']
274,27.89539231,-80.47690596,S2B_MSIL2A_20200408T155819_R097_T17RNL_20200925T140339,2020-04-08,0.78,52736,['2018-10-28']
274,27.89539231,-80.47690596,S2B_MSIL2A_20210719T160519_R054_T17RNL_20210720T011140,2021-07-19,1.12,52796,['2018-10-28']
275,27.84907265,-80.45112841,S2A_MSIL2A_20240130T160511_R054_T17RNL_20240130T222104,2024-01-30,0.02,53144,"['2018-10-06', '2018-10-28']"
275,27.84907265,-80.45112841,S2B_MSIL2A_20250728T160509_R054_T17RNL_20250728T194053,2025-07-28,0.03,52824,"['2018-10-06', '2018-10-28']"
275,27.84907265,-80.45112841,S2B_MSIL2A_20230321T160519_R054_T17RNL_20240826T213952,2023-03-21,0.04,52912,"['2018-10-06', '2018-10-28']"
275,27.84907265,-80.45112841,S2A_MSIL2A_20161021T160402_R097_T17RNL_20210213T130414,2016-10-21,0.07,52612,"['2018-10-06', '2018-10-28']"
275,27.84907265,-80.45112841,S2B_MSIL2A_20260107T160549_R097_T17RNL_20260107T210607,2026-01-07,0.21,52876,"['2018-10-06', '2018-10-28']"
280,26.25375,-81.82377,S2A_MSIL2A_20220831T155831_R097_T17RMK_20240710T181707,2022-08-31,0.0,37460,"['2019-10-21', '2020-12-09']"
280,26.25375,-81.82377,S2B_MSIL2A_20220428T155819_R097_T17RMK_20220713T223011,2022-04-28,0.02,36964,"['2019-10-21', '2020-12-09']"
280,26.25375,-81.82377,S2A_MSIL2A_20220212T160401_R097_T17RMK_20220222T094211,2022-02-12,0.1,37720,"['2019-10-21', '2020-12-09']"
280,26.25375,-81.82377,S2B_MSIL2A_20260107T160549_R097_T17RMK_20260107T210607,2026-01-07,0.2,38028,"['2019-10-21', '2020-12-09']"
280,26.25375,-81.82377,S2B_MSIL2A_20220607T155819_R097_T17RMK_20240629T221338,2022-06-07,0.59,36256,"['2019-10-21', '2020-12-09']"
281,26.23063673,-81.82360707,S2B_MSIL2A_20250412T155819_R097_T17RMK_20250412T195703,2025-04-12,0.15,46152,['2019-10-21']
281,26.23063673,-81.82360707,S2A_MSIL2A_20230418T155821_R097_T17RMK_20240906T005219,2023-04-18,0.34,46244,['2019-10-21']
281,26.23063673,-81.82360707,S2C_MSIL2A_20250127T160601_R097_T17RMK_20250127T195013,2025-01-27,0.75,46284,['2019-10-21']
281,26.23063673,-81.82360707,S2B_MSIL2A_20220118T160559_R097_T17RMK_20220119T151006,2022-01-18,1.06,45544,['2019-10-21']
281,26.23063673,-81.82360707,S2B_MSIL2A_20190114T160619_R097_T17RMK_20201008T013618,2019-01-14,1.36,45072,['2019-10-21']
282,26.61330978,-82.15633233,S2B_MSIL2A_20220329T155819_R097_T17RLK_20220330T043156,2022-03-29,0.0,64420,"['2018-08-07', '2019-10-26', '2019-11-20']"
282,26.61330978,-82.15633233,S2B_MSIL2A_20221025T160339_R097_T17RLK_20240724T153558,2022-10-25,0.0,65068,"['2018-08-07', '2019-10-26', '2019-11-20']"
282,26.61330978,-82.15633233,S2B_MSIL2A_20190623T155829_R097_T17RLK_20201006T053548,2019-06-23,0.0,64388,"['2018-08-07', '2019-10-26', '2019-11-20']"
282,26.61330978,-82.15633233,S2B_MSIL2A_20180509T155859_R097_T17RLK_20201012T075530,2018-05-09,0.0,64400,"['2018-08-07', '2019-10-26', '2019-11-20']"
282,26.61330978,-82.15633233,S2A_MSIL2A_20230508T155901_R097_T17RLK_20230509T022430,2023-05-08,0.0,65056,"['2018-08-07', '2019-10-26', '2019-11-20']"
283,26.7615,-82.0725,S2C_MSIL2A_20260221T160301_R097_T17RLK_20260221T192217,2026-02-21,0.03,58652,"['2019-11-30', '2021-03-14', '2021-04-08']"
283,26.7615,-82.0725,S2B_MSIL2A_20200408T155819_R097_T17RLK_20200925T140327,2020-04-08,0.12,58492,"['2019-11-30', '2021-03-14', '2021-04-08']"
283,26.7615,-82.0725,S2A_MSIL2A_20230207T160431_R097_T17RLK_20230208T154903,2023-02-07,0.15,58512,"['2019-11-30', '2021-03-14', '2021-04-08']"
283,26.7615,-82.0725,S2B_MSIL2A_20200707T155819_R097_T17RLK_20200912T094138,2020-07-07,0.16,58356,"['2019-11-30', '2021-03-14', '2021-04-08']"
283,26.7615,-82.0725,S2C_MSIL2A_20250726T155921_R097_T17RLK_20250726T211924,2025-07-26,0.25,58428,"['2019-11-30', '2021-03-14', '2021-04-08']"
284,26.78460988,-82.07271714,S2C_MSIL2A_20250417T155921_R097_T17RLK_20250418T083115,2025-04-17,0.0,63664,"['2019-11-30', '2021-03-14', '2021-03-14', '2021-04-08', '2021-04-08']"
284,26.78460988,-82.07271714,S2B_MSIL2A_20211109T160459_R097_T17RLK_20211110T021037,2021-11-09,0.01,63096,"['2019-11-30', '2021-03-14', '2021-03-14', '2021-04-08', '2021-04-08']"
284,26.78460988,-82.07271714,S2A_MSIL2A_20181230T160651_R097_T17RLK_20201008T141453,2018-12-30,0.02,63376,"['2019-11-30', '2021-03-14', '2021-03-14', '2021-04-08', '2021-04-08']"
284,26.78460988,-82.07271714,S2B_MSIL2A_20190325T155909_R097_T17RLK_20201007T104120,2019-03-25,0.04,63316,"['2019-11-30', '2021-03-14', '2021-03-14', '2021-04-08', '2021-04-08']"
284,26.78460988,-82.07271714,S2B_MSIL2A_20190524T155829_R097_T17RLK_20201006T175852,2019-05-24,1.39,62496,"['2019-11-30', '2021-03-14', '2021-03-14', '2021-04-08', '2021-04-08']"
285,26.73839004,-82.07228312,S2B_MSIL2A_20231119T160549_R097_T17RLK_20241019T084741,2023-11-19,0.0,42288,['2019-11-30']
285,26.73839004,-82.07228312,S2A_MSIL2A_20170926T160021_R097_T17RLK_20210202T100817,2017-09-26,0.01,42288,['2019-11-30']
285,26.73839004,-82.07228312,S2A_MSIL2A_20200503T155911_R097_T17RLK_20200920T080007,2020-05-03,0.12,42176,['2019-11-30']
285,26.73839004,-82.07228312,S2A_MSIL2A_20230627T155821_R097_T17RLK_20230628T022813,2023-06-27,0.43,42040,['2019-11-30']
285,26.73839004,-82.07228312,S2A_MSIL2A_20160802T155912_R097_T17RLK_20210212T102714,2016-08-02,0.57,41776,['2019-11-30']
292,26.70915,-82.2479,S2B_MSIL2A_20250820T155819_R097_T17RLK_20250820T211624,2025-08-20,0.18,55240,"['2018-11-10', '2019-11-20', '2020-08-26']"
292,26.70915,-82.2479,S2B_MSIL2A_20201124T160609_R097_T17RLK_20201125T192103,2020-11-24,0.78,54712,"['2018-11-10', '2019-11-20', '2020-08-26']"
292,26.70915,-82.2479,S2B_MSIL2A_20171210T160639_R097_T17RLK_20201014T131722,2017-12-10,0.79,54712,"['2018-11-10', '2019-11-20', '2020-08-26']"
292,26.70915,-82.2479,S2A_MSIL2A_20160822T155902_R097_T17RLK_20210212T165915,2016-08-22,0.81,54464,"['2018-11-10', '2019-11-20', '2020-08-26']"
292,26.70915,-82.2479,S2B_MSIL2A_20210811T155819_R097_T17RLK_20210812T040634,2021-08-11,0.85,54540,"['2018-11-10', '2019-11-20', '2020-08-26']"
293,26.73225861,-82.24815207,S2B_MSIL2A_20240726T155819_R097_T17RLK_20240726T201315,2024-07-26,0.0,58572,"['2018-11-10', '2019-11-20']"
293,26.73225861,-82.24815207,S2B_MSIL2A_20240417T155819_R097_T17RLK_20240417T231836,2024-04-17,0.0,58548,"['2018-11-10', '2019-11-20']"
293,26.73225861,-82.24815207,S2A_MSIL2A_20230627T155821_R097_T17RLK_20230628T022813,2023-06-27,0.01,58176,"['2018-11-10', '2019-11-20']"
293,26.73225861,-82.24815207,S2A_MSIL2A_20221129T160621_R097_T17RLK_20221201T184802,2022-11-29,0.02,58660,"['2018-11-10', '2019-11-20']"
293,26.73225861,-82.24815207,S2B_MSIL2A_20201015T160149_R097_T17RLK_20201019T065151,2020-10-15,0.31,58756,"['2018-11-10', '2019-11-20']"
298,26.68881701,-82.23232018,S2B_MSIL2A_20241004T160029_R097_T17RLK_20241004T212302,2024-10-04,0.0,57568,['2018-11-10']
298,26.68881701,-82.23232018,S2A_MSIL2A_20230508T155901_R097_T17RLK_20230509T022430,2023-05-08,0.0,57888,['2018-11-10']
298,26.68881701,-82.23232018,S2C_MSIL2A_20251113T160531_R097_T17RLK_20251113T194111,2025-11-13,0.13,57812,['2018-11-10']
298,26.68881701,-82.23232018,S2B_MSIL2A_20190325T155909_R097_T17RLK_20201007T104120,2019-03-25,0.27,57084,['2018-11-10']
298,26.68881701,-82.23232018,S2B_MSIL2A_20211229T160649_R097_T17RLK_20211230T211628,2021-12-29,0.27,56984,['2018-11-10']
302,26.6092,-82.221,S2B_MSIL2A_20240207T160429_R097_T17RLK_20240207T220711,2024-02-07,0.0,58700,['2018-08-17']
302,26.6092,-82.221,S2A_MSIL2A_20230905T155821_R097_T17RLK_20230906T021255,2023-09-05,0.0,58328,['2018-08-17']
302,26.6092,-82.221,S2B_MSIL2A_20250820T155819_R097_T17RLK_20250820T211624,2025-08-20,0.52,58024,['2018-08-17']
302,26.6092,-82.221,S2A_MSIL2A_20230207T160431_R097_T17RLK_20230208T154903,2023-02-07,0.65,58180,['2018-08-17']
302,26.6092,-82.221,S2A_MSIL2A_20190129T160521_R097_T17RLK_20201008T053752,2019-01-29,1.58,57668,['2018-08-17']
308,27.52858449,-82.69726391,S2A_MSIL2A_20230915T155901_R097_T17RLL_20241103T091138,2023-09-15,0.0,65584,['2021-07-17']
308,27.52858449,-82.69726391,S2B_MSIL2A_20241014T160129_R097_T17RLL_20241014T202025,2024-10-14,0.01,65572,['2021-07-17']
308,27.52858449,-82.69726391,S2A_MSIL2A_20200403T155901_R097_T17RLL_20200924T200432,2020-04-03,0.05,65452,['2021-07-17']
308,27.52858449,-82.69726391,S2B_MSIL2A_20171210T160639_R097_T17RLL_20201014T131728,2017-12-10,0.06,65536,['2021-07-17']
308,27.52858449,-82.69726391,S2B_MSIL2A_20210413T155819_R097_T17RLL_20210414T111142,2021-04-13,0.11,65448,['2021-07-17']
309,27.52889846,-82.67135031,S2B_MSIL2A_20220329T155819_R097_T17RLL_20220330T040452,2022-03-29,0.0,59104,['2021-07-17']
309,27.52889846,-82.67135031,S2B_MSIL2A_20240207T160429_R097_T17RLL_20240207T220723,2024-02-07,0.0,59168,['2021-07-17']
309,27.52889846,-82.67135031,S2A_MSIL2A_20180504T155911_R097_T17RLL_20201012T054309,2018-05-04,0.32,58880,['2021-07-17']
309,27.52889846,-82.67135031,S2A_MSIL2A_20200203T160451_R097_T17RLL_20200930T153519,2020-02-03,0.34,59068,['2021-07-17']
309,27.52889846,-82.67135031,S2A_MSIL2A_20190208T160421_R097_T17RLL_20201007T150135,2019-02-08,0.42,59032,['2021-07-17']
310,27.5292076,-82.64543629,S2C_MSIL2A_20250417T155921_R097_T17RLL_20250418T083115,2025-04-17,0.0,52140,['2021-07-17']
310,27.5292076,-82.64543629,S2B_MSIL2A_20181205T160639_R097_T17RLL_20201008T074224,2018-12-05,0.17,51744,['2021-07-17']
310,27.5292076,-82.64543629,S2A_MSIL2A_20211124T160611_R097_T17RLL_20211125T043051,2021-11-24,0.23,51272,['2021-07-17']
310,27.5292076,-82.64543629,S2B_MSIL2A_20171210T160639_R097_T17RLL_20201014T131728,2017-12-10,0.26,51208,['2021-07-17']
310,27.5292076,-82.64543629,S2A_MSIL2A_20210128T160521_R097_T17RLL_20210202T105133,2021-01-28,0.29,51344,['2021-07-17']
311,30.382596,-86.500029,S2A_MSIL2A_20250505T162701_R040_T16REU_20250506T033500,2025-05-05,0.0,44504,"['2015-10-23', '2021-09-26', '2021-10-26']"
311,30.382596,-86.500029,S2A_MSIL2A_20240806T161901_R040_T16REU_20240806T214652,2024-08-06,0.15,44904,"['2015-10-23', '2021-09-26', '2021-10-26']"
311,30.382596,-86.500029,S2C_MSIL2A_20250202T162531_R040_T16REU_20250204T172110,2025-02-02,0.85,44792,"['2015-10-23', '2021-09-26', '2021-10-26']"
311,30.382596,-86.500029,S2B_MSIL2A_20220424T161829_R040_T16REU_20240605T152500,2022-04-24,1.14,43864,"['2015-10-23', '2021-09-26', '2021-10-26']"
311,30.382596,-86.500029,S2A_MSIL2A_20241124T162621_R040_T16REU_20241124T204153,2024-11-24,1.47,44828,"['2015-10-23', '2021-09-26', '2021-10-26']"
312,30.40579606,-86.52656234,S2B_MSIL2A_20180823T161819_R040_T16REU_20201011T060504,2018-08-23,0.01,65660,"['2021-09-26', '2021-10-26', '2023-06-28', '2023-07-18']"
312,30.40579606,-86.52656234,S2B_MSIL2A_20180115T162619_R040_T16REU_20201014T060424,2018-01-15,0.02,65500,"['2021-09-26', '2021-10-26', '2023-06-28', '2023-07-18']"
312,30.40579606,-86.52656234,S2A_MSIL2A_20181116T162541_R040_T16REU_20201008T190306,2018-11-16,0.09,65624,"['2021-09-26', '2021-10-26', '2023-06-28', '2023-07-18']"
312,30.40579606,-86.52656234,S2B_MSIL2A_20190321T161949_R040_T16REU_20201007T090841,2019-03-21,0.09,65568,"['2021-09-26', '2021-10-26', '2023-06-28', '2023-07-18']"
312,30.40579606,-86.52656234,S2A_MSIL2A_20190803T161911_R040_T16REU_20201004T195453,2019-08-03,0.11,65476,"['2021-09-26', '2021-10-26', '2023-06-28', '2023-07-18']"
313,30.38269524,-86.52667374,S2B_MSIL2A_20250727T161829_R040_T16REU_20250727T202049,2025-07-27,0.0,51784,"['2018-10-27', '2021-09-26', '2021-10-26']"
313,30.38269524,-86.52667374,S2C_MSIL2A_20250413T161851_R040_T16REU_20250413T212014,2025-04-13,0.91,51676,"['2018-10-27', '2021-09-26', '2021-10-26']"
313,30.38269524,-86.52667374,S2B_MSIL2A_20220424T161829_R040_T16REU_20240605T152500,2022-04-24,1.32,50872,"['2018-10-27', '2021-09-26', '2021-10-26']"
313,30.38269524,-86.52667374,S2A_MSIL2A_20190704T161911_R040_T16REU_20201005T090758,2019-07-04,5.88,50656,"['2018-10-27', '2021-09-26', '2021-10-26']"
313,30.38269524,-86.52667374,S2A_MSIL2A_20200718T161911_R040_T16REU_20200816T144517,2020-07-18,6.3,50464,"['2018-10-27', '2021-09-26', '2021-10-26']"
314,30.38249133,-86.4733844,S2A_MSIL2A_20230911T161841_R040_T16REU_20240915T101838,2023-09-11,0.0,36064,"['2015-10-23', '2021-09-26', '2021-10-26']"
314,30.38249133,-86.4733844,S2C_MSIL2A_20250202T162531_R040_T16REU_20250204T172110,2025-02-02,0.0,36252,"['2015-10-23', '2021-09-26', '2021-10-26']"
314,30.38249133,-86.4733844,S2B_MSIL2A_20230718T161839_R040_T16REU_20230718T203332,2023-07-18,0.14,36284,"['2015-10-23', '2021-09-26', '2021-10-26']"
314,30.38249133,-86.4733844,S2B_MSIL2A_20230419T161829_R040_T16REU_20240831T090015,2023-04-19,0.25,36300,"['2015-10-23', '2021-09-26', '2021-10-26']"
314,30.38249133,-86.4733844,S2B_MSIL2A_20250905T161829_R040_T16REU_20250905T202408,2025-09-05,0.57,36472,"['2015-10-23', '2021-09-26', '2021-10-26']"
315,26.4983,-82.007217,S2B_MSIL2A_20220329T155819_R097_T17RLK_20220330T043156,2022-03-29,0.0,41764,['2019-11-10']
315,26.4983,-82.007217,S2B_MSIL2A_20241213T160559_R097_T17RLK_20241213T200052,2024-12-13,0.01,42988,['2019-11-10']
315,26.4983,-82.007217,S2B_MSIL2A_20211229T160649_R097_T17RLK_20211230T211628,2021-12-29,0.26,41544,['2019-11-10']
315,26.4983,-82.007217,S2A_MSIL2A_20190119T160601_R097_T17RLK_20201008T024952,2019-01-19,0.3,41724,['2019-11-10']
315,26.4983,-82.007217,S2A_MSIL2A_20170926T160021_R097_T17RLK_20210202T100817,2017-09-26,0.74,41012,['2019-11-10']
316,26.52141122,-82.0074186,S2B_MSIL2A_20250820T155819_R097_T17RLK_20250820T211624,2025-08-20,0.0,44060,['2019-11-10']
316,26.52141122,-82.0074186,S2C_MSIL2A_20260221T160301_R097_T17RLK_20260221T192217,2026-02-21,0.0,44924,['2019-11-10']
316,26.52141122,-82.0074186,S2A_MSIL2A_20230207T160431_R097_T17RLK_20230208T154903,2023-02-07,0.06,45512,['2019-11-10']
316,26.52141122,-82.0074186,S2A_MSIL2A_20161120T160552_R097_T17RLK_20210414T172327,2016-11-20,1.32,43540,['2019-11-10']
316,26.52141122,-82.0074186,S2A_MSIL2A_20190129T160521_R097_T17RLK_20201008T053752,2019-01-29,1.57,43724,['2019-11-10']
317,26.52122743,-82.03310911,S2A_MSIL2A_20220831T155831_R097_T17RLK_20220901T183018,2022-08-31,0.0,56768,"['2016-02-14', '2018-04-29', '2018-08-07', '2019-11-10']"
317,26.52122743,-82.03310911,S2B_MSIL2A_20190325T155909_R097_T17RLK_20201007T104120,2019-03-25,0.01,56852,"['2016-02-14', '2018-04-29', '2018-08-07', '2019-11-10']"
317,26.52122743,-82.03310911,S2A_MSIL2A_20170310T160041_R097_T17RLK_20210208T212028,2017-03-10,0.02,57016,"['2016-02-14', '2018-04-29', '2018-08-07', '2019-11-10']"
317,26.52122743,-82.03310911,S2A_MSIL2A_20170509T155911_R097_T17RLK_20210209T141858,2017-05-09,0.04,57016,"['2016-02-14', '2018-04-29', '2018-08-07', '2019-11-10']"
317,26.52122743,-82.03310911,S2A_MSIL2A_20201209T160641_R097_T17RLK_20210105T205635,2020-12-09,0.1,56728,"['2016-02-14', '2018-04-29', '2018-08-07', '2019-11-10']"
318,26.4981164,-82.03290237,S2B_MSIL2A_20220329T155819_R097_T17RLK_20220330T043156,2022-03-29,0.0,57740,"['2016-02-14', '2018-04-29', '2018-08-07', '2019-11-10']"
318,26.4981164,-82.03290237,S2A_MSIL2A_20170509T155911_R097_T17RLK_20210209T141858,2017-05-09,0.05,57808,"['2016-02-14', '2018-04-29', '2018-08-07', '2019-11-10']"
318,26.4981164,-82.03290237,S2A_MSIL2A_20210428T155901_R097_T17RLK_20210429T124325,2021-04-28,0.1,57684,"['2016-02-14', '2018-04-29', '2018-08-07', '2019-11-10']"
318,26.4981164,-82.03290237,S2C_MSIL2A_20250318T160021_R097_T17RLK_20250318T212400,2025-03-18,0.24,58720,"['2016-02-14', '2018-04-29', '2018-08-07', '2019-11-10']"
318,26.4981164,-82.03290237,S2A_MSIL2A_20230207T160431_R097_T17RLK_20230208T154903,2023-02-07,0.36,59520,"['2016-02-14', '2018-04-29', '2018-08-07', '2019-11-10']"
319,26.47500529,-82.03269588,S2A_MSIL2A_20230508T155901_R097_T17RLK_20230509T022430,2023-05-08,0.01,66484,"['2016-02-14', '2018-08-07', '2019-11-10']"
319,26.47500529,-82.03269588,S2B_MSIL2A_20220518T155819_R097_T17RLK_20220520T110426,2022-05-18,0.35,65668,"['2016-02-14', '2018-08-07', '2019-11-10']"
319,26.47500529,-82.03269588,S2A_MSIL2A_20161120T160552_R097_T17RLK_20210414T172327,2016-11-20,1.5,64932,"['2016-02-14', '2018-08-07', '2019-11-10']"
319,26.47500529,-82.03269588,S2B_MSIL2A_20240417T155819_R097_T17RLK_20240417T231836,2024-04-17,1.59,65400,"['2016-02-14', '2018-08-07', '2019-11-10']"
319,26.47500529,-82.03269588,S2B_MSIL2A_20200707T155819_R097_T17RLK_20200912T094138,2020-07-07,1.63,64912,"['2016-02-14', '2018-08-07', '2019-11-10']"
320,26.47518871,-82.00701564,S2A_MSIL2A_20220831T155831_R097_T17RLK_20220901T183018,2022-08-31,0.0,62156,"['2018-11-10', '2019-11-10']"
320,26.47518871,-82.00701564,S2C_MSIL2A_20250226T160251_R097_T17RLK_20250226T192212,2025-02-26,0.0,62412,"['2018-11-10', '2019-11-10']"
320,26.47518871,-82.00701564,S2B_MSIL2A_20211010T160109_R097_T17RLK_20211011T020558,2021-10-10,0.52,61752,"['2018-11-10', '2019-11-10']"
320,26.47518871,-82.00701564,S2B_MSIL2A_20210821T155819_R097_T17RLK_20210822T082453,2021-08-21,0.6,61796,"['2018-11-10', '2019-11-10']"
320,26.47518871,-82.00701564,S2B_MSIL2A_20241024T160239_R097_T17RLK_20241024T213906,2024-10-24,0.93,61660,"['2018-11-10', '2019-11-10']"
321,26.47536751,-81.98133516,S2A_MSIL2A_20220930T160051_R097_T17RMK_20240726T095241,2022-09-30,0.0,49824,"['2018-11-10', '2019-11-10']"
321,26.47536751,-81.98133516,S2B_MSIL2A_20240207T160429_R097_T17RMK_20240207T220719,2024-02-07,0.0,50012,"['2018-11-10', '2019-11-10']"
321,26.47536751,-81.98133516,S2B_MSIL2A_20241203T160539_R097_T17RMK_20241203T200858,2024-12-03,0.01,49880,"['2018-11-10', '2019-11-10']"
321,26.47536751,-81.98133516,S2A_MSIL2A_20221219T160701_R097_T17RMK_20221220T120549,2022-12-19,0.3,49792,"['2018-11-10', '2019-11-10']"
321,26.47536751,-81.98133516,S2A_MSIL2A_20180414T155901_R097_T17RLK_20201012T221013,2018-04-14,0.71,48156,"['2018-11-10', '2019-11-10']"
322,26.52159037,-81.98172785,S2A_MSIL2A_20220930T160051_R097_T17RMK_20240726T095241,2022-09-30,0.0,52676,['2019-11-10']
322,26.52159037,-81.98172785,S2A_MSIL2A_20210128T160521_R097_T17RLK_20210129T081603,2021-01-28,0.96,52164,['2019-11-10']
322,26.52159037,-81.98172785,S2A_MSIL2A_20180305T160131_R097_T17RLK_20201013T065315,2018-03-05,1.01,52156,['2019-11-10']
322,26.52159037,-81.98172785,S2B_MSIL2A_20200408T155819_R097_T17RLK_20200925T140327,2020-04-08,1.01,52120,['2019-11-10']
322,26.52159037,-81.98172785,S2A_MSIL2A_20190926T160021_R097_T17RLK_20201004T171725,2019-09-26,1.12,51928,['2019-11-10']
323,27.58473394,-80.34769415,S2A_MSIL2A_20161207T160512_R054_T17RNL_20210213T184601,2016-12-07,1.27,55260,['2018-10-28']
323,27.58473394,-80.34769415,S2A_MSIL2A_20190205T160511_R054_T17RNL_20201007T141137,2019-02-05,1.37,55288,['2018-10-28']
323,27.58473394,-80.34769415,S2B_MSIL2A_20180416T160509_R054_T17RNL_20201012T231130,2018-04-16,1.7,54608,['2018-10-28']
323,27.58473394,-80.34769415,S2B_MSIL2A_20210907T160509_R054_T17RNL_20210908T055102,2021-09-07,1.98,54520,['2018-10-28']
323,27.58473394,-80.34769415,S2A_MSIL2A_20160720T160512_R054_T17RNL_20210212T062602,2016-07-20,2.28,54272,['2018-10-28']
324,27.56162414,-80.3478308,S2A_MSIL2A_20241205T160511_R054_T17RNL_20241205T205449,2024-12-05,0.0,53028,['2018-10-28']
324,27.56162414,-80.3478308,S2B_MSIL2A_20230510T160519_R054_T17RNL_20230510T222911,2023-05-10,0.0,53356,['2018-10-28']
324,27.56162414,-80.3478308,S2B_MSIL2A_20240921T160509_R054_T17RNL_20240921T213535,2024-09-21,0.0,52916,['2018-10-28']
324,27.56162414,-80.3478308,S2B_MSIL2A_20231017T160509_R054_T17RNL_20241020T172838,2023-10-17,0.0,51944,['2018-10-28']
324,27.56162414,-80.3478308,S2A_MSIL2A_20240130T160511_R054_T17RNL_20240130T222104,2024-01-30,0.0,52836,['2018-10-28']
325,26.53480962,-82.20624153,S2B_MSIL2A_20240726T155819_R097_T17RLK_20240726T201315,2024-07-26,0.0,60904,['2018-09-16']
325,26.53480962,-82.20624153,S2A_MSIL2A_20200304T160131_R097_T17RLK_20201101T170705,2020-03-04,0.53,60332,['2018-09-16']
325,26.53480962,-82.20624153,S2B_MSIL2A_20210413T155819_R097_T17RLK_20210414T112048,2021-04-13,0.53,60276,['2018-09-16']
325,26.53480962,-82.20624153,S2A_MSIL2A_20210528T155901_R097_T17RLK_20210529T045824,2021-05-28,0.57,60020,['2018-09-16']
325,26.53480962,-82.20624153,S2B_MSIL2A_20220518T155819_R097_T17RLK_20220520T110426,2022-05-18,0.62,60420,['2018-09-16']
327,27.7633,-80.3965,S2B_MSIL2A_20260325T160509_R054_T17RNL_20260325T194353,2026-03-25,0.31,35772,['2018-10-16']
327,27.7633,-80.3965,S2B_MSIL2A_20240921T160509_R054_T17RNL_20240921T213535,2024-09-21,0.71,36148,['2018-10-16']
327,27.7633,-80.3965,S2B_MSIL2A_20241203T160539_R097_T17RNL_20241203T200858,2024-12-03,0.94,35716,['2018-10-16']
327,27.7633,-80.3965,S2B_MSIL2A_20211129T160619_R097_T17RNL_20211130T095237,2021-11-29,1.12,35756,['2018-10-16']
327,27.7633,-80.3965,S2A_MSIL2A_20170330T155901_R097_T17RNL_20210209T030943,2017-03-30,1.54,35392,['2018-10-16']
332,26.902773,-82.0964,S2B_MSIL2A_20260328T155859_R097_T17RLK_20260328T200110,2026-03-28,0.0,39756,"['2019-11-25', '2023-05-28']"
332,26.902773,-82.0964,S2A_MSIL2A_20221129T160621_R097_T17RLK_20221201T184802,2022-11-29,0.0,39752,"['2019-11-25', '2023-05-28']"
332,26.902773,-82.0964,S2A_MSIL2A_20220930T160051_R097_T17RLK_20221001T110830,2022-09-30,0.02,39620,"['2019-11-25', '2023-05-28']"
332,26.902773,-82.0964,S2B_MSIL2A_20180218T160309_R097_T17RLK_20201013T225422,2018-02-18,0.68,39520,"['2019-11-25', '2023-05-28']"
332,26.902773,-82.0964,S2A_MSIL2A_20210528T155901_R097_T17RLK_20210529T045824,2021-05-28,0.9,38856,"['2019-11-25', '2023-05-28']"
334,26.92567956,-82.12240408,S2A_MSIL2A_20190119T160601_R097_T17RLK_20201008T024952,2019-01-19,0.0,64844,"['2019-11-25', '2021-04-13', '2021-04-28']"
334,26.92567956,-82.12240408,S2A_MSIL2A_20220202T160501_R097_T17RLK_20220513T005023,2022-02-02,0.0,64856,"['2019-11-25', '2021-04-13', '2021-04-28']"
334,26.92567956,-82.12240408,S2A_MSIL2A_20230207T160431_R097_T17RLK_20230208T154903,2023-02-07,0.0,64720,"['2019-11-25', '2021-04-13', '2021-04-28']"
334,26.92567956,-82.12240408,S2C_MSIL2A_20251113T160531_R097_T17RLK_20251113T194111,2025-11-13,0.0,64864,"['2019-11-25', '2021-04-13', '2021-04-28']"
334,26.92567956,-82.12240408,S2B_MSIL2A_20231219T160659_R097_T17RLK_20231222T001352,2023-12-19,0.0,64808,"['2019-11-25', '2021-04-13', '2021-04-28']"
335,26.90257053,-82.12217549,S2A_MSIL2A_20230207T160431_R097_T17RLK_20230208T154903,2023-02-07,0.0,66564,['2019-11-25']
335,26.90257053,-82.12217549,S2A_MSIL2A_20201209T160641_R097_T17RLK_20210105T205635,2020-12-09,0.0,66564,['2019-11-25']
335,26.90257053,-82.12217549,S2A_MSIL2A_20221209T160651_R097_T17RLK_20221210T140135,2022-12-09,0.0,66192,['2019-11-25']
335,26.90257053,-82.12217549,S2B_MSIL2A_20200905T155829_R097_T17RLK_20201027T145935,2020-09-05,0.0,66564,['2019-11-25']
335,26.90257053,-82.12217549,S2B_MSIL2A_20240507T155819_R097_T17RLK_20240507T222607,2024-05-07,0.0,66564,['2019-11-25']
336,26.87966369,-82.09617693,S2B_MSIL2A_20190325T155909_R097_T17RLK_20201007T104120,2019-03-25,0.0,64468,"['2019-11-25', '2023-05-28']"
336,26.87966369,-82.09617693,S2A_MSIL2A_20180315T160021_R097_T17RLK_20201013T091802,2018-03-15,0.0,64500,"['2019-11-25', '2023-05-28']"
336,26.87966369,-82.09617693,S2B_MSIL2A_20220617T155829_R097_T17RLK_20240620T025908,2022-06-17,0.0,64104,"['2019-11-25', '2023-05-28']"
336,26.87966369,-82.09617693,S2B_MSIL2A_20260328T155859_R097_T17RLK_20260328T200110,2026-03-28,0.0,64524,"['2019-11-25', '2023-05-28']"
336,26.87966369,-82.09617693,S2A_MSIL2A_20210528T155901_R097_T17RLK_20210529T045824,2021-05-28,0.02,64040,"['2019-11-25', '2023-05-28']"
337,26.87986126,-82.07040641,S2B_MSIL2A_20231119T160549_R097_T17RLK_20241019T084741,2023-11-19,0.0,41624,['2019-11-25']
337,26.87986126,-82.07040641,S2B_MSIL2A_20201124T160609_R097_T17RLK_20201125T192103,2020-11-24,0.01,42112,['2019-11-25']
337,26.87986126,-82.07040641,S2A_MSIL2A_20161110T160502_R097_T17RLK_20210414T034146,2016-11-10,0.01,42320,['2019-11-25']
337,26.87986126,-82.07040641,S2B_MSIL2A_20190325T155909_R097_T17RLK_20201007T104120,2019-03-25,0.01,42456,['2019-11-25']
337,26.87986126,-82.07040641,S2B_MSIL2A_20220518T155819_R097_T17RLK_20220520T110426,2022-05-18,0.02,41548,['2019-11-25']
338,26.62214301,-82.21057964,S2C_MSIL2A_20250606T155841_R097_T17RLK_20250606T212214,2025-06-06,0.0,64228,"['2018-08-07', '2019-11-20']"
338,26.62214301,-82.21057964,S2B_MSIL2A_20240227T160129_R097_T17RLK_20240227T211506,2024-02-27,0.01,64316,"['2018-08-07', '2019-11-20']"
338,26.62214301,-82.21057964,S2B_MSIL2A_20231219T160659_R097_T17RLK_20231222T001352,2023-12-19,0.28,64120,"['2018-08-07', '2019-11-20']"
338,26.62214301,-82.21057964,S2B_MSIL2A_20211010T160109_R097_T17RLK_20211011T020558,2021-10-10,0.45,63904,"['2018-08-07', '2019-11-20']"
338,26.62214301,-82.21057964,S2B_MSIL2A_20251228T160559_R097_T17RLK_20251228T210144,2025-12-28,0.48,64084,"['2018-08-07', '2019-11-20']"
339,26.59903371,-82.21033632,S2C_MSIL2A_20250626T155921_R097_T17RLK_20250626T214021,2025-06-26,0.0,51588,"['2018-08-07', '2019-11-20']"
339,26.59903371,-82.21033632,S2C_MSIL2A_20250318T160021_R097_T17RLK_20250318T212400,2025-03-18,0.04,51972,"['2018-08-07', '2019-11-20']"
339,26.59903371,-82.21033632,S2B_MSIL2A_20241004T160029_R097_T17RLK_20241004T212302,2024-10-04,0.31,51800,"['2018-08-07', '2019-11-20']"
339,26.59903371,-82.21033632,S2B_MSIL2A_20171120T160539_R097_T17RLK_20201014T211532,2017-11-20,0.72,51380,"['2018-08-07', '2019-11-20']"
339,26.59903371,-82.21033632,S2B_MSIL2A_20210712T155819_R097_T17RLK_20210713T093405,2021-07-12,1.1,50796,"['2018-08-07', '2019-11-20']"
340,26.57592434,-82.21009329,S2B_MSIL2A_20241004T160029_R097_T17RLK_20241004T212302,2024-10-04,0.01,58864,"['2018-08-07', '2019-11-20']"
340,26.57592434,-82.21009329,S2B_MSIL2A_20250820T155819_R097_T17RLK_20250820T211624,2025-08-20,0.72,57544,"['2018-08-07', '2019-11-20']"
340,26.57592434,-82.21009329,S2A_MSIL2A_20180414T155901_R097_T17RLK_20201012T221013,2018-04-14,1.73,55344,"['2018-08-07', '2019-11-20']"
340,26.57592434,-82.21009329,S2A_MSIL2A_20160802T155912_R097_T17RLK_20210212T102714,2016-08-02,2.21,55204,"['2018-08-07', '2019-11-20']"
340,26.57592434,-82.21009329,S2C_MSIL2A_20251024T160341_R097_T17RLK_20251024T191119,2025-10-24,2.31,57436,"['2018-08-07', '2019-11-20']"
344,26.85503821,-82.32881874,S2A_MSIL2A_20230508T155901_R097_T17RLK_20230509T022430,2023-05-08,0.0,66200,"['2019-11-10', '2021-08-21']"
344,26.85503821,-82.32881874,S2B_MSIL2A_20200617T155829_R097_T17RLK_20200823T032741,2020-06-17,0.09,65784,"['2019-11-10', '2021-08-21']"
344,26.85503821,-82.32881874,S2A_MSIL2A_20180315T160021_R097_T17RLK_20201013T091802,2018-03-15,0.12,65832,"['2019-11-10', '2021-08-21']"
344,26.85503821,-82.32881874,S2B_MSIL2A_20171120T160539_R097_T17RLK_20201014T211532,2017-11-20,0.12,65848,"['2019-11-10', '2021-08-21']"
344,26.85503821,-82.32881874,S2B_MSIL2A_20211109T160459_R097_T17RLK_20211110T021037,2021-11-09,0.13,65840,"['2019-11-10', '2021-08-21']"
347,25.91165,-81.72805,S2B_MSIL2A_20241203T160539_R097_T17RMJ_20241203T200858,2024-12-03,0.01,45788,"['2018-08-07', '2019-11-20', '2020-12-19']"
347,25.91165,-81.72805,S2C_MSIL2A_20250206T160501_R097_T17RMJ_20250206T192610,2025-02-06,0.55,45400,"['2018-08-07', '2019-11-20', '2020-12-19']"
347,25.91165,-81.72805,S2B_MSIL2A_20251228T160559_R097_T17RMJ_20251228T210144,2025-12-28,1.49,44760,"['2018-08-07', '2019-11-20', '2020-12-19']"
347,25.91165,-81.72805,S2A_MSIL2A_20220212T160401_R097_T17RMJ_20220222T100522,2022-02-12,2.19,44308,"['2018-08-07', '2019-11-20', '2020-12-19']"
347,25.91165,-81.72805,S2A_MSIL2A_20220831T155831_R097_T17RMJ_20240710T181707,2022-08-31,2.36,43932,"['2018-08-07', '2019-11-20', '2020-12-19']"
348,27.615477,-82.725339,S2B_MSIL2A_20250502T155819_R097_T17RLL_20250502T211036,2025-05-02,0.16,47556,"['2016-10-01', '2018-10-16', '2021-07-17']"
348,27.615477,-82.725339,S2C_MSIL2A_20250726T155921_R097_T17RLL_20250726T211924,2025-07-26,0.51,46576,"['2016-10-01', '2018-10-16', '2021-07-17']"
348,27.615477,-82.725339,S2B_MSIL2A_20240227T160129_R097_T17RLL_20240227T221322,2024-02-27,0.7,46904,"['2016-10-01', '2018-10-16', '2021-07-17']"
348,27.615477,-82.725339,S2B_MSIL2A_20191011T160209_R097_T17RLL_20201004T011540,2019-10-11,1.34,46588,"['2016-10-01', '2018-10-16', '2021-07-17']"
348,27.615477,-82.725339,S2A_MSIL2A_20200403T155901_R097_T17RLL_20200924T200432,2020-04-03,1.84,46600,"['2016-10-01', '2018-10-16', '2021-07-17']"
349,27.63857761,-82.72570131,S2A_MSIL2A_20230418T155821_R097_T17RLL_20230419T160550,2023-04-18,0.0,48964,"['2018-10-16', '2021-07-17']"
349,27.63857761,-82.72570131,S2A_MSIL2A_20240412T155901_R097_T17RLL_20240413T001435,2024-04-12,0.04,48860,"['2018-10-16', '2021-07-17']"
349,27.63857761,-82.72570131,S2B_MSIL2A_20211229T160649_R097_T17RLL_20211230T213445,2021-12-29,0.11,48732,"['2018-10-16', '2021-07-17']"
349,27.63857761,-82.72570131,S2A_MSIL2A_20200203T160451_R097_T17RLL_20200930T153519,2020-02-03,0.35,48776,"['2018-10-16', '2021-07-17']"
349,27.63857761,-82.72570131,S2A_MSIL2A_20161021T160402_R097_T17RLL_20210213T130416,2016-10-21,0.52,48364,"['2018-10-16', '2021-07-17']"
350,27.63825232,-82.75163997,S2B_MSIL2A_20250502T155819_R097_T17RLL_20250502T211036,2025-05-02,0.01,60716,"['2018-10-16', '2021-07-17', '2022-12-14']"
350,27.63825232,-82.75163997,S2B_MSIL2A_20240207T160429_R097_T17RLL_20240207T220723,2024-02-07,1.9,59736,"['2018-10-16', '2021-07-17', '2022-12-14']"
350,27.63825232,-82.75163997,S2A_MSIL2A_20160911T155902_R097_T17RLL_20210212T235312,2016-09-11,2.27,60920,"['2018-10-16', '2021-07-17', '2022-12-14']"
350,27.63825232,-82.75163997,S2B_MSIL2A_20190325T155909_R097_T17RLL_20201007T104123,2019-03-25,3.43,60420,"['2018-10-16', '2021-07-17', '2022-12-14']"
350,27.63825232,-82.75163997,S2A_MSIL2A_20170529T155911_R097_T17RLL_20210209T190254,2017-05-29,3.94,59972,"['2018-10-16', '2021-07-17', '2022-12-14']"
351,27.59205166,-82.7509049,S2B_MSIL2A_20240825T155819_R097_T17RLL_20240825T202603,2024-08-25,0.0,57068,['2021-07-17']
351,27.59205166,-82.7509049,S2B_MSIL2A_20220508T155819_R097_T17RLL_20240611T235210,2022-05-08,0.01,56964,['2021-07-17']
351,27.59205166,-82.7509049,S2A_MSIL2A_20240929T160051_R097_T17RLL_20240929T214148,2024-09-29,0.48,57576,['2021-07-17']
351,27.59205166,-82.7509049,S2A_MSIL2A_20190926T160021_R097_T17RLL_20201004T171728,2019-09-26,0.79,56904,['2021-07-17']
351,27.59205166,-82.7509049,S2A_MSIL2A_20180504T155911_R097_T17RLL_20201012T054309,2018-05-04,1.35,56460,['2021-07-17']
354,26.935183,-82.1669,S2B_MSIL2A_20190325T155909_R097_T17RLK_20201007T104120,2019-03-25,0.0,42076,"['2021-04-13', '2021-04-13']"
354,26.935183,-82.1669,S2B_MSIL2A_20220329T155819_R097_T17RLK_20220330T043156,2022-03-29,0.0,42016,"['2021-04-13', '2021-04-13']"
354,26.935183,-82.1669,S2B_MSIL2A_20211010T160109_R097_T17RLK_20211011T020558,2021-10-10,0.0,41676,"['2021-04-13', '2021-04-13']"
354,26.935183,-82.1669,S2B_MSIL2A_20260117T160509_R097_T17RLK_20260117T195809,2026-01-17,0.0,41420,"['2021-04-13', '2021-04-13']"
354,26.935183,-82.1669,S2A_MSIL2A_20230418T155821_R097_T17RLK_20240906T005219,2023-04-18,0.0,42252,"['2021-04-13', '2021-04-13']"
355,26.95807578,-82.19292551,S2B_MSIL2A_20241213T160559_R097_T17RLK_20241213T200052,2024-12-13,0.0,52028,['2021-04-13']
355,26.95807578,-82.19292551,S2A_MSIL2A_20230207T160431_R097_T17RLK_20230208T154903,2023-02-07,0.0,52248,['2021-04-13']
355,26.95807578,-82.19292551,S2B_MSIL2A_20251228T160559_R097_T17RLK_20251228T210144,2025-12-28,0.0,52568,['2021-04-13']
355,26.95807578,-82.19292551,S2C_MSIL2A_20250206T160501_R097_T17RLK_20250206T192610,2025-02-06,0.02,52528,['2021-04-13']
355,26.95807578,-82.19292551,S2B_MSIL2A_20191130T160619_R097_T17RLK_20201003T211031,2019-11-30,0.05,52112,['2021-04-13']
356,26.91207436,-82.16666225,S2A_MSIL2A_20170817T155901_R097_T17RLK_20210201T031945,2017-08-17,0.0,61064,"['2019-12-15', '2021-04-13', '2021-04-13']"
356,26.91207436,-82.16666225,S2A_MSIL2A_20190529T155911_R097_T17RLK_20201006T194437,2019-05-29,0.0,61088,"['2019-12-15', '2021-04-13', '2021-04-13']"
356,26.91207436,-82.16666225,S2A_MSIL2A_20160214T160352_R097_T17RLK_20210528T063443,2016-02-14,0.0,61040,"['2019-12-15', '2021-04-13', '2021-04-13']"
356,26.91207436,-82.16666225,S2A_MSIL2A_20200203T160451_R097_T17RLK_20200930T153523,2020-02-03,0.0,61256,"['2019-12-15', '2021-04-13', '2021-04-13']"
356,26.91207436,-82.16666225,S2A_MSIL2A_20190728T155911_R097_T17RLK_20201106T040318,2019-07-28,0.0,61052,"['2019-12-15', '2021-04-13', '2021-04-13']"
357,26.91228501,-82.140885,S2C_MSIL2A_20250206T160501_R097_T17RLK_20250206T192610,2025-02-06,0.0,66564,"['2017-12-10', '2021-04-13']"
357,26.91228501,-82.140885,S2B_MSIL2A_20211109T160459_R097_T17RLK_20211110T021037,2021-11-09,0.0,66556,"['2017-12-10', '2021-04-13']"
357,26.91228501,-82.140885,S2B_MSIL2A_20180218T160309_R097_T17RLK_20201013T225422,2018-02-18,0.0,66556,"['2017-12-10', '2021-04-13']"
357,26.91228501,-82.140885,S2B_MSIL2A_20221005T160119_R097_T17RLK_20221006T091333,2022-10-05,0.0,66560,"['2017-12-10', '2021-04-13']"
357,26.91228501,-82.140885,S2A_MSIL2A_20200503T155911_R097_T17RLK_20200920T080007,2020-05-03,0.0,66564,"['2017-12-10', '2021-04-13']"
359,26.66577,-82.21941,S2C_MSIL2A_20251024T160341_R097_T17RLK_20251024T191119,2025-10-24,0.0,59404,"['2018-08-07', '2020-10-15', '2023-02-07']"
359,26.66577,-82.21941,S2A_MSIL2A_20190926T160021_R097_T17RLK_20201004T171725,2019-09-26,0.15,58636,"['2018-08-07', '2020-10-15', '2023-02-07']"
359,26.66577,-82.21941,S2A_MSIL2A_20170817T155901_R097_T17RLK_20210201T031945,2017-08-17,0.16,58516,"['2018-08-07', '2020-10-15', '2023-02-07']"
359,26.66577,-82.21941,S2A_MSIL2A_20160822T155902_R097_T17RLK_20210212T165915,2016-08-22,0.18,58536,"['2018-08-07', '2020-10-15', '2023-02-07']"
359,26.66577,-82.21941,S2B_MSIL2A_20260117T160509_R097_T17RLK_20260117T195809,2026-01-17,0.24,59704,"['2018-08-07', '2020-10-15', '2023-02-07']"
360,26.64266092,-82.21916444,S2A_MSIL2A_20220304T160151_R097_T17RLK_20240528T224642,2022-03-04,0.16,62404,['2018-08-07']
360,26.64266092,-82.21916444,S2B_MSIL2A_20200408T155819_R097_T17RLK_20200925T140327,2020-04-08,0.16,62260,['2018-08-07']
360,26.64266092,-82.21916444,S2B_MSIL2A_20191110T160459_R097_T17RLK_20201003T151338,2019-11-10,0.4,62160,['2018-08-07']
360,26.64266092,-82.21916444,S2C_MSIL2A_20260221T160301_R097_T17RLK_20260221T192217,2026-02-21,0.63,62856,['2018-08-07']
360,26.64266092,-82.21916444,S2C_MSIL2A_20251113T160531_R097_T17RLK_20251113T194111,2025-11-13,0.66,62756,['2018-08-07']
361,26.64287913,-82.19344844,S2A_MSIL2A_20180305T160131_R097_T17RLK_20201013T065315,2018-03-05,0.0,59200,"['2018-08-07', '2023-02-07']"
361,26.64287913,-82.19344844,S2B_MSIL2A_20200707T155819_R097_T17RLK_20200912T094138,2020-07-07,0.0,59004,"['2018-08-07', '2023-02-07']"
361,26.64287913,-82.19344844,S2A_MSIL2A_20190728T155911_R097_T17RLK_20201106T040318,2019-07-28,0.0,59156,"['2018-08-07', '2023-02-07']"
361,26.64287913,-82.19344844,S2B_MSIL2A_20171120T160539_R097_T17RLK_20201014T211532,2017-11-20,0.0,58992,"['2018-08-07', '2023-02-07']"
361,26.64287913,-82.19344844,S2A_MSIL2A_20160214T160352_R097_T17RLK_20210528T063443,2016-02-14,0.0,58636,"['2018-08-07', '2023-02-07']"
362,26.66598843,-82.19368883,S2A_MSIL2A_20161110T160502_R097_T17RLK_20210414T034146,2016-11-10,0.0,60280,"['2018-08-07', '2020-10-15', '2023-02-07']"
362,26.66598843,-82.19368883,S2A_MSIL2A_20220831T155831_R097_T17RLK_20220901T183018,2022-08-31,0.0,60312,"['2018-08-07', '2020-10-15', '2023-02-07']"
362,26.66598843,-82.19368883,S2C_MSIL2A_20250206T160501_R097_T17RLK_20250206T192610,2025-02-06,0.0,61236,"['2018-08-07', '2020-10-15', '2023-02-07']"
362,26.66598843,-82.19368883,S2A_MSIL2A_20170817T155901_R097_T17RLK_20210201T031945,2017-08-17,0.0,60180,"['2018-08-07', '2020-10-15', '2023-02-07']"
362,26.66598843,-82.19368883,S2A_MSIL2A_20210128T160521_R097_T17RLK_20210129T081603,2021-01-28,0.01,60280,"['2018-08-07', '2020-10-15', '2023-02-07']"
363,26.68909765,-82.1939295,S2B_MSIL2A_20181205T160639_R097_T17RLK_20201008T074221,2018-12-05,0.0,60104,"['2018-08-07', '2019-11-10']"
363,26.68909765,-82.1939295,S2B_MSIL2A_20200905T155829_R097_T17RLK_20201027T145935,2020-09-05,0.0,60020,"['2018-08-07', '2019-11-10']"
363,26.68909765,-82.1939295,S2A_MSIL2A_20170926T160021_R097_T17RLK_20210202T100817,2017-09-26,0.0,60012,"['2018-08-07', '2019-11-10']"
363,26.68909765,-82.1939295,S2B_MSIL2A_20190325T155909_R097_T17RLK_20201007T104120,2019-03-25,0.0,60160,"['2018-08-07', '2019-11-10']"
363,26.68909765,-82.1939295,S2A_MSIL2A_20251215T160711_R097_T17RLK_20251215T193112,2025-12-15,0.22,60824,"['2018-08-07', '2019-11-10']"
368,25.93538605,-81.74280398,S2B_MSIL2A_20241213T160559_R097_T17RMJ_20241213T200052,2024-12-13,0.0,50908,['2019-10-11']
368,25.93538605,-81.74280398,S2C_MSIL2A_20251123T160611_R097_T17RMJ_20251123T194016,2025-11-23,0.24,50648,['2019-10-11']
368,25.93538605,-81.74280398,S2C_MSIL2A_20250308T160141_R097_T17RMJ_20250308T210216,2025-03-08,0.27,50760,['2019-10-11']
368,25.93538605,-81.74280398,S2B_MSIL2A_20260328T155859_R097_T17RMJ_20260328T200110,2026-03-28,1.02,50056,['2019-10-11']
368,25.93538605,-81.74280398,S2B_MSIL2A_20230702T155829_R097_T17RMJ_20230702T233421,2023-07-02,5.02,47312,['2019-10-11']
369,25.88928506,-81.71696029,S2B_MSIL2A_20221025T160339_R097_T17RMJ_20240724T153558,2022-10-25,0.0,60100,['2019-10-11']
369,25.88928506,-81.71696029,S2A_MSIL2A_20221219T160701_R097_T17RMJ_20221220T130546,2022-12-19,0.07,60160,['2019-10-11']
369,25.88928506,-81.71696029,S2B_MSIL2A_20250919T155839_R097_T17RMJ_20250919T211656,2025-09-19,0.91,59492,['2019-10-11']
369,25.88928506,-81.71696029,S2A_MSIL2A_20160822T155902_R097_T17RMJ_20210212T165915,2016-08-22,1.87,58860,['2019-10-11']
369,25.88928506,-81.71696029,S2A_MSIL2A_20171125T160611_R097_T17RMJ_20201014T221125,2017-11-25,2.01,59296,['2019-10-11']
370,27.84509532,-82.47111125,S2A_MSIL2A_20221209T160651_R097_T17RLL_20221210T144518,2022-12-09,0.0,39448,['2021-07-12']
370,27.84509532,-82.47111125,S2A_MSIL2A_20231104T160431_R097_T17RLL_20231104T224159,2023-11-04,0.0,39056,['2021-07-12']
370,27.84509532,-82.47111125,S2A_MSIL2A_20220821T155921_R097_T17RLL_20240704T072134,2022-08-21,0.0,38840,['2021-07-12']
370,27.84509532,-82.47111125,S2A_MSIL2A_20240502T155901_R097_T17RLL_20240503T001348,2024-05-02,0.0,38720,['2021-07-12']
370,27.84509532,-82.47111125,S2A_MSIL2A_20170509T155911_R097_T17RLL_20210209T141900,2017-05-09,0.16,38488,['2021-07-12']
371,27.82199253,-82.47079967,S2C_MSIL2A_20251113T160531_R097_T17RLL_20251113T194111,2025-11-13,0.0,51060,['2021-07-12']
371,27.82199253,-82.47079967,S2A_MSIL2A_20220821T155921_R097_T17RLL_20240704T072134,2022-08-21,0.0,50620,['2021-07-12']
371,27.82199253,-82.47079967,S2B_MSIL2A_20221025T160339_R097_T17RLL_20240724T153558,2022-10-25,0.0,50764,['2021-07-12']
371,27.82199253,-82.47079967,S2B_MSIL2A_20181205T160639_R097_T17RLL_20201008T074224,2018-12-05,0.02,50748,['2021-07-12']
371,27.82199253,-82.47079967,S2A_MSIL2A_20190529T155911_R097_T17RLL_20201006T194437,2019-05-29,0.06,50364,['2021-07-12']
374,27.83294213,-82.53699537,S2B_MSIL2A_20220329T155819_R097_T17RLL_20220330T040452,2022-03-29,0.0,51240,['2021-07-12']
374,27.83294213,-82.53699537,S2B_MSIL2A_20220816T155829_R097_T17RLL_20220817T065353,2022-08-16,0.0,50596,['2021-07-12']
374,27.83294213,-82.53699537,S2B_MSIL2A_20221104T160429_R097_T17RLL_20221105T064531,2022-11-04,0.0,51108,['2021-07-12']
374,27.83294213,-82.53699537,S2B_MSIL2A_20200925T155929_R097_T17RLL_20200926T221136,2020-09-25,0.15,51068,['2021-07-12']
374,27.83294213,-82.53699537,S2A_MSIL2A_20170330T155901_R097_T17RLL_20210209T030948,2017-03-30,0.16,51228,['2021-07-12']
376,26.37346565,-82.26610874,S2B_MSIL2A_20200408T155819_R097_T17RLK_20200925T140327,2020-04-08,0.0,66564,['2018-09-16']
376,26.37346565,-82.26610874,S2B_MSIL2A_20211229T160649_R097_T17RLK_20211230T211628,2021-12-29,0.0,66564,['2018-09-16']
376,26.37346565,-82.26610874,S2B_MSIL2A_20220905T155819_R097_T17RLK_20220906T021121,2022-09-05,0.0,66564,['2018-09-16']
376,26.37346565,-82.26610874,S2B_MSIL2A_20190104T160649_R097_T17RLK_20201007T225100,2019-01-04,0.0,66564,['2018-09-16']
376,26.37346565,-82.26610874,S2C_MSIL2A_20250924T160021_R097_T17RLK_20250924T212114,2025-09-24,0.0,66564,['2018-09-16']
377,26.39702022,-82.21503892,S2B_MSIL2A_20250502T155819_R097_T17RLK_20250502T211036,2025-05-02,0.0,66564,['2018-09-16']
377,26.39702022,-82.21503892,S2B_MSIL2A_20231119T160549_R097_T17RLK_20241019T084741,2023-11-19,0.0,66564,['2018-09-16']
377,26.39702022,-82.21503892,S2A_MSIL2A_20180315T160021_R097_T17RLK_20201013T091802,2018-03-15,0.0,66564,['2018-09-16']
377,26.39702022,-82.21503892,S2B_MSIL2A_20220518T155819_R097_T17RLK_20220520T110426,2022-05-18,0.0,66564,['2018-09-16']
377,26.39702022,-82.21503892,S2B_MSIL2A_20240726T155819_R097_T17RLK_20240726T201315,2024-07-26,0.0,66564,['2018-09-16']
380,26.72810918,-82.18393907,S2A_MSIL2A_20210128T160521_R097_T17RLK_20210129T081603,2021-01-28,0.0,66564,['2019-11-10']
380,26.72810918,-82.18393907,S2A_MSIL2A_20180315T160021_R097_T17RLK_20201013T091802,2018-03-15,0.0,66564,['2019-11-10']
380,26.72810918,-82.18393907,S2A_MSIL2A_20220712T155921_R097_T17RLK_20220714T004636,2022-07-12,0.0,66564,['2019-11-10']
380,26.72810918,-82.18393907,S2B_MSIL2A_20171120T160539_R097_T17RLK_20201014T211532,2017-11-20,0.0,66564,['2019-11-10']
380,26.72810918,-82.18393907,S2A_MSIL2A_20190129T160521_R097_T17RLK_20201008T053752,2019-01-29,0.0,66564,['2019-11-10']
381,26.68167405,-82.20918606,S2B_MSIL2A_20250820T155819_R097_T17RLK_20250820T211624,2025-08-20,0.0,60756,['2019-11-10']
381,26.68167405,-82.20918606,S2B_MSIL2A_20221005T160119_R097_T17RLK_20221006T091333,2022-10-05,0.0,60828,['2019-11-10']
381,26.68167405,-82.20918606,S2A_MSIL2A_20190728T155911_R097_T17RLK_20201106T040318,2019-07-28,0.01,59200,['2019-11-10']
381,26.68167405,-82.20918606,S2A_MSIL2A_20180315T160021_R097_T17RLK_20201013T091802,2018-03-15,0.01,59752,['2019-11-10']
381,26.68167405,-82.20918606,S2A_MSIL2A_20170208T160411_R097_T17RLK_20210208T085633,2017-02-08,0.01,59664,['2019-11-10']
383,26.70521225,-82.15796969,S2B_MSIL2A_20240815T155819_R097_T17RLK_20240815T202258,2024-08-15,0.0,43168,"['2019-10-26', '2019-11-10']"
383,26.70521225,-82.15796969,S2A_MSIL2A_20170208T160411_R097_T17RLK_20210208T085633,2017-02-08,0.48,43900,"['2019-10-26', '2019-11-10']"
383,26.70521225,-82.15796969,S2B_MSIL2A_20210413T155819_R097_T17RLK_20210414T112048,2021-04-13,0.74,43636,"['2019-10-26', '2019-11-10']"
383,26.70521225,-82.15796969,S2B_MSIL2A_20211010T160109_R097_T17RLK_20211011T020558,2021-10-10,0.79,43408,"['2019-10-26', '2019-11-10']"
383,26.70521225,-82.15796969,S2A_MSIL2A_20170817T155901_R097_T17RLK_20210201T031945,2017-08-17,1.27,43008,"['2019-10-26', '2019-11-10']"
384,26.72832164,-82.15820356,S2C_MSIL2A_20250726T155921_R097_T17RLK_20250726T211924,2025-07-26,0.0,66564,['2019-11-10']
384,26.72832164,-82.15820356,S2B_MSIL2A_20190822T155829_R097_T17RLK_20201005T033929,2019-08-22,0.03,66544,['2019-11-10']
384,26.72832164,-82.15820356,S2C_MSIL2A_20250226T160251_R097_T17RLK_20250226T192212,2025-02-26,0.04,66540,['2019-11-10']
384,26.72832164,-82.15820356,S2A_MSIL2A_20161120T160552_R097_T17RLK_20210414T172327,2016-11-20,0.05,66276,['2019-11-10']
384,26.72832164,-82.15820356,S2B_MSIL2A_20251228T160559_R097_T17RLK_20251228T210144,2025-12-28,0.07,66520,['2019-11-10']
385,30.41626697,-86.5840731,S2B_MSIL2A_20250319T161909_R040_T16REU_20250319T215748,2025-03-19,0.01,47564,"['2016-07-19', '2018-10-12', '2021-10-26']"
385,30.41626697,-86.5840731,S2A_MSIL2A_20220409T161831_R040_T16REU_20220410T130600,2022-04-09,0.31,47292,"['2016-07-19', '2018-10-12', '2021-10-26']"
385,30.41626697,-86.5840731,S2A_MSIL2A_20170224T162331_R040_T16REU_20210208T164627,2017-02-24,0.35,47572,"['2016-07-19', '2018-10-12', '2021-10-26']"
385,30.41626697,-86.5840731,S2A_MSIL2A_20161007T162332_R040_T16REU_20210213T082646,2016-10-07,0.35,47328,"['2016-07-19', '2018-10-12', '2021-10-26']"
385,30.41626697,-86.5840731,S2B_MSIL2A_20190917T161909_R040_T16REU_20201004T142036,2019-09-17,0.37,47476,"['2016-07-19', '2018-10-12', '2021-10-26']"
387,28.16926446,-82.88252651,S2B_MSIL2A_20260301T161109_R140_T17RLM_20260301T213315,2026-03-01,0.0,66564,['2021-09-03']
387,28.16926446,-82.88252651,S2C_MSIL2A_20250417T155921_R097_T17RLM_20250417T210913,2025-04-17,0.0,66564,['2021-09-03']
387,28.16926446,-82.88252651,S2A_MSIL2A_20200903T160911_R140_T17RLM_20201027T145921,2020-09-03,0.0,66564,['2021-09-03']
387,28.16926446,-82.88252651,S2A_MSIL2A_20160911T155902_R097_T17RLM_20210212T235315,2016-09-11,0.0,66564,['2021-09-03']
387,28.16926446,-82.88252651,S2A_MSIL2A_20240202T160501_R097_T17RLM_20240202T215754,2024-02-02,0.0,66564,['2021-09-03']
388,28.1923612,-82.88293116,S2A_MSIL2A_20161110T160502_R097_T17RLM_20210414T034154,2016-11-10,0.0,66564,['2021-09-03']
388,28.1923612,-82.88293116,S2B_MSIL2A_20220131T161509_R140_T17RLM_20220216T193056,2022-01-31,0.0,66564,['2021-09-03']
388,28.1923612,-82.88293116,S2B_MSIL2A_20260321T160859_R140_T17RLM_20260321T200307,2026-03-21,0.0,66564,['2021-09-03']
388,28.1923612,-82.88293116,S2B_MSIL2A_20221207T161649_R140_T17RLM_20221208T155525,2022-12-07,0.0,66528,['2021-09-03']
388,28.1923612,-82.88293116,S2A_MSIL2A_20170303T161341_R140_T17RLM_20210208T191920,2017-03-03,0.0,66564,['2021-09-03']
392,25.86300002,-81.66867393,S2B_MSIL2A_20251118T160449_R097_T17RMJ_20251118T200543,2025-11-18,0.11,44260,"['2016-10-21', '2019-11-25', '2022-11-29']"
392,25.86300002,-81.66867393,S2A_MSIL2A_20180325T155911_R097_T17RMJ_20201026T062738,2018-03-25,0.59,44480,"['2016-10-21', '2019-11-25', '2022-11-29']"
392,25.86300002,-81.66867393,S2B_MSIL2A_20201015T160149_R097_T17RMJ_20201027T130228,2020-10-15,1.53,44228,"['2016-10-21', '2019-11-25', '2022-11-29']"
392,25.86300002,-81.66867393,S2C_MSIL2A_20250427T155921_R097_T17RMJ_20250427T205612,2025-04-27,1.95,42220,"['2016-10-21', '2019-11-25', '2022-11-29']"
392,25.86300002,-81.66867393,S2A_MSIL2A_20240721T155901_R097_T17RMJ_20240722T005415,2024-07-21,6.89,38288,"['2016-10-21', '2019-11-25', '2022-11-29']"
393,25.83988468,-81.66854393,S2B_MSIL2A_20241213T160559_R097_T17RMJ_20241213T200052,2024-12-13,0.16,64652,['2022-11-29']
393,25.83988468,-81.66854393,S2A_MSIL2A_20200104T160641_R097_T17RMJ_20201002T224600,2020-01-04,1.03,64112,['2022-11-29']
393,25.83988468,-81.66854393,S2B_MSIL2A_20211129T160619_R097_T17RMJ_20211130T120441,2021-11-29,1.34,63956,['2022-11-29']
393,25.83988468,-81.66854393,S2B_MSIL2A_20231119T160549_R097_T17RMJ_20231119T202651,2023-11-19,1.43,63684,['2022-11-29']
393,25.83988468,-81.66854393,S2B_MSIL2A_20201104T160439_R097_T17RMJ_20201106T105643,2020-11-04,1.59,63680,['2022-11-29']
394,30.130934,-85.72241,S2B_MSIL2A_20220305T162039_R040_T16RFU_20220306T074255,2022-03-05,1.64,47632,"['2015-11-12', '2018-10-27', '2018-11-16']"
394,30.130934,-85.72241,S2B_MSIL2A_20180316T162019_R040_T16RFU_20201013T095949,2018-03-16,2.95,47120,"['2015-11-12', '2018-10-27', '2018-11-16']"
394,30.130934,-85.72241,S2A_MSIL2A_20170425T162331_R040_T16RFU_20210209T103848,2017-04-25,3.29,46696,"['2015-11-12', '2018-10-27', '2018-11-16']"
394,30.130934,-85.72241,S2A_MSIL2A_20200409T161901_R040_T16RFU_20200925T153910,2020-04-09,3.67,47084,"['2015-11-12', '2018-10-27', '2018-11-16']"
394,30.130934,-85.72241,S2A_MSIL2A_20170316T162321_R040_T16RFU_20210208T230444,2017-03-16,3.78,46840,"['2015-11-12', '2018-10-27', '2018-11-16']"
395,30.13118988,-85.74898139,S2B_MSIL2A_20220404T161829_R040_T16RFU_20240603T090951,2022-04-04,0.0,48884,"['2015-10-23', '2018-11-16']"
395,30.13118988,-85.74898139,S2B_MSIL2A_20240104T162659_R040_T16RFU_20240104T203236,2024-01-04,0.17,48472,"['2015-10-23', '2018-11-16']"
395,30.13118988,-85.74898139,S2A_MSIL2A_20240806T161901_R040_T16RFU_20240806T214652,2024-08-06,1.98,47608,"['2015-10-23', '2018-11-16']"
395,30.13118988,-85.74898139,S2A_MSIL2A_20231031T162421_R040_T16RFU_20231031T234005,2023-10-31,3.97,46908,"['2015-10-23', '2018-11-16']"
395,30.13118988,-85.74898139,S2A_MSIL2A_20160719T162342_R040_T16RFU_20210212T060709,2016-07-19,5.38,47104,"['2015-10-23', '2018-11-16']"
396,30.10783718,-85.72270729,S2B_MSIL2A_20190907T161829_R040_T16RFU_20201004T103151,2019-09-07,3.33,49104,"['2015-10-23', '2018-10-27', '2018-11-16']"
396,30.10783718,-85.72270729,S2B_MSIL2A_20180316T162019_R040_T16RFU_20201013T095949,2018-03-16,3.44,48828,"['2015-10-23', '2018-10-27', '2018-11-16']"
396,30.10783718,-85.72270729,S2A_MSIL2A_20170425T162331_R040_T16RFU_20210209T103848,2017-04-25,3.75,48580,"['2015-10-23', '2018-10-27', '2018-11-16']"
396,30.10783718,-85.72270729,S2B_MSIL2A_20200504T161829_R040_T16RFU_20200920T125836,2020-05-04,4.08,48684,"['2015-10-23', '2018-10-27', '2018-11-16']"
396,30.10783718,-85.72270729,S2B_MSIL2A_20180115T162619_R040_T16RFU_20201014T060425,2018-01-15,4.31,48560,"['2015-10-23', '2018-10-27', '2018-11-16']"
397,30.10757616,-85.69614243,S2C_MSIL2A_20251219T162721_R040_T16RFU_20251219T200415,2025-12-19,0.08,57616,"['2018-10-27', '2018-11-16']"
397,30.10757616,-85.69614243,S2C_MSIL2A_20251020T162331_R040_T16RFU_20251020T201906,2025-10-20,0.29,57988,"['2018-10-27', '2018-11-16']"
397,30.10757616,-85.69614243,S2B_MSIL2A_20240821T161829_R040_T16RFU_20240821T202842,2024-08-21,0.55,57632,"['2018-10-27', '2018-11-16']"
397,30.10757616,-85.69614243,S2A_MSIL2A_20230613T161831_R040_T16RFU_20240909T041501,2023-06-13,0.92,56160,"['2018-10-27', '2018-11-16']"
397,30.10757616,-85.69614243,S2B_MSIL2A_20200404T161829_R040_T16RFU_20200925T010050,2020-04-04,2.09,57052,"['2018-10-27', '2018-11-16']"
400,27.36529752,-82.63792968,S2B_MSIL2A_20250621T155819_R097_T17RLL_20250621T195904,2025-06-21,0.0,60200,"['2018-11-10', '2018-11-10', '2021-08-11']"
400,27.36529752,-82.63792968,S2A_MSIL2A_20230915T155901_R097_T17RLL_20241103T091138,2023-09-15,0.04,60100,"['2018-11-10', '2018-11-10', '2021-08-11']"
400,27.36529752,-82.63792968,S2B_MSIL2A_20240207T160429_R097_T17RLL_20240207T220723,2024-02-07,0.2,60136,"['2018-11-10', '2018-11-10', '2021-08-11']"
400,27.36529752,-82.63792968,S2B_MSIL2A_20220508T155819_R097_T17RLL_20240611T235210,2022-05-08,0.32,59824,"['2018-11-10', '2018-11-10', '2021-08-11']"
400,27.36529752,-82.63792968,S2A_MSIL2A_20210128T160521_R097_T17RLL_20210202T105133,2021-01-28,0.46,59608,"['2018-11-10', '2018-11-10', '2021-08-11']"
401,25.74955,-81.46215,S2A_MSIL2A_20221219T160701_R097_T17RMJ_20221220T130546,2022-12-19,0.0,66564,['2023-02-07']
401,25.74955,-81.46215,S2A_MSIL2A_20180325T155911_R097_T17RMJ_20201026T062738,2018-03-25,0.0,66564,['2023-02-07']
401,25.74955,-81.46215,S2C_MSIL2A_20250226T160251_R097_T17RMJ_20250226T192212,2025-02-26,0.0,66564,['2023-02-07']
401,25.74955,-81.46215,S2B_MSIL2A_20260328T155859_R097_T17RMJ_20260328T200110,2026-03-28,0.0,66564,['2023-02-07']
401,25.74955,-81.46215,S2A_MSIL2A_20170310T160041_R097_T17RMJ_20210208T212033,2017-03-10,0.0,66564,['2023-02-07']
402,25.74946676,-81.48767536,S2B_MSIL2A_20210314T155929_R097_T17RMJ_20210315T195055,2021-03-14,0.0,66564,['2023-02-07']
402,25.74946676,-81.48767536,S2B_MSIL2A_20231219T160659_R097_T17RMJ_20231222T001228,2023-12-19,0.0,66564,['2023-02-07']
402,25.74946676,-81.48767536,S2B_MSIL2A_20220518T155819_R097_T17RMJ_20220520T104447,2022-05-18,0.0,66564,['2023-02-07']
402,25.74946676,-81.48767536,S2A_MSIL2A_20221030T160411_R097_T17RMJ_20221031T031717,2022-10-30,0.0,66564,['2023-02-07']
402,25.74946676,-81.48767536,S2B_MSIL2A_20240227T160129_R097_T17RMJ_20240227T221319,2024-02-27,0.0,66564,['2023-02-07']
403,25.74962877,-81.43662453,S2A_MSIL2A_20201119T160551_R097_T17RMJ_20201121T015210,2020-11-19,0.0,66564,['2023-02-07']
403,25.74962877,-81.43662453,S2B_MSIL2A_20260206T160339_R097_T17RMJ_20260206T213114,2026-02-06,0.0,66564,['2023-02-07']
403,25.74962877,-81.43662453,S2B_MSIL2A_20210821T155819_R097_T17RMJ_20210822T082926,2021-08-21,0.0,66564,['2023-02-07']
403,25.74962877,-81.43662453,S2A_MSIL2A_20180315T160021_R097_T17RMJ_20201013T091803,2018-03-15,0.0,66564,['2023-02-07']
403,25.74962877,-81.43662453,S2A_MSIL2A_20170208T160411_R097_T17RMJ_20210208T085639,2017-02-08,0.0,66564,['2023-02-07']
409,26.7003,-82.1208,S2A_MSIL2A_20230309T160101_R097_T17RLK_20240823T143703,2023-03-09,0.0,55844,"['2016-11-20', '2018-01-09', '2018-03-15']"
409,26.7003,-82.1208,S2A_MSIL2A_20221129T160621_R097_T17RLK_20221201T184802,2022-11-29,0.0,55744,"['2016-11-20', '2018-01-09', '2018-03-15']"
409,26.7003,-82.1208,S2B_MSIL2A_20200408T155819_R097_T17RLK_20200925T140327,2020-04-08,0.0,55372,"['2016-11-20', '2018-01-09', '2018-03-15']"
409,26.7003,-82.1208,S2A_MSIL2A_20170509T155911_R097_T17RLK_20210209T141858,2017-05-09,0.09,54760,"['2016-11-20', '2018-01-09', '2018-03-15']"
409,26.7003,-82.1208,S2B_MSIL2A_20171120T160539_R097_T17RLK_20201014T211532,2017-11-20,0.12,55332,"['2016-11-20', '2018-01-09', '2018-03-15']"
410,26.70050082,-82.09507018,S2B_MSIL2A_20250820T155819_R097_T17RLK_20250820T211624,2025-08-20,0.0,63680,"['2016-11-20', '2018-01-09', '2018-03-15']"
410,26.70050082,-82.09507018,S2A_MSIL2A_20181031T160411_R097_T17RLK_20201009T170537,2018-10-31,0.0,63296,"['2016-11-20', '2018-01-09', '2018-03-15']"
410,26.70050082,-82.09507018,S2C_MSIL2A_20251113T160531_R097_T17RLK_20251113T194111,2025-11-13,0.0,63632,"['2016-11-20', '2018-01-09', '2018-03-15']"
410,26.70050082,-82.09507018,S2B_MSIL2A_20211010T160109_R097_T17RLK_20211011T020558,2021-10-10,0.06,63196,"['2016-11-20', '2018-01-09', '2018-03-15']"
410,26.70050082,-82.09507018,S2B_MSIL2A_20191130T160619_R097_T17RLK_20201003T211031,2019-11-30,0.12,63116,"['2016-11-20', '2018-01-09', '2018-03-15']"
411,26.72361072,-82.0952913,S2A_MSIL2A_20220831T155831_R097_T17RLK_20220901T183018,2022-08-31,0.0,66536,['2016-11-20']
411,26.72361072,-82.0952913,S2A_MSIL2A_20200503T155911_R097_T17RLK_20200920T080007,2020-05-03,0.0,66544,['2016-11-20']
411,26.72361072,-82.0952913,S2A_MSIL2A_20230418T155821_R097_T17RLK_20240906T005219,2023-04-18,0.0,66556,['2016-11-20']
411,26.72361072,-82.0952913,S2B_MSIL2A_20231119T160549_R097_T17RLK_20241019T084741,2023-11-19,0.0,66536,['2016-11-20']
411,26.72361072,-82.0952913,S2B_MSIL2A_20221025T160339_R097_T17RLK_20240724T153558,2022-10-25,0.0,66556,['2016-11-20']
413,26.67739084,-82.09484932,S2B_MSIL2A_20251228T160559_R097_T17RLK_20251228T210144,2025-12-28,0.0,57816,"['2018-01-09', '2018-03-15']"
413,26.67739084,-82.09484932,S2C_MSIL2A_20250726T155921_R097_T17RLK_20250726T211924,2025-07-26,0.0,57260,"['2018-01-09', '2018-03-15']"
413,26.67739084,-82.09484932,S2B_MSIL2A_20190424T155829_R097_T17RLK_20201105T173333,2019-04-24,0.0,56920,"['2018-01-09', '2018-03-15']"
413,26.67739084,-82.09484932,S2A_MSIL2A_20170509T155911_R097_T17RLK_20210209T141858,2017-05-09,0.02,56988,"['2018-01-09', '2018-03-15']"
413,26.67739084,-82.09484932,S2A_MSIL2A_20180623T155901_R097_T17RLK_20201012T012652,2018-06-23,0.02,56404,"['2018-01-09', '2018-03-15']"
415,28.31478113,-80.6324274,S2C_MSIL2A_20250318T160021_R097_T17RNM_20250318T212400,2025-03-18,0.0,33792,"['2016-04-01', '2018-10-31']"
415,28.31478113,-80.6324274,S2A_MSIL2A_20231231T160511_R054_T17RNM_20231231T221406,2023-12-31,0.0,33532,"['2016-04-01', '2018-10-31']"
415,28.31478113,-80.6324274,S2B_MSIL2A_20250628T160509_R054_T17RNM_20250628T193450,2025-06-28,1.11,34196,"['2016-04-01', '2018-10-31']"
415,28.31478113,-80.6324274,S2A_MSIL2A_20201209T160641_R097_T17RNM_20201210T204209,2020-12-09,1.61,33940,"['2016-04-01', '2018-10-31']"
415,28.31478113,-80.6324274,S2A_MSIL2A_20190106T160511_R054_T17RNM_20201007T231542,2019-01-06,2.48,33960,"['2016-04-01', '2018-10-31']"
416,28.29167274,-80.63250681,S2B_MSIL2A_20231020T160209_R097_T17RNM_20231020T230200,2023-10-20,0.0,62396,['2018-10-31']
416,28.29167274,-80.63250681,S2B_MSIL2A_20221002T160509_R054_T17RNM_20221003T073046,2022-10-02,0.0,62216,['2018-10-31']
416,28.29167274,-80.63250681,S2A_MSIL2A_20190715T160521_R054_T17RNM_20201005T142356,2019-07-15,0.07,62724,['2018-10-31']
416,28.29167274,-80.63250681,S2A_MSIL2A_20161120T160552_R097_T17RNM_20210414T172345,2016-11-20,0.12,62576,['2018-10-31']
416,28.29167274,-80.63250681,S2B_MSIL2A_20171117T160459_R054_T17RNM_20201014T203457,2017-11-17,0.4,63008,['2018-10-31']
417,28.26856429,-80.63258613,S2A_MSIL2A_20201209T160641_R097_T17RNM_20201210T204209,2020-12-09,0.0,66564,['2018-10-31']
417,28.26856429,-80.63258613,S2A_MSIL2A_20160401T154922_R054_T17RNM_20210211T005923,2016-04-01,0.0,66564,['2018-10-31']
417,28.26856429,-80.63258613,S2A_MSIL2A_20180809T160511_R054_T17RNM_20201010T231933,2018-08-09,0.0,66564,['2018-10-31']
417,28.26856429,-80.63258613,S2A_MSIL2A_20161120T160552_R097_T17RNM_20210414T172345,2016-11-20,0.0,66564,['2018-10-31']
417,28.26856429,-80.63258613,S2B_MSIL2A_20210907T160509_R054_T17RNM_20210908T062539,2021-09-07,0.0,66564,['2018-10-31']
418,30.39910157,-86.86306779,S2A_MSIL2A_20210524T161901_R040_T16REU_20210525T074943,2021-05-24,0.46,37768,['2018-10-12']
418,30.39910157,-86.86306779,S2A_MSIL2A_20190415T161901_R040_T16REU_20201007T022316,2019-04-15,0.84,37564,['2018-10-12']
418,30.39910157,-86.86306779,S2B_MSIL2A_20200214T162349_R040_T16REU_20201002T003351,2020-02-14,1.12,37756,['2018-10-12']
418,30.39910157,-86.86306779,S2B_MSIL2A_20230419T161829_R040_T16REU_20240831T090015,2023-04-19,1.21,36560,['2018-10-12']
418,30.39910157,-86.86306779,S2A_MSIL2A_20191101T162431_R040_T16REU_20201003T115311,2019-11-01,1.66,37492,['2018-10-12']
419,30.39907091,-86.83641772,S2B_MSIL2A_20230608T161829_R040_T16REU_20230608T204731,2023-06-08,0.0,42696,['2018-10-12']
419,30.39907091,-86.83641772,S2A_MSIL2A_20251231T162721_R040_T16REU_20251231T200509,2025-12-31,0.15,42896,['2018-10-12']
419,30.39907091,-86.83641772,S2B_MSIL2A_20190321T161949_R040_T16REU_20201007T090841,2019-03-21,1.1,43140,['2018-10-12']
419,30.39907091,-86.83641772,S2A_MSIL2A_20200229T162211_R040_T16REU_20200929T044850,2020-02-29,1.28,43140,['2018-10-12']
419,30.39907091,-86.83641772,S2A_MSIL2A_20180709T161901_R040_T16REU_20201027T025705,2018-07-09,1.31,42384,['2018-10-12']
420,26.930104,-80.068107,S2A_MSIL2A_20230704T160511_R054_T17RNK_20241013T140640,2023-07-04,0.0,33768,['2018-09-28']
420,26.930104,-80.068107,S2A_MSIL2A_20241125T160511_R054_T17RNK_20241125T205458,2024-11-25,0.02,34420,['2018-09-28']
420,26.930104,-80.068107,S2B_MSIL2A_20231017T160509_R054_T17RNK_20241020T172838,2023-10-17,0.1,33416,['2018-09-28']
420,26.930104,-80.068107,S2B_MSIL2A_20191207T160509_R054_T17RNK_20201003T020437,2019-12-07,2.76,34668,['2018-09-28']
420,26.930104,-80.068107,S2B_MSIL2A_20210209T160509_R054_T17RNK_20210211T180655,2021-02-09,2.78,34180,['2018-09-28']
421,26.95321432,-80.06791694,S2B_MSIL2A_20240524T160509_R054_T17RNK_20240524T223802,2024-05-24,0.36,55216,['2018-09-28']
421,26.95321432,-80.06791694,S2C_MSIL2A_20250514T160531_R054_T17RNK_20250514T212514,2025-05-14,0.64,55160,['2018-09-28']
421,26.95321432,-80.06791694,S2B_MSIL2A_20191207T160509_R054_T17RNK_20201003T020437,2019-12-07,1.04,55736,['2018-09-28']
421,26.95321432,-80.06791694,S2B_MSIL2A_20210927T160509_R054_T17RNK_20210928T020423,2021-09-27,1.15,35960,['2018-09-28']
421,26.95321432,-80.06791694,S2A_MSIL2A_20161127T160512_R054_T17RNK_20210415T024642,2016-11-27,1.31,55596,['2018-09-28']
423,27.93505072,-83.01609533,S2B_MSIL2A_20210811T155819_R097_T17RKM_20210812T041518,2021-08-11,0.0,66564,['2018-09-29']
423,27.93505072,-83.01609533,S2B_MSIL2A_20220220T161209_R140_T17RKL_20220226T035752,2022-02-20,0.0,66564,['2018-09-29']
423,27.93505072,-83.01609533,S2B_MSIL2A_20200918T160839_R140_T17RLM_20200921T085043,2020-09-18,0.0,66564,['2018-09-29']
423,27.93505072,-83.01609533,S2B_MSIL2A_20171103T161419_R140_T17RKM_20201014T181433,2017-11-03,0.0,66564,['2018-09-29']
423,27.93505072,-83.01609533,S2B_MSIL2A_20241213T160559_R097_T17RKM_20241213T200052,2024-12-13,0.0,66564,['2018-09-29']
424,27.91195494,-83.01566674,S2A_MSIL2A_20171118T161541_R140_T17RLL_20201014T204017,2017-11-18,0.0,66564,['2018-09-29']
424,27.91195494,-83.01566674,S2A_MSIL2A_20231104T160431_R097_T17RKL_20231104T223947,2023-11-04,0.0,66564,['2018-09-29']
424,27.91195494,-83.01566674,S2C_MSIL2A_20251226T161711_R140_T17RLL_20251226T200311,2025-12-26,0.0,66564,['2018-09-29']
424,27.91195494,-83.01566674,S2A_MSIL2A_20160214T160352_R097_T17RKL_20210528T063429,2016-02-14,0.0,66548,['2018-09-29']
424,27.91195494,-83.01566674,S2B_MSIL2A_20230222T160249_R097_T17RKL_20240815T033357,2023-02-22,0.0,66564,['2018-09-29']
425,27.88885908,-83.01523864,S2B_MSIL2A_20260318T155859_R097_T17RKL_20260318T200140,2026-03-18,0.0,66564,['2018-09-29']
425,27.88885908,-83.01523864,S2A_MSIL2A_20160822T155902_R097_T17RKL_20210212T165904,2016-08-22,0.0,66564,['2018-09-29']
425,27.88885908,-83.01523864,S2B_MSIL2A_20190921T155939_R097_T17RKL_20201004T155157,2019-09-21,0.0,66564,['2018-09-29']
425,27.88885908,-83.01523864,S2B_MSIL2A_20200319T155849_R097_T17RKL_20201012T163706,2020-03-19,0.0,66564,['2018-09-29']
425,27.88885908,-83.01523864,S2B_MSIL2A_20190223T160249_R097_T17RKL_20201007T195859,2019-02-23,0.0,66564,['2018-09-29']
426,27.88923677,-82.98924442,S2B_MSIL2A_20180807T155859_R097_T17RKL_20201010T223642,2018-08-07,0.0,66564,['2018-09-29']
426,27.88923677,-82.98924442,S2B_MSIL2A_20260410T160819_R140_T17RKL_20260410T200402,2026-04-10,0.0,66564,['2018-09-29']
426,27.88923677,-82.98924442,S2A_MSIL2A_20210128T160521_R097_T17RLL_20210202T105133,2021-01-28,0.0,66564,['2018-09-29']
426,27.88923677,-82.98924442,S2B_MSIL2A_20231119T160549_R097_T17RKL_20231119T201218,2023-11-19,0.0,66388,['2018-09-29']
426,27.88923677,-82.98924442,S2B_MSIL2A_20250611T155819_R097_T17RKL_20250611T211041,2025-06-11,0.0,66564,['2018-09-29']
427,27.88960957,-82.9632497,S2B_MSIL2A_20210314T155929_R097_T17RKL_20210315T185605,2021-03-14,0.0,66564,['2018-09-29']
427,27.88960957,-82.9632497,S2B_MSIL2A_20241014T160129_R097_T17RKL_20241014T202025,2024-10-14,0.0,66564,['2018-09-29']
427,27.88960957,-82.9632497,S2A_MSIL2A_20250919T161701_R140_T17RLL_20250920T002414,2025-09-19,0.0,66564,['2018-09-29']
427,27.88960957,-82.9632497,S2A_MSIL2A_20161021T160402_R097_T17RKL_20210213T130405,2016-10-21,0.0,66564,['2018-09-29']
427,27.88960957,-82.9632497,S2A_MSIL2A_20190102T161651_R140_T17RKL_20201007T220920,2019-01-02,0.0,66564,['2018-09-29']
428,25.6817,-81.3579,S2A_MSIL2A_20231101T160511_R054_T17RMJ_20231101T220624,2023-11-01,0.0,65504,"['2016-10-21', '2023-01-28']"
428,25.6817,-81.3579,S2B_MSIL2A_20231219T160659_R097_T17RMJ_20231222T001228,2023-12-19,0.0,65492,"['2016-10-21', '2023-01-28']"
428,25.6817,-81.3579,S2A_MSIL2A_20240628T160511_R054_T17RMJ_20240629T042404,2024-06-28,0.01,65488,"['2016-10-21', '2023-01-28']"
428,25.6817,-81.3579,S2A_MSIL2A_20240909T155901_R097_T17RMJ_20240909T230449,2024-09-09,0.01,65496,"['2016-10-21', '2023-01-28']"
428,25.6817,-81.3579,S2A_MSIL2A_20190526T160511_R054_T17RMJ_20201106T004357,2019-05-26,0.41,65336,"['2016-10-21', '2023-01-28']"
429,25.70481697,-81.3579691,S2B_MSIL2A_20220329T155819_R097_T17RMJ_20220330T041544,2022-03-29,0.0,63808,"['2016-10-21', '2023-01-28']"
429,25.70481697,-81.3579691,S2C_MSIL2A_20250802T160531_R054_T17RMJ_20250802T202613,2025-08-02,0.12,63904,"['2016-10-21', '2023-01-28']"
429,25.70481697,-81.3579691,S2A_MSIL2A_20210505T160511_R054_T17RMJ_20210507T193834,2021-05-05,1.16,63180,"['2016-10-21', '2023-01-28']"
429,25.70481697,-81.3579691,S2B_MSIL2A_20190322T160509_R054_T17RMJ_20201007T093237,2019-03-22,1.51,63144,"['2016-10-21', '2023-01-28']"
429,25.70481697,-81.3579691,S2A_MSIL2A_20250926T160701_R097_T17RMJ_20250927T002916,2025-09-26,1.58,62880,"['2016-10-21', '2023-01-28']"
430,25.70487738,-81.33245286,S2A_MSIL2A_20240718T160511_R054_T17RMJ_20240718T233126,2024-07-18,0.0,59084,"['2016-10-21', '2023-01-28']"
430,25.70487738,-81.33245286,S2A_MSIL2A_20210505T160511_R054_T17RMJ_20210507T193834,2021-05-05,0.01,59444,"['2016-10-21', '2023-01-28']"
430,25.70487738,-81.33245286,S2A_MSIL2A_20230306T160511_R054_T17RMJ_20230306T233903,2023-03-06,0.02,59648,"['2016-10-21', '2023-01-28']"
430,25.70487738,-81.33245286,S2B_MSIL2A_20201104T160439_R097_T17RMJ_20201106T105643,2020-11-04,0.52,58644,"['2016-10-21', '2023-01-28']"
430,25.70487738,-81.33245286,S2B_MSIL2A_20240921T160509_R054_T17RMJ_20240921T213535,2024-09-21,1.12,58308,"['2016-10-21', '2023-01-28']"
433,28.21425657,-82.84052323,S2B_MSIL2A_20220220T161209_R140_T17RLM_20220226T045759,2022-02-20,0.0,61788,['2021-09-03']
433,28.21425657,-82.84052323,S2A_MSIL2A_20211117T161541_R140_T17RLM_20211118T051910,2021-11-17,0.99,61008,['2021-09-03']
433,28.21425657,-82.84052323,S2A_MSIL2A_20240202T160501_R097_T17RLM_20240202T215754,2024-02-02,1.53,61340,['2021-09-03']
433,28.21425657,-82.84052323,S2B_MSIL2A_20171213T161649_R140_T17RLM_20201014T135559,2017-12-13,1.61,60764,['2021-09-03']
433,28.21425657,-82.84052323,S2B_MSIL2A_20220111T161629_R140_T17RLM_20220112T170927,2022-01-11,1.63,60632,['2021-09-03']
436,26.8802912,-82.16036386,S2B_MSIL2A_20181205T160639_R097_T17RLK_20201008T074221,2018-12-05,0.0,48128,['2021-04-13']
436,26.8802912,-82.16036386,S2B_MSIL2A_20240207T160429_R097_T17RLK_20240207T220711,2024-02-07,0.0,47956,['2021-04-13']
436,26.8802912,-82.16036386,S2A_MSIL2A_20161110T160502_R097_T17RLK_20210414T034146,2016-11-10,0.0,48000,['2021-04-13']
436,26.8802912,-82.16036386,S2C_MSIL2A_20250226T160251_R097_T17RLK_20250226T192212,2025-02-26,0.0,48344,['2021-04-13']
436,26.8802912,-82.16036386,S2A_MSIL2A_20180613T155901_R097_T17RLK_20201026T234702,2018-06-13,0.0,47824,['2021-04-13']
439,29.123,-83.000167,S2A_MSIL2A_20170201T161501_R140_T17RKN_20210208T033628,2017-02-01,0.0,66564,['2021-10-13']
439,29.123,-83.000167,S2B_MSIL2A_20250621T155819_R097_T17RKN_20250621T195904,2025-06-21,0.0,66564,['2021-10-13']
439,29.123,-83.000167,S2A_MSIL2A_20190916T155911_R097_T17RKN_20201004T134532,2019-09-16,0.0,66564,['2021-10-13']
439,29.123,-83.000167,S2B_MSIL2A_20171103T161419_R140_T17RKN_20201014T181432,2017-11-03,0.0,66564,['2021-10-13']
439,29.123,-83.000167,S2A_MSIL2A_20200513T155911_R097_T17RKN_20200918T005422,2020-05-13,0.0,66564,['2021-10-13']
440,29.14609188,-83.00061426,S2A_MSIL2A_20240415T160831_R140_T17RLN_20240416T010854,2024-04-15,0.0,66260,['2021-10-13']
440,29.14609188,-83.00061426,S2A_MSIL2A_20220602T155831_R097_T17RKN_20220603T133823,2022-06-02,0.0,66208,['2021-10-13']
440,29.14609188,-83.00061426,S2A_MSIL2A_20231018T161251_R140_T17RKN_20231019T153729,2023-10-18,0.0,63944,['2021-10-13']
440,29.14609188,-83.00061426,S2B_MSIL2A_20221005T160119_R097_T17RKN_20221006T082200,2022-10-05,0.01,64708,['2021-10-13']
440,29.14609188,-83.00061426,S2A_MSIL2A_20201030T160411_R097_T17RKN_20201101T214524,2020-10-30,0.39,65964,['2021-10-13']
441,29.14569644,-83.02691837,S2A_MSIL2A_20230528T155911_R097_T17RLN_20240908T194220,2023-05-28,0.0,46664,['2021-10-13']
441,29.14569644,-83.02691837,S2A_MSIL2A_20241012T161221_R140_T17RKN_20241012T222848,2024-10-12,0.0,47696,['2021-10-13']
441,29.14569644,-83.02691837,S2B_MSIL2A_20230821T155829_R097_T17RKN_20230821T221306,2023-08-21,0.0,43612,['2021-10-13']
441,29.14569644,-83.02691837,S2A_MSIL2A_20180703T155901_R097_T17RKN_20201011T112850,2018-07-03,1.39,44592,['2021-10-13']
441,29.14569644,-83.02691837,S2B_MSIL2A_20171213T161649_R140_T17RKN_20201014T135606,2017-12-13,1.89,48240,['2021-10-13']
442,29.12260493,-83.02646524,S2B_MSIL2A_20250820T155819_R097_T17RKN_20250820T211624,2025-08-20,0.0,62884,['2021-10-13']
442,29.12260493,-83.02646524,S2A_MSIL2A_20251016T160701_R097_T17RKN_20251016T210119,2025-10-16,0.06,62796,['2021-10-13']
442,29.12260493,-83.02646524,S2B_MSIL2A_20180807T155859_R097_T17RKN_20201010T223639,2018-08-07,0.07,62604,['2021-10-13']
442,29.12260493,-83.02646524,S2B_MSIL2A_20180608T155859_R097_T17RKN_20201011T224016,2018-06-08,0.32,62616,['2021-10-13']
442,29.12260493,-83.02646524,S2B_MSIL2A_20220108T160639_R097_T17RKN_20220110T064553,2022-01-08,0.48,62384,['2021-10-13']
443,29.09951334,-83.02601264,S2A_MSIL2A_20240415T160831_R140_T17RLN_20240416T010854,2024-04-15,0.0,65284,['2021-10-13']
443,29.09951334,-83.02601264,S2B_MSIL2A_20180807T155859_R097_T17RKN_20201010T223639,2018-08-07,0.0,65112,['2021-10-13']
443,29.09951334,-83.02601264,S2B_MSIL2A_20191110T160459_R097_T17RKN_20201003T151329,2019-11-10,0.0,65168,['2021-10-13']
443,29.09951334,-83.02601264,S2B_MSIL2A_20210811T155819_R097_T17RKN_20210812T034110,2021-08-11,0.01,65156,['2021-10-13']
443,29.09951334,-83.02601264,S2A_MSIL2A_20160514T155912_R097_T17RKN_20210211T111745,2016-05-14,0.01,65212,['2021-10-13']
444,29.12338992,-82.97386824,S2B_MSIL2A_20230314T155939_R097_T17RLN_20240821T065714,2023-03-14,0.0,66564,['2021-10-13']
444,29.12338992,-82.97386824,S2B_MSIL2A_20170703T155909_R097_T17RKN_20210210T042128,2017-07-03,0.0,66564,['2021-10-13']
444,29.12338992,-82.97386824,S2A_MSIL2A_20251215T160711_R097_T17RKN_20251215T193112,2025-12-15,0.0,66564,['2021-10-13']
444,29.12338992,-82.97386824,S2A_MSIL2A_20180328T161031_R140_T17RKN_20201013T153250,2018-03-28,0.0,66564,['2021-10-13']
444,29.12338992,-82.97386824,S2B_MSIL2A_20171213T161649_R140_T17RKN_20201014T135606,2017-12-13,0.0,66564,['2021-10-13']
445,29.14648216,-82.97430962,S2B_MSIL2A_20221005T160119_R097_T17RKN_20221006T082200,2022-10-05,0.0,65216,['2021-10-13']
445,29.14648216,-82.97430962,S2B_MSIL2A_20250919T155839_R097_T17RKN_20250919T211656,2025-09-19,0.0,66564,['2021-10-13']
445,29.14648216,-82.97430962,S2B_MSIL2A_20230503T155829_R097_T17RLN_20240906T032343,2023-05-03,0.0,66564,['2021-10-13']
445,29.14648216,-82.97430962,S2B_MSIL2A_20210811T155819_R097_T17RKN_20210812T034110,2021-08-11,0.01,66560,['2021-10-13']
445,29.14648216,-82.97430962,S2A_MSIL2A_20161001T160052_R097_T17RKN_20210213T062949,2016-10-01,0.02,66548,['2021-10-13']
447,25.88728241,-81.63567971,S2C_MSIL2A_20251014T160241_R097_T17RMJ_20251014T191613,2025-10-14,0.01,64396,['2019-11-25']
447,25.88728241,-81.63567971,S2C_MSIL2A_20250226T160251_R097_T17RMJ_20250226T192212,2025-02-26,0.04,64616,['2019-11-25']
447,25.88728241,-81.63567971,S2A_MSIL2A_20190228T160211_R097_T17RMJ_20201007T213219,2019-02-28,0.25,64272,['2019-11-25']
447,25.88728241,-81.63567971,S2A_MSIL2A_20181230T160651_R097_T17RMJ_20201008T141453,2018-12-30,0.31,64168,['2019-11-25']
447,25.88728241,-81.63567971,S2B_MSIL2A_20241123T160509_R097_T17RMJ_20241123T202829,2024-11-23,0.41,64260,['2019-11-25']
448,25.88716819,-81.66123385,S2B_MSIL2A_20201015T160149_R097_T17RMJ_20201027T130228,2020-10-15,0.01,44220,"['2016-10-21', '2019-11-25']"
448,25.88716819,-81.66123385,S2A_MSIL2A_20171125T160611_R097_T17RMJ_20201014T221125,2017-11-25,0.77,44152,"['2016-10-21', '2019-11-25']"
448,25.88716819,-81.66123385,S2A_MSIL2A_20241029T160401_R097_T17RMJ_20241029T215301,2024-10-29,0.92,44772,"['2016-10-21', '2019-11-25']"
448,25.88716819,-81.66123385,S2B_MSIL2A_20210212T160359_R097_T17RMJ_20210213T152752,2021-02-12,1.96,44236,"['2016-10-21', '2019-11-25']"
448,25.88716819,-81.66123385,S2B_MSIL2A_20181205T160639_R097_T17RMJ_20201008T074224,2018-12-05,2.2,44268,"['2016-10-21', '2019-11-25']"
450,25.88739214,-81.61012543,S2A_MSIL2A_20221129T160621_R097_T17RMJ_20221201T185036,2022-11-29,0.02,59532,"['2016-10-21', '2019-11-25']"
450,25.88739214,-81.61012543,S2B_MSIL2A_20201015T160149_R097_T17RMJ_20201027T130228,2020-10-15,0.03,59688,"['2016-10-21', '2019-11-25']"
450,25.88739214,-81.61012543,S2A_MSIL2A_20170208T160411_R097_T17RMJ_20210208T085639,2017-02-08,0.04,58588,"['2016-10-21', '2019-11-25']"
450,25.88739214,-81.61012543,S2B_MSIL2A_20190325T155909_R097_T17RMJ_20201007T104122,2019-03-25,0.35,59712,"['2016-10-21', '2019-11-25']"
450,25.88739214,-81.61012543,S2A_MSIL2A_20210128T160521_R097_T17RMJ_20210201T124737,2021-01-28,0.51,59152,"['2016-10-21', '2019-11-25']"
451,28.57895,-82.654267,S2A_MSIL2A_20240405T160901_R140_T17RLM_20240406T001951,2024-04-05,0.0,49612,['2021-08-21']
451,28.57895,-82.654267,S2B_MSIL2A_20231102T161429_R140_T17RLM_20241021T003303,2023-11-02,0.0,36632,['2021-08-21']
451,28.57895,-82.654267,S2B_MSIL2A_20221207T161649_R140_T17RLM_20221208T155525,2022-12-07,0.1,49924,['2021-08-21']
451,28.57895,-82.654267,S2B_MSIL2A_20250112T160529_R097_T17RLM_20250112T210836,2025-01-12,0.12,48368,['2021-08-21']
451,28.57895,-82.654267,S2B_MSIL2A_20191110T160459_R097_T17RLM_20201003T151339,2019-11-10,0.2,50980,['2021-08-21']
452,28.60204821,-82.65462873,S2B_MSIL2A_20241014T160129_R097_T17RLM_20241014T202025,2024-10-14,0.0,43692,['2021-08-21']
452,28.60204821,-82.65462873,S2A_MSIL2A_20240225T161241_R140_T17RLM_20240225T231908,2024-02-25,0.0,37624,['2021-08-21']
452,28.60204821,-82.65462873,S2A_MSIL2A_20160924T161342_R140_T17RLM_20210213T041642,2016-09-24,0.0,40148,['2021-08-21']
452,28.60204821,-82.65462873,S2A_MSIL2A_20200903T160911_R140_T17RLM_20201027T145921,2020-09-03,0.0,39624,['2021-08-21']
452,28.60204821,-82.65462873,S2B_MSIL2A_20250125T161449_R140_T17RLM_20250125T202300,2025-01-25,0.0,36356,['2021-08-21']
453,28.60172627,-82.68080128,S2B_MSIL2A_20251012T161129_R140_T17RLM_20251012T211429,2025-10-12,0.0,66564,['2021-08-21']
453,28.60172627,-82.68080128,S2B_MSIL2A_20220210T161409_R140_T17RLM_20220221T123139,2022-02-10,0.0,66564,['2021-08-21']
453,28.60172627,-82.68080128,S2B_MSIL2A_20210106T161649_R140_T17RLM_20210107T063742,2021-01-06,0.0,66564,['2021-08-21']
453,28.60172627,-82.68080128,S2A_MSIL2A_20180104T160641_R097_T17RLM_20201014T031503,2018-01-04,0.0,66564,['2021-08-21']
453,28.60172627,-82.68080128,S2C_MSIL2A_20250726T155921_R097_T17RLM_20250726T211924,2025-07-26,0.0,66564,['2021-08-21']
454,28.57862836,-82.68043384,S2A_MSIL2A_20161110T160502_R097_T17RLM_20210414T034154,2016-11-10,0.0,66564,['2021-08-21']
454,28.57862836,-82.68043384,S2B_MSIL2A_20240825T155819_R097_T17RLM_20240825T202603,2024-08-25,0.0,66564,['2021-08-21']
454,28.57862836,-82.68043384,S2B_MSIL2A_20191120T160549_R097_T17RLM_20201003T182652,2019-11-20,0.0,66564,['2021-08-21']
454,28.57862836,-82.68043384,S2A_MSIL2A_20210508T155901_R097_T17RLM_20210509T121122,2021-05-08,0.0,66564,['2021-08-21']
454,28.57862836,-82.68043384,S2B_MSIL2A_20200122T161549_R140_T17RLM_20201002T062029,2020-01-22,0.0,66564,['2021-08-21']
455,28.55553038,-82.68006683,S2B_MSIL2A_20191011T160209_R097_T17RLM_20201004T011539,2019-10-11,0.0,66564,['2021-08-21']
455,28.55553038,-82.68006683,S2A_MSIL2A_20260209T162511_R140_T17RLM_20260209T202707,2026-02-09,0.0,66564,['2021-08-21']
455,28.55553038,-82.68006683,S2B_MSIL2A_20210317T160919_R140_T17RLM_20210318T230551,2021-03-17,0.0,66564,['2021-08-21']
455,28.55553038,-82.68006683,S2B_MSIL2A_20240121T161559_R140_T17RLM_20240121T221120,2024-01-21,0.0,66564,['2021-08-21']
455,28.55553038,-82.68006683,S2B_MSIL2A_20220329T155819_R097_T17RLM_20240603T114523,2022-03-29,0.0,66564,['2021-08-21']
456,28.55585171,-82.6539057,S2A_MSIL2A_20220801T155911_R097_T17RLM_20220802T132446,2022-08-01,0.0,45308,['2021-08-21']
456,28.55585171,-82.6539057,S2A_MSIL2A_20161110T160502_R097_T17RLM_20210414T034154,2016-11-10,0.0,47440,['2021-08-21']
456,28.55585171,-82.6539057,S2A_MSIL2A_20161223T161702_R140_T17RLM_20210214T000232,2016-12-23,0.0,46436,['2021-08-21']
456,28.55585171,-82.6539057,S2A_MSIL2A_20240422T155821_R097_T17RLM_20240423T001817,2024-04-22,0.0,45600,['2021-08-21']
456,28.55585171,-82.6539057,S2A_MSIL2A_20221112T161521_R140_T17RLM_20240805T055011,2022-11-12,0.0,39344,['2021-08-21']
460,27.3871,-82.6252,S2A_MSIL2A_20201030T160411_R097_T17RLL_20201101T214348,2020-10-30,1.51,51280,['2018-11-10']
460,27.3871,-82.6252,S2A_MSIL2A_20200203T160451_R097_T17RLL_20200930T153519,2020-02-03,1.56,51260,['2018-11-10']
460,27.3871,-82.6252,S2B_MSIL2A_20210413T155819_R097_T17RLL_20210414T111142,2021-04-13,2.19,51148,['2018-11-10']
460,27.3871,-82.6252,S2A_MSIL2A_20170926T160021_R097_T17RLL_20210202T100821,2017-09-26,2.44,51616,['2018-11-10']
460,27.3871,-82.6252,S2A_MSIL2A_20251215T160711_R097_T17RLL_20251215T193112,2025-12-15,3.41,52484,['2018-11-10']
461,27.41020255,-82.62553799,S2A_MSIL2A_20221209T160651_R097_T17RLL_20221210T144518,2022-12-09,0.0,66076,['2018-11-10']
461,27.41020255,-82.62553799,S2B_MSIL2A_20180218T160309_R097_T17RLL_20201013T225427,2018-02-18,0.0,66564,['2018-11-10']
461,27.41020255,-82.62553799,S2C_MSIL2A_20250226T160251_R097_T17RLL_20250226T192212,2025-02-26,0.0,66564,['2018-11-10']
461,27.41020255,-82.62553799,S2B_MSIL2A_20220607T155819_R097_T17RLL_20220608T053252,2022-06-07,0.0,66552,['2018-11-10']
461,27.41020255,-82.62553799,S2B_MSIL2A_20210413T155819_R097_T17RLL_20210414T111142,2021-04-13,0.0,66564,['2018-11-10']
466,27.3642962,-82.59898629,S2B_MSIL2A_20260117T160509_R097_T17RLL_20260117T195809,2026-01-17,0.0,63576,"['2018-11-10', '2018-11-10', '2021-08-01']"
466,27.3642962,-82.59898629,S2A_MSIL2A_20180305T160131_R097_T17RLL_20201013T065308,2018-03-05,0.05,63532,"['2018-11-10', '2018-11-10', '2021-08-01']"
466,27.3642962,-82.59898629,S2B_MSIL2A_20200617T155829_R097_T17RLL_20200823T032740,2020-06-17,0.06,63392,"['2018-11-10', '2018-11-10', '2021-08-01']"
466,27.3642962,-82.59898629,S2B_MSIL2A_20201124T160609_R097_T17RLL_20201125T192000,2020-11-24,0.1,63568,"['2018-11-10', '2018-11-10', '2021-08-01']"
466,27.3642962,-82.59898629,S2B_MSIL2A_20211229T160649_R097_T17RLL_20211230T213445,2021-12-29,0.11,63544,"['2018-11-10', '2018-11-10', '2021-08-01']"
467,27.38739912,-82.59931851,S2A_MSIL2A_20190529T155911_R097_T17RLL_20201006T194437,2019-05-29,0.0,66564,['2018-11-10']
467,27.38739912,-82.59931851,S2A_MSIL2A_20160802T155912_R097_T17RLL_20210212T102714,2016-08-02,0.0,66564,['2018-11-10']
467,27.38739912,-82.59931851,S2B_MSIL2A_20241024T160239_R097_T17RLL_20241024T213906,2024-10-24,0.0,66564,['2018-11-10']
467,27.38739912,-82.59931851,S2A_MSIL2A_20230418T155821_R097_T17RLL_20230419T160550,2023-04-18,0.0,66564,['2018-11-10']
467,27.38739912,-82.59931851,S2A_MSIL2A_20210128T160521_R097_T17RLL_20210202T105133,2021-01-28,0.0,66564,['2018-11-10']
468,27.41050197,-82.59965113,S2A_MSIL2A_20230309T160101_R097_T17RLL_20240823T143703,2023-03-09,0.0,63576,['2018-11-10']
468,27.41050197,-82.59965113,S2B_MSIL2A_20220329T155819_R097_T17RLL_20220330T040452,2022-03-29,0.0,63580,['2018-11-10']
468,27.41050197,-82.59965113,S2B_MSIL2A_20240207T160429_R097_T17RLL_20240207T220723,2024-02-07,0.0,63252,['2018-11-10']
468,27.41050197,-82.59965113,S2C_MSIL2A_20251014T160241_R097_T17RLL_20251014T191613,2025-10-14,0.0,63504,['2018-11-10']
468,27.41050197,-82.59965113,S2A_MSIL2A_20211124T160611_R097_T17RLL_20211125T043051,2021-11-24,0.2,63264,['2018-11-10']
469,29.76223381,-85.37454822,S2B_MSIL2A_20220220T161209_R140_T16RFT_20220226T045345,2022-02-20,0.0,66384,['2021-10-26']
469,29.76223381,-85.37454822,S2B_MSIL2A_20240104T162659_R040_T16RFU_20240104T203236,2024-01-04,0.0,66516,['2021-10-26']
469,29.76223381,-85.37454822,S2A_MSIL2A_20160111T162642_R040_T16RFU_20210527T150451,2016-01-11,0.0,55472,['2021-10-26']
469,29.76223381,-85.37454822,S2B_MSIL2A_20241027T161259_R140_T16RFU_20241027T201818,2024-10-27,0.0,66564,['2021-10-26']
469,29.76223381,-85.37454822,S2A_MSIL2A_20240624T160901_R140_T16RFT_20240625T005904,2024-06-24,0.0,66564,['2021-10-26']
470,29.76157258,-85.32161051,S2B_MSIL2A_20250912T160819_R140_T16RFU_20250912T201512,2025-09-12,0.0,66564,['2021-10-26']
470,29.76157258,-85.32161051,S2B_MSIL2A_20231003T161019_R140_T16RFU_20231004T004544,2023-10-03,0.0,66564,['2021-10-26']
470,29.76157258,-85.32161051,S2A_MSIL2A_20221202T161631_R140_T16RFU_20221204T002456,2022-12-02,0.0,66564,['2021-10-26']
470,29.76157258,-85.32161051,S2A_MSIL2A_20200327T160901_R140_T16RFT_20201027T113426,2020-03-27,0.0,66564,['2021-10-26']
470,29.76157258,-85.32161051,S2B_MSIL2A_20181218T161659_R140_T16RFU_20201008T111624,2018-12-18,0.01,66560,['2021-10-26']
471,29.80776019,-85.32083963,S2B_MSIL2A_20231125T162609_R040_T16RFU_20231125T201735,2023-11-25,0.0,63356,['2021-10-26']
471,29.80776019,-85.32083963,S2B_MSIL2A_20230126T161539_R140_T16RFU_20240812T142206,2023-01-26,0.0,63960,['2021-10-26']
471,29.80776019,-85.32083963,S2A_MSIL2A_20240704T160901_R140_T16RFT_20240706T010013,2024-07-04,0.0,63932,['2021-10-26']
471,29.80776019,-85.32083963,S2A_MSIL2A_20160507T161342_R140_T16RFU_20210211T092437,2016-05-07,0.02,63940,['2021-10-26']
471,29.80776019,-85.32083963,S2A_MSIL2A_20220923T161001_R140_T16RFU_20220924T184134,2022-09-23,0.03,63984,['2021-10-26']
472,28.17274774,-82.8504568,S2C_MSIL2A_20250726T155921_R097_T17RLM_20250726T211924,2025-07-26,0.14,56036,"['2021-07-22', '2023-03-09']"
472,28.17274774,-82.8504568,S2C_MSIL2A_20251226T161711_R140_T17RLM_20251226T200311,2025-12-26,0.2,56004,"['2021-07-22', '2023-03-09']"
472,28.17274774,-82.8504568,S2B_MSIL2A_20220329T155819_R097_T17RLM_20240603T114523,2022-03-29,0.65,55932,"['2021-07-22', '2023-03-09']"
472,28.17274774,-82.8504568,S2B_MSIL2A_20251012T161129_R140_T17RLM_20251012T211429,2025-10-12,1.29,55408,"['2021-07-22', '2023-03-09']"
472,28.17274774,-82.8504568,S2B_MSIL2A_20171103T161419_R140_T17RLM_20201014T181427,2017-11-03,2.06,55564,"['2021-07-22', '2023-03-09']"
474,26.087517,-81.809133,S2A_MSIL2A_20221219T160701_R097_T17RMJ_20221220T130546,2022-12-19,0.04,61340,"['2018-11-20', '2019-11-10', '2019-11-30']"
474,26.087517,-81.809133,S2B_MSIL2A_20240207T160429_R097_T17RMJ_20240207T220718,2024-02-07,0.15,61196,"['2018-11-20', '2019-11-10', '2019-11-30']"
474,26.087517,-81.809133,S2A_MSIL2A_20220712T155921_R097_T17RMJ_20240713T031722,2022-07-12,0.78,60596,"['2018-11-20', '2019-11-10', '2019-11-30']"
474,26.087517,-81.809133,S2A_MSIL2A_20201010T160211_R097_T17RMJ_20201011T222439,2020-10-10,1.82,60124,"['2018-11-20', '2019-11-10', '2019-11-30']"
474,26.087517,-81.809133,S2B_MSIL2A_20200428T155819_R097_T17RMJ_20200922T122640,2020-04-28,1.83,59948,"['2018-11-20', '2019-11-10', '2019-11-30']"
475,26.11063081,-81.80929206,S2B_MSIL2A_20220118T160559_R097_T17RMJ_20220119T155146,2022-01-18,1.37,50252,"['2018-11-20', '2019-11-10', '2019-11-30', '2020-12-19']"
475,26.11063081,-81.80929206,S2A_MSIL2A_20170208T160411_R097_T17RMJ_20210208T085639,2017-02-08,1.44,49760,"['2018-11-20', '2019-11-10', '2019-11-30', '2020-12-19']"
475,26.11063081,-81.80929206,S2A_MSIL2A_20161001T160052_R097_T17RMJ_20210213T062945,2016-10-01,1.75,49356,"['2018-11-20', '2019-11-10', '2019-11-30', '2020-12-19']"
475,26.11063081,-81.80929206,S2B_MSIL2A_20241113T160429_R097_T17RMJ_20241114T075919,2024-11-13,1.84,50312,"['2018-11-20', '2019-11-10', '2019-11-30', '2020-12-19']"
475,26.11063081,-81.80929206,S2B_MSIL2A_20211010T160109_R097_T17RMJ_20211011T030137,2021-10-10,2.44,49384,"['2018-11-20', '2019-11-10', '2019-11-30', '2020-12-19']"
477,30.38703011,-86.54136488,S2B_MSIL2A_20240712T161829_R040_T16REU_20240712T222507,2024-07-12,0.0,49464,"['2018-10-27', '2021-09-26']"
477,30.38703011,-86.54136488,S2C_MSIL2A_20250202T162531_R040_T16REU_20250204T172110,2025-02-02,0.89,49216,"['2018-10-27', '2021-09-26']"
477,30.38703011,-86.54136488,S2B_MSIL2A_20231105T162449_R040_T16REU_20241029T115855,2023-11-05,1.03,49680,"['2018-10-27', '2021-09-26']"
477,30.38703011,-86.54136488,S2B_MSIL2A_20240114T162629_R040_T16REU_20240114T201707,2024-01-14,1.73,49540,"['2018-10-27', '2021-09-26']"
477,30.38703011,-86.54136488,S2B_MSIL2A_20200802T161829_R040_T16REU_20200815T223850,2020-08-02,6.3,49536,"['2018-10-27', '2021-09-26']"
481,28.05098563,-82.84470271,S2A_MSIL2A_20200622T155911_R097_T17RLM_20200823T162329,2020-06-22,0.0,66564,"['2018-09-24', '2021-09-25']"
481,28.05098563,-82.84470271,S2B_MSIL2A_20191223T161659_R140_T17RLM_20201003T085038,2019-12-23,0.0,66564,"['2018-09-24', '2021-09-25']"
481,28.05098563,-82.84470271,S2A_MSIL2A_20201102T161431_R140_T17RLM_20201104T005846,2020-11-02,0.01,66556,"['2018-09-24', '2021-09-25']"
481,28.05098563,-82.84470271,S2A_MSIL2A_20170330T155901_R097_T17RLM_20210209T030951,2017-03-30,0.01,66556,"['2018-09-24', '2021-09-25']"
481,28.05098563,-82.84470271,S2B_MSIL2A_20171213T161649_R140_T17RLM_20201014T135559,2017-12-13,0.02,66548,"['2018-09-24', '2021-09-25']"
482,28.02857704,-82.79224785,S2A_MSIL2A_20230915T155901_R097_T17RLM_20230916T021628,2023-09-15,0.01,38508,['2021-09-25']
482,28.02857704,-82.79224785,S2A_MSIL2A_20190323T160931_R140_T17RLM_20201007T094259,2019-03-23,0.07,38496,['2021-09-25']
482,28.02857704,-82.79224785,S2B_MSIL2A_20241203T160539_R097_T17RLM_20241203T200858,2024-12-03,0.14,38612,['2021-09-25']
482,28.02857704,-82.79224785,S2C_MSIL2A_20250815T155921_R097_T17RLM_20250815T205115,2025-08-15,0.22,38348,['2021-09-25']
482,28.02857704,-82.79224785,S2B_MSIL2A_20220707T155829_R097_T17RLM_20220708T113558,2022-07-07,0.46,38324,['2021-09-25']
485,26.500278,-82.0475,S2B_MSIL2A_20240417T155819_R097_T17RLK_20240417T231836,2024-04-17,0.0,61796,"['2016-02-14', '2018-04-29', '2018-08-07']"
485,26.500278,-82.0475,S2B_MSIL2A_20260328T155859_R097_T17RLK_20260328T200110,2026-03-28,0.01,61744,"['2016-02-14', '2018-04-29', '2018-08-07']"
485,26.500278,-82.0475,S2C_MSIL2A_20250924T160021_R097_T17RLK_20250924T212114,2025-09-24,0.09,61192,"['2016-02-14', '2018-04-29', '2018-08-07']"
485,26.500278,-82.0475,S2B_MSIL2A_20251228T160559_R097_T17RLK_20251228T210144,2025-12-28,0.12,61500,"['2016-02-14', '2018-04-29', '2018-08-07']"
485,26.500278,-82.0475,S2B_MSIL2A_20180218T160309_R097_T17RLK_20201013T225422,2018-02-18,0.12,60772,"['2016-02-14', '2018-04-29', '2018-08-07']"
486,26.52338892,-82.04770968,S2B_MSIL2A_20171120T160539_R097_T17RLK_20201014T211532,2017-11-20,0.0,61672,"['2018-04-29', '2018-08-07']"
486,26.52338892,-82.04770968,S2A_MSIL2A_20220212T160401_R097_T17RLK_20220222T093822,2022-02-12,0.0,61812,"['2018-04-29', '2018-08-07']"
486,26.52338892,-82.04770968,S2A_MSIL2A_20190926T160021_R097_T17RLK_20201004T171725,2019-09-26,0.0,61796,"['2018-04-29', '2018-08-07']"
486,26.52338892,-82.04770968,S2B_MSIL2A_20200707T155819_R097_T17RLK_20200912T094138,2020-07-07,0.01,61540,"['2018-04-29', '2018-08-07']"
486,26.52338892,-82.04770968,S2A_MSIL2A_20230915T155901_R097_T17RLK_20241103T091138,2023-09-15,0.04,62404,"['2018-04-29', '2018-08-07']"
490,27.8886,-82.5547,S2A_MSIL2A_20230418T155821_R097_T17RLL_20230419T160550,2023-04-18,0.0,66428,['2021-07-17']
490,27.8886,-82.5547,S2A_MSIL2A_20200203T160451_R097_T17RLL_20200930T153519,2020-02-03,0.01,66504,['2021-07-17']
490,27.8886,-82.5547,S2C_MSIL2A_20250226T160251_R097_T17RLL_20250226T192212,2025-02-26,0.47,66156,['2021-07-17']
490,27.8886,-82.5547,S2B_MSIL2A_20220329T155819_R097_T17RLL_20220330T040452,2022-03-29,0.5,66116,['2021-07-17']
490,27.8886,-82.5547,S2A_MSIL2A_20211124T160611_R097_T17RLL_20211125T043051,2021-11-24,0.71,66024,['2021-07-17']
491,27.91140565,-82.58103605,S2A_MSIL2A_20170817T155901_R097_T17RLL_20210201T031949,2017-08-17,0.0,66564,['2021-07-17']
491,27.91140565,-82.58103605,S2B_MSIL2A_20171031T160359_R097_T17RLL_20201015T033027,2017-10-31,0.0,66564,['2021-07-17']
491,27.91140565,-82.58103605,S2A_MSIL2A_20211124T160611_R097_T17RLL_20211125T043051,2021-11-24,0.0,66564,['2021-07-17']
491,27.91140565,-82.58103605,S2A_MSIL2A_20180404T155901_R097_T17RLL_20201012T181114,2018-04-04,0.0,66564,['2021-07-17']
491,27.91140565,-82.58103605,S2C_MSIL2A_20250318T160021_R097_T17RLL_20250318T212400,2025-03-18,0.0,66564,['2021-07-17']
492,27.88830426,-82.58070025,S2A_MSIL2A_20240721T155901_R097_T17RLL_20240722T005326,2024-07-21,0.0,65672,['2021-07-17']
492,27.88830426,-82.58070025,S2B_MSIL2A_20180218T160309_R097_T17RLL_20201013T225427,2018-02-18,0.46,65252,['2021-07-17']
492,27.88830426,-82.58070025,S2B_MSIL2A_20230811T155829_R097_T17RLL_20241025T121853,2023-08-11,0.47,65316,['2021-07-17']
492,27.88830426,-82.58070025,S2A_MSIL2A_20240412T155901_R097_T17RLL_20240413T001435,2024-04-12,0.49,65268,['2021-07-17']
492,27.88830426,-82.58070025,S2B_MSIL2A_20171031T160359_R097_T17RLL_20201015T033027,2017-10-31,0.56,65240,['2021-07-17']
493,27.8652028,-82.58036485,S2A_MSIL2A_20160802T155912_R097_T17RLL_20210212T102714,2016-08-02,0.01,66404,['2021-07-17']
493,27.8652028,-82.58036485,S2B_MSIL2A_20201015T160149_R097_T17RLL_20201019T065153,2020-10-15,0.01,66380,['2021-07-17']
493,27.8652028,-82.58036485,S2A_MSIL2A_20180504T155911_R097_T17RLL_20201012T054309,2018-05-04,0.02,66372,['2021-07-17']
493,27.8652028,-82.58036485,S2B_MSIL2A_20191110T160459_R097_T17RLL_20201003T151344,2019-11-10,0.02,66372,['2021-07-17']
493,27.8652028,-82.58036485,S2B_MSIL2A_20190223T160249_R097_T17RLL_20201007T195915,2019-02-23,0.03,66332,['2021-07-17']
495,27.29865472,-80.23080422,S2C_MSIL2A_20251120T160521_R054_T17RNL_20251120T190712,2025-11-20,0.0,51704,['2018-10-28']
495,27.29865472,-80.23080422,S2B_MSIL2A_20240214T160509_R054_T17RNL_20240214T214409,2024-02-14,0.01,51640,['2018-10-28']
495,27.29865472,-80.23080422,S2A_MSIL2A_20221027T160511_R054_T17RNL_20240716T104551,2022-10-27,0.08,50752,['2018-10-28']
495,27.29865472,-80.23080422,S2A_MSIL2A_20250327T160521_R054_T17RNL_20250327T190115,2025-03-27,0.09,51472,['2018-10-28']
495,27.29865472,-80.23080422,S2B_MSIL2A_20260404T160509_R054_T17RNL_20260404T210418,2026-04-04,0.12,51572,['2018-10-28']
496,27.27554455,-80.23096341,S2C_MSIL2A_20251120T160521_R054_T17RNL_20251120T190712,2025-11-20,0.0,56124,['2018-10-28']
496,27.27554455,-80.23096341,S2B_MSIL2A_20230510T160519_R054_T17RNL_20230510T222911,2023-05-10,0.0,55740,['2018-10-28']
496,27.27554455,-80.23096341,S2A_MSIL2A_20240509T160511_R054_T17RNL_20240509T234232,2024-05-09,0.42,55504,['2018-10-28']
496,27.27554455,-80.23096341,S2B_MSIL2A_20221022T160509_R054_T17RNL_20221023T133134,2022-10-22,0.47,55996,['2018-10-28']
496,27.27554455,-80.23096341,S2B_MSIL2A_20191207T160509_R054_T17RNL_20201003T020435,2019-12-07,0.68,55904,['2018-10-28']
497,27.2522899,-80.20526435,S2A_MSIL2A_20240320T160511_R054_T17RNL_20240320T233820,2024-03-20,0.2,48872,['2018-10-28']
497,27.2522899,-80.20526435,S2A_MSIL2A_20190106T160511_R054_T17RNL_20201007T231549,2019-01-06,1.31,48412,['2018-10-28']
497,27.2522899,-80.20526435,S2C_MSIL2A_20250921T160521_R054_T17RNL_20250921T204010,2025-09-21,2.01,48404,['2018-10-28']
497,27.2522899,-80.20526435,S2A_MSIL2A_20220410T160511_R054_T17RNL_20220411T153119,2022-04-10,2.28,48316,['2018-10-28']
497,27.2522899,-80.20526435,S2A_MSIL2A_20190526T160511_R054_T17RNL_20201006T183448,2019-05-26,2.91,46812,['2018-10-28']
500,27.47734058,-80.31056166,S2A_MSIL2A_20240509T160511_R054_T17RNL_20240509T234232,2024-05-09,0.02,38620,"['2018-10-28', '2023-06-04']"
500,27.47734058,-80.31056166,S2A_MSIL2A_20221206T160511_R054_T17RNL_20221207T160126,2022-12-06,0.05,39184,"['2018-10-28', '2023-06-04']"
500,27.47734058,-80.31056166,S2B_MSIL2A_20250208T160509_R054_T17RNL_20250208T193951,2025-02-08,0.06,39168,"['2018-10-28', '2023-06-04']"
500,27.47734058,-80.31056166,S2B_MSIL2A_20231206T160509_R054_T17RNL_20241021T102801,2023-12-06,0.16,35388,"['2018-10-28', '2023-06-04']"
500,27.47734058,-80.31056166,S2B_MSIL2A_20200505T160509_R054_T17RNL_20200920T162355,2020-05-05,0.53,38168,"['2018-10-28', '2023-06-04']"
509,26.256533,-82.322267,S2A_MSIL2A_20160514T155912_R097_T17RLK_20210211T111802,2016-05-14,0.0,66564,['2018-09-16']
509,26.256533,-82.322267,S2B_MSIL2A_20231219T160659_R097_T17RLK_20231222T001352,2023-12-19,0.0,66564,['2018-09-16']
509,26.256533,-82.322267,S2A_MSIL2A_20170529T155911_R097_T17RLK_20210209T190257,2017-05-29,0.0,66564,['2018-09-16']
509,26.256533,-82.322267,S2C_MSIL2A_20251113T160531_R097_T17RLK_20251113T194111,2025-11-13,0.0,66564,['2018-09-16']
509,26.256533,-82.322267,S2B_MSIL2A_20221025T160339_R097_T17RLK_20240724T153558,2022-10-25,0.0,66564,['2018-09-16']
510,26.2796424,-82.32252887,S2A_MSIL2A_20190926T160021_R097_T17RLK_20201004T171725,2019-09-26,0.0,66564,['2018-09-16']
510,26.2796424,-82.32252887,S2B_MSIL2A_20190325T155909_R097_T17RLK_20201007T104120,2019-03-25,0.0,66564,['2018-09-16']
510,26.2796424,-82.32252887,S2B_MSIL2A_20200408T155819_R097_T17RLK_20200925T140327,2020-04-08,0.0,66564,['2018-09-16']
510,26.2796424,-82.32252887,S2A_MSIL2A_20230627T155821_R097_T17RLK_20230628T022813,2023-06-27,0.0,66564,['2018-09-16']
510,26.2796424,-82.32252887,S2A_MSIL2A_20170208T160411_R097_T17RLK_20210208T085633,2017-02-08,0.0,66564,['2018-09-16']
511,26.2794039,-82.34816299,S2A_MSIL2A_20210925T160021_R097_T17RLK_20210926T163159,2021-09-25,0.0,66564,['2018-09-16']
511,26.2794039,-82.34816299,S2B_MSIL2A_20220428T155819_R097_T17RLK_20220713T223642,2022-04-28,0.0,66564,['2018-09-16']
511,26.2794039,-82.34816299,S2B_MSIL2A_20211109T160459_R097_T17RLK_20211110T021037,2021-11-09,0.0,66564,['2018-09-16']
511,26.2794039,-82.34816299,S2A_MSIL2A_20200304T160131_R097_T17RLK_20201101T170705,2020-03-04,0.0,66564,['2018-09-16']
511,26.2794039,-82.34816299,S2A_MSIL2A_20240909T155901_R097_T17RLK_20240909T230449,2024-09-09,0.0,66564,['2018-09-16']
512,26.25629474,-82.34789605,S2A_MSIL2A_20201209T160641_R097_T17RLK_20210105T205635,2020-12-09,0.0,66564,['2018-09-16']
512,26.25629474,-82.34789605,S2B_MSIL2A_20171210T160639_R097_T17RLK_20201014T131722,2017-12-10,0.0,66564,['2018-09-16']
512,26.25629474,-82.34789605,S2B_MSIL2A_20190325T155909_R097_T17RLK_20201007T104120,2019-03-25,0.0,66564,['2018-09-16']
512,26.25629474,-82.34789605,S2A_MSIL2A_20230418T155821_R097_T17RLK_20240906T005219,2023-04-18,0.0,66564,['2018-09-16']
512,26.25629474,-82.34789605,S2A_MSIL2A_20170509T155911_R097_T17RLK_20210209T141858,2017-05-09,0.0,66564,['2018-09-16']
513,26.25676669,-82.29663763,S2A_MSIL2A_20230108T160641_R097_T17RLK_20240812T081749,2023-01-08,0.0,66564,['2018-09-16']
513,26.25676669,-82.29663763,S2B_MSIL2A_20240815T155819_R097_T17RLK_20240815T202258,2024-08-15,0.0,66564,['2018-09-16']
513,26.25676669,-82.29663763,S2B_MSIL2A_20240207T160429_R097_T17RLK_20240207T220711,2024-02-07,0.0,66564,['2018-09-16']
513,26.25676669,-82.29663763,S2A_MSIL2A_20170509T155911_R097_T17RLK_20210209T141858,2017-05-09,0.0,66564,['2018-09-16']
513,26.25676669,-82.29663763,S2A_MSIL2A_20250509T160701_R097_T17RLK_20250509T224859,2025-05-09,0.0,66564,['2018-09-16']
514,26.27987633,-82.29689442,S2A_MSIL2A_20161021T160402_R097_T17RLK_20210213T130414,2016-10-21,0.0,66564,['2018-09-16']
514,26.27987633,-82.29689442,S2B_MSIL2A_20191130T160619_R097_T17RLK_20201003T211031,2019-11-30,0.0,66564,['2018-09-16']
514,26.27987633,-82.29689442,S2A_MSIL2A_20211224T160701_R097_T17RLK_20211225T052618,2021-12-24,0.0,66564,['2018-09-16']
514,26.27987633,-82.29689442,S2B_MSIL2A_20211109T160459_R097_T17RLK_20211110T021037,2021-11-09,0.0,66564,['2018-09-16']
514,26.27987633,-82.29689442,S2A_MSIL2A_20170926T160021_R097_T17RLK_20210202T100817,2017-09-26,0.0,66564,['2018-09-16']
517,28.15724797,-82.85045279,S2B_MSIL2A_20230423T155819_R097_T17RLM_20240831T032118,2023-04-23,0.0,61992,['2021-09-03']
517,28.15724797,-82.85045279,S2B_MSIL2A_20230811T155829_R097_T17RLM_20241025T121853,2023-08-11,0.3,61680,['2021-09-03']
517,28.15724797,-82.85045279,S2A_MSIL2A_20250919T161701_R140_T17RLM_20250920T002414,2025-09-19,2.89,60796,['2021-09-03']
517,28.15724797,-82.85045279,S2A_MSIL2A_20190323T160931_R140_T17RLM_20201007T094259,2019-03-23,4.07,60084,['2021-09-03']
517,28.15724797,-82.85045279,S2B_MSIL2A_20171213T161649_R140_T17RLM_20201014T135559,2017-12-13,4.17,60116,['2021-09-03']
518,28.15794234,-82.79832975,S2B_MSIL2A_20251012T161129_R140_T17RLM_20251012T211429,2025-10-12,0.01,47716,['2021-09-03']
518,28.15794234,-82.79832975,S2A_MSIL2A_20230617T155821_R097_T17RLM_20230618T005311,2023-06-17,0.18,47560,['2021-09-03']
518,28.15794234,-82.79832975,S2B_MSIL2A_20171103T161419_R140_T17RLM_20201014T181427,2017-11-03,0.9,47972,['2021-09-03']
518,28.15794234,-82.79832975,S2B_MSIL2A_20240101T161659_R140_T17RLM_20240101T201752,2024-01-01,1.18,46932,['2021-09-03']
518,28.15794234,-82.79832975,S2B_MSIL2A_20170703T155909_R097_T17RLM_20210210T042136,2017-07-03,1.46,47564,['2021-09-03']
525,30.39963275,-86.57375037,S2B_MSIL2A_20260314T161939_R040_T16REU_20260314T214405,2026-03-14,1.5,53704,"['2016-07-19', '2018-10-12']"
525,30.39963275,-86.57375037,S2A_MSIL2A_20190125T162541_R040_T16REU_20201008T043009,2019-01-25,8.76,53328,"['2016-07-19', '2018-10-12']"
525,30.39963275,-86.57375037,S2B_MSIL2A_20211115T162539_R040_T16REU_20211116T013005,2021-11-15,9.39,53744,"['2016-07-19', '2018-10-12']"
525,30.39963275,-86.57375037,S2B_MSIL2A_20201001T162019_R040_T16REU_20201004T083238,2020-10-01,9.58,53932,"['2016-07-19', '2018-10-12']"
525,30.39963275,-86.57375037,S2A_MSIL2A_20200718T161911_R040_T16REU_20200816T144517,2020-07-18,9.95,53084,"['2016-07-19', '2018-10-12']"
531,29.84867,-85.398,S2B_MSIL2A_20230625T160829_R140_T16RFU_20230625T224445,2023-06-25,0.0,38860,['2018-10-29']
531,29.84867,-85.398,S2A_MSIL2A_20230315T162031_R040_T16RFU_20230315T233837,2023-03-15,0.37,42468,['2018-10-29']
531,29.84867,-85.398,S2A_MSIL2A_20160507T161342_R140_T16RFU_20210211T092437,2016-05-07,0.37,42384,['2018-10-29']
531,29.84867,-85.398,S2A_MSIL2A_20191002T162111_R040_T16RFU_20201003T214301,2019-10-02,1.03,42400,['2018-10-29']
531,29.84867,-85.398,S2B_MSIL2A_20170818T161859_R040_T16RFU_20201019T223732,2017-08-18,1.82,41180,['2018-10-29']
532,29.82557549,-85.39836855,S2A_MSIL2A_20241201T161631_R140_T16RFU_20241201T193354,2024-12-01,0.0,49200,['2018-10-29']
532,29.82557549,-85.39836855,S2A_MSIL2A_20230918T160921_R140_T16RFU_20230919T101736,2023-09-18,0.02,58520,['2018-10-29']
532,29.82557549,-85.39836855,S2B_MSIL2A_20210923T160909_R140_T16RFU_20210924T114222,2021-09-23,0.07,51888,['2018-10-29']
532,29.82557549,-85.39836855,S2A_MSIL2A_20171029T161401_R140_T16RFU_20201015T025842,2017-10-29,0.1,56900,['2018-10-29']
532,29.82557549,-85.39836855,S2C_MSIL2A_20250410T160921_R140_T16RFU_20250410T211116,2025-04-10,0.37,58428,['2018-10-29']
537,26.5857,-82.0645,S2B_MSIL2A_20240815T155819_R097_T17RLK_20240815T202258,2024-08-15,0.0,46064,"['2016-11-20', '2018-01-09']"
537,26.5857,-82.0645,S2A_MSIL2A_20180414T155901_R097_T17RLK_20201012T221013,2018-04-14,0.0,45100,"['2016-11-20', '2018-01-09']"
537,26.5857,-82.0645,S2B_MSIL2A_20251228T160559_R097_T17RLK_20251228T210144,2025-12-28,0.0,46272,"['2016-11-20', '2018-01-09']"
537,26.5857,-82.0645,S2B_MSIL2A_20220428T155819_R097_T17RLK_20220713T223642,2022-04-28,0.0,45560,"['2016-11-20', '2018-01-09']"
537,26.5857,-82.0645,S2B_MSIL2A_20190223T160249_R097_T17RLK_20201007T195907,2019-02-23,3.68,44092,"['2016-11-20', '2018-01-09']"
538,26.60881051,-82.06471388,S2B_MSIL2A_20251228T160559_R097_T17RLK_20251228T210144,2025-12-28,0.0,38972,"['2016-11-20', '2018-01-09']"
538,26.60881051,-82.06471388,S2B_MSIL2A_20240207T160429_R097_T17RLK_20240207T220711,2024-02-07,0.0,38776,"['2016-11-20', '2018-01-09']"
538,26.60881051,-82.06471388,S2B_MSIL2A_20211229T160649_R097_T17RLK_20211230T211628,2021-12-29,0.0,38580,"['2016-11-20', '2018-01-09']"
538,26.60881051,-82.06471388,S2B_MSIL2A_20221025T160339_R097_T17RLK_20240724T153558,2022-10-25,0.0,39736,"['2016-11-20', '2018-01-09']"
538,26.60881051,-82.06471388,S2A_MSIL2A_20220304T160151_R097_T17RLK_20240528T224642,2022-03-04,0.0,38424,"['2016-11-20', '2018-01-09']"
539,26.56258941,-82.06428638,S2B_MSIL2A_20200408T155819_R097_T17RLK_20200925T140327,2020-04-08,0.0,47136,['2016-11-20']
539,26.56258941,-82.06428638,S2A_MSIL2A_20170509T155911_R097_T17RLK_20210209T141858,2017-05-09,0.0,47132,['2016-11-20']
539,26.56258941,-82.06428638,S2B_MSIL2A_20210314T155929_R097_T17RLK_20210315T193904,2021-03-14,0.0,47032,['2016-11-20']
539,26.56258941,-82.06428638,S2B_MSIL2A_20230403T155829_R097_T17RLK_20230403T223915,2023-04-03,0.0,48164,['2016-11-20']
539,26.56258941,-82.06428638,S2B_MSIL2A_20191120T160549_R097_T17RLK_20201003T182645,2019-11-20,0.0,46900,['2016-11-20']
541,30.40666757,-86.45830554,S2B_MSIL2A_20250905T161829_R040_T16REU_20250905T202408,2025-09-05,0.0,33708,['2021-09-26']
541,30.40666757,-86.45830554,S2C_MSIL2A_20250622T161851_R040_T16REU_20250622T215416,2025-06-22,0.0,33400,['2021-09-26']
541,30.40666757,-86.45830554,S2B_MSIL2A_20220404T161829_R040_T16REU_20240603T090951,2022-04-04,0.01,33780,['2021-09-26']
541,30.40666757,-86.45830554,S2A_MSIL2A_20230822T161831_R040_T16REU_20230823T195454,2023-08-22,0.01,33184,['2021-09-26']
541,30.40666757,-86.45830554,S2B_MSIL2A_20200504T161829_R040_T16REU_20200920T125827,2020-05-04,0.38,33648,['2021-09-26']
542,30.40655431,-86.43165459,S2B_MSIL2A_20250319T161909_R040_T16REU_20250319T215748,2025-03-19,0.0,37676,['2021-09-26']
542,30.40655431,-86.43165459,S2A_MSIL2A_20230213T162401_R040_T16REU_20240816T014207,2023-02-13,0.0,37860,['2021-09-26']
542,30.40655431,-86.43165459,S2B_MSIL2A_20240423T161829_R040_T16REU_20240423T211303,2024-04-23,0.02,37320,['2021-09-26']
542,30.40655431,-86.43165459,S2A_MSIL2A_20190704T161911_R040_T16REU_20201005T090758,2019-07-04,0.62,37304,['2021-09-26']
542,30.40655431,-86.43165459,S2A_MSIL2A_20210404T161901_R040_T16REU_20210405T105917,2021-04-04,0.78,37452,['2021-09-26']
543,26.65253509,-82.09193394,S2A_MSIL2A_20170310T160041_R097_T17RLK_20210208T212028,2017-03-10,0.01,60996,"['2018-01-09', '2019-11-20', '2021-03-19', '2023-04-18']"
543,26.65253509,-82.09193394,S2A_MSIL2A_20170926T160021_R097_T17RLK_20210202T100817,2017-09-26,0.04,60772,"['2018-01-09', '2019-11-20', '2021-03-19', '2023-04-18']"
543,26.65253509,-82.09193394,S2A_MSIL2A_20200304T160131_R097_T17RLK_20201101T170705,2020-03-04,0.05,60888,"['2018-01-09', '2019-11-20', '2021-03-19', '2023-04-18']"
543,26.65253509,-82.09193394,S2B_MSIL2A_20241203T160539_R097_T17RLK_20241203T200858,2024-12-03,0.06,61808,"['2018-01-09', '2019-11-20', '2021-03-19', '2023-04-18']"
543,26.65253509,-82.09193394,S2B_MSIL2A_20190524T155829_R097_T17RLK_20201006T175852,2019-05-24,0.5,60444,"['2018-01-09', '2019-11-20', '2021-03-19', '2023-04-18']"
544,29.606683,-84.94665,S2C_MSIL2A_20251219T162721_R040_T16RFT_20251219T200415,2025-12-19,0.01,63248,['2021-10-08']
544,29.606683,-84.94665,S2C_MSIL2A_20251020T162331_R040_T16RFT_20251020T201906,2025-10-20,0.04,63192,['2021-10-08']
544,29.606683,-84.94665,S2B_MSIL2A_20210615T160829_R140_T16RFT_20210616T012519,2021-06-15,0.29,62748,['2021-10-08']
544,29.606683,-84.94665,S2B_MSIL2A_20250217T162239_R040_T16RFT_20250217T201947,2025-02-17,0.69,63040,['2021-10-08']
544,29.606683,-84.94665,S2A_MSIL2A_20200804T160911_R140_T16RFT_20200816T030724,2020-08-04,0.84,63104,['2021-10-08']
545,29.62977244,-84.94618171,S2B_MSIL2A_20250319T161909_R040_T16RFT_20250319T215748,2025-03-19,0.02,53416,"['2016-05-07', '2021-10-08']"
545,29.62977244,-84.94618171,S2A_MSIL2A_20161014T161342_R140_T16RFT_20210213T103846,2016-10-14,1.17,54432,"['2016-05-07', '2021-10-08']"
545,29.62977244,-84.94618171,S2A_MSIL2A_20170701T161341_R140_T16RFT_20210210T032358,2017-07-01,1.49,53836,"['2016-05-07', '2021-10-08']"
545,29.62977244,-84.94618171,S2B_MSIL2A_20180323T160929_R140_T16RFT_20201013T131552,2018-03-23,1.5,54240,"['2016-05-07', '2021-10-08']"
545,29.62977244,-84.94618171,S2A_MSIL2A_20190422T160911_R140_T16RFT_20201105T145652,2019-04-22,2.08,53864,"['2016-05-07', '2021-10-08']"
546,29.63017918,-84.9726102,S2A_MSIL2A_20160410T162332_R040_T16RFT_20210211T030030,2016-04-10,0.0,66564,['2021-10-08']
546,29.63017918,-84.9726102,S2A_MSIL2A_20171009T161341_R140_T16RFT_20210202T160039,2017-10-09,0.0,66564,['2021-10-08']
546,29.63017918,-84.9726102,S2A_MSIL2A_20170701T161341_R140_T16RFT_20210210T032358,2017-07-01,0.0,66564,['2021-10-08']
546,29.63017918,-84.9726102,S2B_MSIL2A_20171226T162659_R040_T16RFT_20201014T163457,2017-12-26,0.0,66564,['2021-10-08']
546,29.63017918,-84.9726102,S2B_MSIL2A_20221107T161449_R140_T16RFT_20221108T081525,2022-11-07,0.0,66564,['2021-10-08']
547,29.60708936,-84.97307248,S2B_MSIL2A_20221107T161449_R140_T16RFT_20221108T081525,2022-11-07,0.05,56872,['2021-10-08']
547,29.60708936,-84.97307248,S2C_MSIL2A_20250719T160921_R140_T16RFT_20250719T211215,2025-07-19,0.14,56804,['2021-10-08']
547,29.60708936,-84.97307248,S2A_MSIL2A_20230720T160831_R140_T16RFT_20241016T130721,2023-07-20,0.16,56792,['2021-10-08']
547,29.60708936,-84.97307248,S2B_MSIL2A_20190321T161949_R040_T16RFT_20210515T185834,2019-03-21,1.69,55136,['2021-10-08']
547,29.60708936,-84.97307248,S2B_MSIL2A_20171213T161649_R140_T16RFT_20201014T135558,2017-12-13,2.31,56608,['2021-10-08']
548,29.62936045,-84.91975376,S2C_MSIL2A_20251219T162721_R040_T16RFT_20251219T200415,2025-12-19,0.0,49388,['2021-10-08']
548,29.62936045,-84.91975376,S2B_MSIL2A_20230814T160829_R140_T16RGT_20241020T103406,2023-08-14,0.2,49616,['2021-10-08']
548,29.62936045,-84.91975376,S2A_MSIL2A_20210401T160901_R140_T16RFT_20210402T154314,2021-04-01,1.33,48808,['2021-10-08']
548,29.62936045,-84.91975376,S2A_MSIL2A_20170224T162331_R040_T16RFT_20210208T164621,2017-02-24,2.05,48200,['2021-10-08']
548,29.62936045,-84.91975376,S2A_MSIL2A_20200615T160911_R140_T16RGT_20200827T113053,2020-06-15,2.51,47416,['2021-10-08']
553,26.63532,-82.07101,S2A_MSIL2A_20240701T160031_R097_T17RLK_20240702T012619,2024-07-01,0.0,42488,['2019-11-20']
553,26.63532,-82.07101,S2C_MSIL2A_20250606T155841_R097_T17RLK_20250606T212214,2025-06-06,0.05,42612,['2019-11-20']
553,26.63532,-82.07101,S2A_MSIL2A_20230108T160641_R097_T17RLK_20240812T081749,2023-01-08,0.52,43948,['2019-11-20']
553,26.63532,-82.07101,S2A_MSIL2A_20170926T160021_R097_T17RLK_20210202T100817,2017-09-26,2.0,40756,['2019-11-20']
553,26.63532,-82.07101,S2A_MSIL2A_20180414T155901_R097_T17RLK_20201012T221013,2018-04-14,2.36,40764,['2019-11-20']
557,29.684788,-84.86131128,S2A_MSIL2A_20170112T161621_R140_T16RGT_20210530T064653,2017-01-12,0.0,65976,['2021-10-11']
557,29.684788,-84.86131128,S2B_MSIL2A_20251104T162349_R040_T16RFT_20251104T200740,2025-11-04,0.0,66564,['2021-10-11']
557,29.684788,-84.86131128,S2A_MSIL2A_20240922T161001_R140_T16RGT_20240922T215405,2024-09-22,0.0,66564,['2021-10-11']
557,29.684788,-84.86131128,S2C_MSIL2A_20260309T162111_R040_T16RGT_20260309T210210,2026-03-09,0.0,56396,['2021-10-11']
557,29.684788,-84.86131128,S2A_MSIL2A_20200923T161011_R140_T16RGT_20200926T094624,2020-09-23,0.01,66556,['2021-10-11']
558,29.68521235,-84.88775273,S2B_MSIL2A_20201001T162019_R040_T16RFT_20201004T083254,2020-10-01,0.01,66016,['2021-10-11']
558,29.68521235,-84.88775273,S2B_MSIL2A_20171103T161419_R140_T16RGT_20201014T181432,2017-11-03,0.02,66060,['2021-10-11']
558,29.68521235,-84.88775273,S2B_MSIL2A_20180412T160859_R140_T16RGT_20201012T213509,2018-04-12,0.03,66004,['2021-10-11']
558,29.68521235,-84.88775273,S2A_MSIL2A_20240405T160901_R140_T16RGT_20240406T001814,2024-04-05,0.05,65916,['2021-10-11']
558,29.68521235,-84.88775273,S2A_MSIL2A_20240704T160901_R140_T16RGT_20240706T010223,2024-07-04,0.1,65856,['2021-10-11']
559,29.66212396,-84.88823542,S2B_MSIL2A_20240609T160829_R140_T16RGT_20240609T221907,2024-06-09,0.0,50768,['2021-10-11']
559,29.66212396,-84.88823542,S2B_MSIL2A_20220531T160829_R140_T16RFT_20220601T165905,2022-05-31,0.0,50728,['2021-10-11']
559,29.66212396,-84.88823542,S2B_MSIL2A_20230814T160829_R140_T16RGT_20241020T103406,2023-08-14,0.06,51092,['2021-10-11']
559,29.66212396,-84.88823542,S2B_MSIL2A_20250125T161449_R140_T16RGT_20250125T202300,2025-01-25,0.08,51604,['2021-10-11']
559,29.66212396,-84.88823542,S2B_MSIL2A_20190507T160839_R140_T16RGT_20201006T111958,2019-05-07,0.42,51068,['2021-10-11']
562,25.70475209,-81.38348526,S2B_MSIL2A_20180426T160509_R054_T17RMJ_20201013T030649,2018-04-26,0.0,55628,['2016-10-21']
562,25.70475209,-81.38348526,S2A_MSIL2A_20170208T160411_R097_T17RMJ_20210208T085639,2017-02-08,0.0,66564,['2016-10-21']
562,25.70475209,-81.38348526,S2B_MSIL2A_20240207T160429_R097_T17RMJ_20240207T220718,2024-02-07,0.0,66564,['2016-10-21']
562,25.70475209,-81.38348526,S2C_MSIL2A_20251123T160611_R097_T17RMJ_20251123T194016,2025-11-23,0.0,66564,['2016-10-21']
562,25.70475209,-81.38348526,S2B_MSIL2A_20220329T155819_R097_T17RMJ_20220330T041544,2022-03-29,0.0,66564,['2016-10-21']
564,25.68176035,-81.33238868,S2A_MSIL2A_20240222T160251_R097_T17RMJ_20240222T232202,2024-02-22,0.0,66292,['2016-10-21']
564,25.68176035,-81.33238868,S2B_MSIL2A_20220515T160509_R054_T17RMJ_20240627T105215,2022-05-15,0.0,66372,['2016-10-21']
564,25.68176035,-81.33238868,S2B_MSIL2A_20231119T160549_R097_T17RMJ_20231119T202651,2023-11-19,0.0,66336,['2016-10-21']
564,25.68176035,-81.33238868,S2B_MSIL2A_20210609T160509_R054_T17RMJ_20210610T215902,2021-06-09,0.03,66348,['2016-10-21']
564,25.68176035,-81.33238868,S2B_MSIL2A_20180215T160509_R054_T17RMJ_20201013T214300,2018-02-15,0.07,66360,['2016-10-21']
566,29.37242097,-83.2111659,S2B_MSIL2A_20230307T161129_R140_T17RKN_20240824T160336,2023-03-07,0.0,64492,['2021-10-13']
566,29.37242097,-83.2111659,S2A_MSIL2A_20240425T160901_R140_T17RKN_20240426T005123,2024-04-25,0.0,64216,['2021-10-13']
566,29.37242097,-83.2111659,S2A_MSIL2A_20231018T161251_R140_T17RKN_20231019T153729,2023-10-18,0.04,63972,['2021-10-13']
566,29.37242097,-83.2111659,S2B_MSIL2A_20210725T160829_R140_T17RKN_20210726T133110,2021-07-25,0.16,63988,['2021-10-13']
566,29.37242097,-83.2111659,S2A_MSIL2A_20170721T161351_R140_T17RKN_20210210T121602,2017-07-21,0.17,64268,['2021-10-13']
567,29.34976724,-83.18431387,S2B_MSIL2A_20240220T161219_R140_T17RKN_20240220T211913,2024-02-20,0.0,55028,['2021-10-13']
567,29.34976724,-83.18431387,S2B_MSIL2A_20190924T161009_R140_T17RKN_20201004T164635,2019-09-24,0.0,54992,['2021-10-13']
567,29.34976724,-83.18431387,S2C_MSIL2A_20251017T161301_R140_T17RKN_20251017T191818,2025-10-17,0.0,56580,['2021-10-13']
567,29.34976724,-83.18431387,S2B_MSIL2A_20260321T160859_R140_T17RKN_20260321T200307,2026-03-21,0.0,55548,['2021-10-13']
567,29.34976724,-83.18431387,S2A_MSIL2A_20210220T161301_R140_T17RKN_20210221T053843,2021-02-20,0.01,53916,['2021-10-13']
568,29.702833,-84.784333,S2C_MSIL2A_20251017T161301_R140_T16RGT_20251017T191818,2025-10-17,0.17,53936,['2021-10-13']
568,29.702833,-84.784333,S2B_MSIL2A_20231003T161019_R140_T16RGT_20231004T010501,2023-10-03,0.85,54156,['2021-10-13']
568,29.702833,-84.784333,S2A_MSIL2A_20240525T160901_R140_T16RGT_20240526T011529,2024-05-25,1.5,53076,['2021-10-13']
568,29.702833,-84.784333,S2B_MSIL2A_20171213T161649_R140_T16RGT_20201014T135559,2017-12-13,1.68,52820,['2021-10-13']
568,29.702833,-84.784333,S2A_MSIL2A_20161213T161652_R140_T16RGT_20210213T203835,2016-12-13,2.93,52700,['2021-10-13']
569,29.6801858,-84.81127847,S2A_MSIL2A_20230630T160901_R140_T16RGT_20240928T062144,2023-06-30,0.0,54136,['2021-10-13']
569,29.6801858,-84.81127847,S2C_MSIL2A_20250719T160921_R140_T16RGT_20250719T211215,2025-07-19,0.0,53692,['2021-10-13']
569,29.6801858,-84.81127847,S2A_MSIL2A_20230918T160921_R140_T16RGT_20230919T101743,2023-09-18,0.0,54148,['2021-10-13']
569,29.6801858,-84.81127847,S2B_MSIL2A_20220531T160829_R140_T16RGT_20240627T123125,2022-05-31,0.01,53312,['2021-10-13']
569,29.6801858,-84.81127847,S2A_MSIL2A_20240922T161001_R140_T16RGT_20240922T215405,2024-09-22,0.03,53996,['2021-10-13']
570,29.67974625,-84.78483967,S2C_MSIL2A_20251017T161301_R140_T16RGT_20251017T191818,2025-10-17,0.02,60160,['2021-10-13']
570,29.67974625,-84.78483967,S2B_MSIL2A_20220531T160829_R140_T16RGT_20240627T123125,2022-05-31,0.03,59016,['2021-10-13']
570,29.67974625,-84.78483967,S2B_MSIL2A_20240818T160829_R140_T16RGT_20240818T203501,2024-08-18,0.05,60092,['2021-10-13']
570,29.67974625,-84.78483967,S2B_MSIL2A_20230506T160829_R140_T16RGT_20230506T232942,2023-05-06,0.07,58844,['2021-10-13']
570,29.67974625,-84.78483967,S2B_MSIL2A_20201227T161659_R140_T16RGT_20201228T074053,2020-12-27,2.84,60032,['2021-10-13']
571,26.5443,-80.0429,S2A_MSIL2A_20190205T160511_R054_T17RNK_20201007T141138,2019-02-05,1.32,49876,['2018-09-28']
571,26.5443,-80.0429,S2A_MSIL2A_20180511T160511_R054_T17RNK_20201012T083200,2018-05-11,1.41,49124,['2018-09-28']
571,26.5443,-80.0429,S2B_MSIL2A_20210907T160509_R054_T17RNK_20210908T061645,2021-09-07,1.5,49516,['2018-09-28']
571,26.5443,-80.0429,S2B_MSIL2A_20190918T160509_R054_T17RNK_20201004T144431,2019-09-18,1.9,49956,['2018-09-28']
571,26.5443,-80.0429,S2A_MSIL2A_20160720T160512_R054_T17RNK_20210212T062608,2016-07-20,2.47,48952,['2018-09-28']
572,26.56741141,-80.04270804,S2B_MSIL2A_20230510T160519_R054_T17RNK_20230510T222911,2023-05-10,0.0,41648,['2018-09-28']
572,26.56741141,-80.04270804,S2B_MSIL2A_20231017T160509_R054_T17RNK_20241020T172838,2023-10-17,0.1,40584,['2018-09-28']
572,26.56741141,-80.04270804,S2A_MSIL2A_20221027T160511_R054_T17RNK_20240716T104551,2022-10-27,0.42,40516,['2018-09-28']
572,26.56741141,-80.04270804,S2C_MSIL2A_20250414T160531_R054_T17RNK_20250414T221211,2025-04-14,1.76,42024,['2018-09-28']
572,26.56741141,-80.04270804,S2B_MSIL2A_20171207T160459_R054_T17RNK_20201014T123919,2017-12-07,3.16,42164,['2018-09-28']
574,26.6163,-80.0362,S2B_MSIL2A_20230510T160519_R054_T17RNK_20230510T222911,2023-05-10,0.0,52852,['2018-09-28']
574,26.6163,-80.0362,S2B_MSIL2A_20221211T160509_R054_T17RNK_20221212T060716,2022-12-11,0.03,53420,['2018-09-28']
574,26.6163,-80.0362,S2A_MSIL2A_20221027T160511_R054_T17RNK_20240716T104551,2022-10-27,0.15,52200,['2018-09-28']
574,26.6163,-80.0362,S2B_MSIL2A_20230907T160519_R054_T17RNK_20240908T193200,2023-09-07,0.37,51236,['2018-09-28']
574,26.6163,-80.0362,S2B_MSIL2A_20200106T160509_R054_T17RNK_20201029T100904,2020-01-06,1.75,53056,['2018-09-28']
575,26.63941113,-80.03600609,S2B_MSIL2A_20230301T160509_R054_T17RNK_20240817T102704,2023-03-01,0.08,51200,['2018-09-28']
575,26.63941113,-80.03600609,S2B_MSIL2A_20190302T160509_R054_T17RNK_20201030T092546,2019-03-02,2.21,50716,['2018-09-28']
575,26.63941113,-80.03600609,S2B_MSIL2A_20210917T160509_R054_T17RNK_20210918T050003,2021-09-17,2.25,50188,['2018-09-28']
575,26.63941113,-80.03600609,S2A_MSIL2A_20190106T160511_R054_T17RNK_20201007T231548,2019-01-06,2.76,50416,['2018-09-28']
575,26.63941113,-80.03600609,S2A_MSIL2A_20201027T160521_R054_T17RNK_20201031T162525,2020-10-27,3.57,50228,['2018-09-28']
576,26.59318879,-80.03639367,S2B_MSIL2A_20250817T160509_R054_T17RNK_20250817T210044,2025-08-17,0.0,55220,['2018-09-28']
576,26.59318879,-80.03639367,S2A_MSIL2A_20240130T160511_R054_T17RNK_20240130T222101,2024-01-30,0.1,54912,['2018-09-28']
576,26.59318879,-80.03639367,S2B_MSIL2A_20231017T160509_R054_T17RNK_20241020T172838,2023-10-17,0.58,53176,['2018-09-28']
576,26.59318879,-80.03639367,S2A_MSIL2A_20190205T160511_R054_T17RNK_20201007T141138,2019-02-05,0.93,54660,['2018-09-28']
576,26.59318879,-80.03639367,S2A_MSIL2A_20240608T160521_R054_T17RNK_20240608T231424,2024-06-08,1.95,54476,['2018-09-28']
577,26.8305,-82.148383,S2A_MSIL2A_20230108T160641_R097_T17RLK_20240812T081749,2023-01-08,0.0,47216,['2021-05-18']
577,26.8305,-82.148383,S2C_MSIL2A_20250206T160501_R097_T17RLK_20250206T192610,2025-02-06,0.0,47328,['2021-05-18']
577,26.8305,-82.148383,S2B_MSIL2A_20200905T155829_R097_T17RLK_20201027T145935,2020-09-05,0.0,46440,['2021-05-18']
577,26.8305,-82.148383,S2B_MSIL2A_20190822T155829_R097_T17RLK_20201005T033929,2019-08-22,0.0,46800,['2021-05-18']
577,26.8305,-82.148383,S2B_MSIL2A_20221005T160119_R097_T17RLK_20221006T091333,2022-10-05,0.0,47268,['2021-05-18']
578,26.85360906,-82.1486162,S2B_MSIL2A_20221005T160119_R097_T17RLK_20221006T091333,2022-10-05,0.0,55288,['2021-05-18']
578,26.85360906,-82.1486162,S2A_MSIL2A_20251215T160711_R097_T17RLK_20251215T193112,2025-12-15,0.0,55364,['2021-05-18']
578,26.85360906,-82.1486162,S2A_MSIL2A_20170529T155911_R097_T17RLK_20210209T190257,2017-05-29,0.0,55164,['2021-05-18']
578,26.85360906,-82.1486162,S2B_MSIL2A_20181006T160129_R097_T17RLK_20201009T085222,2018-10-06,0.0,55192,['2021-05-18']
578,26.85360906,-82.1486162,S2C_MSIL2A_20251024T160341_R097_T17RLK_20251024T191119,2025-10-24,0.0,55352,['2021-05-18']
579,26.80739086,-82.14815008,S2B_MSIL2A_20210811T155819_R097_T17RLK_20210812T040634,2021-08-11,0.0,37556,['2021-05-18']
579,26.80739086,-82.14815008,S2B_MSIL2A_20171120T160539_R097_T17RLK_20201014T211532,2017-11-20,0.0,38444,['2021-05-18']
579,26.80739086,-82.14815008,S2B_MSIL2A_20201124T160609_R097_T17RLK_20201125T192103,2020-11-24,0.0,38280,['2021-05-18']
579,26.80739086,-82.14815008,S2B_MSIL2A_20200617T155829_R097_T17RLK_20200823T032741,2020-06-17,0.0,38032,['2021-05-18']
579,26.80739086,-82.14815008,S2A_MSIL2A_20180613T155901_R097_T17RLK_20201026T234702,2018-06-13,0.04,37984,['2021-05-18']
580,28.3728,-82.799,S2B_MSIL2A_20200508T155819_R097_T17RLM_20200921T020149,2020-05-08,0.0,66564,['2021-08-21']
580,28.3728,-82.799,S2A_MSIL2A_20200903T160911_R140_T17RLM_20201027T145921,2020-09-03,0.0,66564,['2021-08-21']
580,28.3728,-82.799,S2B_MSIL2A_20220329T155819_R097_T17RLM_20240603T114523,2022-03-29,0.0,66564,['2021-08-21']
580,28.3728,-82.799,S2B_MSIL2A_20230423T155819_R097_T17RLM_20240831T032118,2023-04-23,0.0,66564,['2021-08-21']
580,28.3728,-82.799,S2C_MSIL2A_20250311T161121_R140_T17RLM_20250311T194113,2025-03-11,0.0,66564,['2021-08-21']
581,28.39589715,-82.79939,S2B_MSIL2A_20180820T160819_R140_T17RLM_20201011T044021,2018-08-20,0.0,66564,['2021-08-21']
581,28.39589715,-82.79939,S2B_MSIL2A_20221008T161149_R140_T17RLM_20221009T061656,2022-10-08,0.0,66564,['2021-08-21']
581,28.39589715,-82.79939,S2B_MSIL2A_20171103T161419_R140_T17RLM_20201014T181427,2017-11-03,0.0,66564,['2021-08-21']
581,28.39589715,-82.79939,S2A_MSIL2A_20201209T160641_R097_T17RLM_20201210T203910,2020-12-09,0.0,66564,['2021-08-21']
581,28.39589715,-82.79939,S2B_MSIL2A_20210523T155819_R097_T17RLM_20210524T152053,2021-05-23,0.0,66564,['2021-08-21']
592,29.77975281,-84.74214907,S2A_MSIL2A_20230630T160901_R140_T16RGT_20240928T062144,2023-06-30,0.0,65580,['2021-11-07']
592,29.77975281,-84.74214907,S2B_MSIL2A_20251101T161329_R140_T16RGU_20251101T201556,2025-11-01,0.0,65644,['2021-11-07']
592,29.77975281,-84.74214907,S2B_MSIL2A_20220220T161209_R140_T16RGU_20220226T043630,2022-02-20,0.0,65300,['2021-11-07']
592,29.77975281,-84.74214907,S2B_MSIL2A_20220511T160829_R140_T16RGT_20220514T032044,2022-05-11,0.0,65204,['2021-11-07']
592,29.77975281,-84.74214907,S2A_MSIL2A_20240624T160901_R140_T16RGT_20240625T005823,2024-06-24,0.0,65456,['2021-11-07']
593,29.78020224,-84.76861333,S2B_MSIL2A_20251101T161329_R140_T16RGU_20251101T201556,2025-11-01,0.0,45360,['2021-11-07']
593,29.78020224,-84.76861333,S2B_MSIL2A_20190427T160839_R140_T16RGT_20201105T203924,2019-04-27,0.31,44712,['2021-11-07']
593,29.78020224,-84.76861333,S2A_MSIL2A_20181103T161431_R140_T16RGU_20201008T152333,2018-11-03,0.45,45020,['2021-11-07']
593,29.78020224,-84.76861333,S2B_MSIL2A_20220531T160829_R140_T16RGT_20240627T123125,2022-05-31,0.59,44240,['2021-11-07']
593,29.78020224,-84.76861333,S2B_MSIL2A_20200102T161649_R140_T16RGT_20201002T220914,2020-01-02,1.04,45088,['2021-11-07']
594,29.7335811,-84.74318432,S2B_MSIL2A_20240609T160829_R140_T16RGT_20240609T221907,2024-06-09,0.0,57264,['2021-11-07']
594,29.7335811,-84.74318432,S2A_MSIL2A_20220426T160831_R140_T16RGT_20220427T130232,2022-04-26,0.11,58032,['2021-11-07']
594,29.7335811,-84.74318432,S2A_MSIL2A_20180507T160901_R140_T16RGT_20201012T065456,2018-05-07,1.24,57836,['2021-11-07']
594,29.7335811,-84.74318432,S2A_MSIL2A_20160706T161352_R140_T16RGT_20210212T020444,2016-07-06,1.34,57052,['2021-11-07']
594,29.7335811,-84.74318432,S2A_MSIL2A_20190323T160931_R140_T16RGT_20201007T094301,2019-03-23,1.86,57728,['2021-11-07']
595,29.73312722,-84.71673278,S2B_MSIL2A_20250912T160819_R140_T16RGU_20250912T201512,2025-09-12,0.07,56944,['2021-11-07']
595,29.73312722,-84.71673278,S2B_MSIL2A_20190924T161009_R140_T16RGU_20201004T164634,2019-09-24,1.43,57640,['2021-11-07']
595,29.73312722,-84.71673278,S2A_MSIL2A_20170412T161341_R140_T16RGT_20210209T070543,2017-04-12,2.09,60148,['2021-11-07']
595,29.73312722,-84.71673278,S2B_MSIL2A_20240131T161509_R140_T16RGT_20240131T212159,2024-01-31,2.42,59584,['2021-11-07']
595,29.73312722,-84.71673278,S2B_MSIL2A_20251211T161559_R140_T16RGT_20251211T182204,2025-12-11,2.7,59628,['2021-11-07']
596,29.7562127,-84.7162094,S2A_MSIL2A_20221202T161631_R140_T16RGT_20221204T003625,2022-12-02,0.2,60948,['2021-11-07']
596,29.7562127,-84.7162094,S2B_MSIL2A_20221008T161149_R140_T16RGT_20221009T053129,2022-10-08,0.22,60908,['2021-11-07']
596,29.7562127,-84.7162094,S2A_MSIL2A_20231207T161641_R140_T16RGU_20241021T141714,2023-12-07,0.25,60392,['2021-11-07']
596,29.7562127,-84.7162094,S2A_MSIL2A_20240704T160901_R140_T16RGT_20240706T010223,2024-07-04,0.88,60864,['2021-11-07']
596,29.7562127,-84.7162094,S2A_MSIL2A_20180914T160901_R140_T16RGT_20201009T010731,2018-09-14,1.48,60412,['2021-11-07']
598,30.06224397,-84.2938722,S2A_MSIL2A_20240922T161001_R140_T16RGU_20240922T215405,2024-09-22,0.0,34684,['2021-11-17']
598,30.06224397,-84.2938722,S2B_MSIL2A_20241116T161449_R140_T16RGU_20241116T203058,2024-11-16,0.04,35792,['2021-11-17']
598,30.06224397,-84.2938722,S2A_MSIL2A_20231207T161641_R140_T16RGU_20241021T141714,2023-12-07,0.09,33776,['2021-11-17']
598,30.06224397,-84.2938722,S2A_MSIL2A_20161103T161432_R140_T16RGU_20210413T190200,2016-11-03,0.6,34880,['2021-11-17']
598,30.06224397,-84.2938722,S2B_MSIL2A_20210824T160829_R140_T16RGU_20210825T043847,2021-08-24,1.26,34704,['2021-11-17']
603,30.25037745,-85.97721754,S2A_MSIL2A_20230911T161841_R040_T16REU_20240915T101838,2023-09-11,0.13,59904,['2021-10-31']
603,30.25037745,-85.97721754,S2B_MSIL2A_20250905T161829_R040_T16REU_20250905T202408,2025-09-05,0.42,61728,['2021-10-31']
603,30.25037745,-85.97721754,S2A_MSIL2A_20230213T162401_R040_T16REU_20240816T014207,2023-02-13,1.12,61376,['2021-10-31']
603,30.25037745,-85.97721754,S2A_MSIL2A_20181206T162641_R040_T16REU_20201008T075047,2018-12-06,1.29,61336,['2021-10-31']
603,30.25037745,-85.97721754,S2A_MSIL2A_20210203T162501_R040_T16REU_20210204T045305,2021-02-03,1.91,61440,['2021-10-31']
605,26.94359147,-82.18382428,S2B_MSIL2A_20211109T160459_R097_T17RLK_20211110T021037,2021-11-09,0.0,47228,['2019-12-15']
605,26.94359147,-82.18382428,S2A_MSIL2A_20190926T160021_R097_T17RLK_20201004T171725,2019-09-26,0.0,47120,['2019-12-15']
605,26.94359147,-82.18382428,S2A_MSIL2A_20240412T155901_R097_T17RLK_20240413T001336,2024-04-12,0.0,47164,['2019-12-15']
605,26.94359147,-82.18382428,S2A_MSIL2A_20180124T160541_R097_T17RLK_20201014T082059,2018-01-24,0.0,47476,['2019-12-15']
605,26.94359147,-82.18382428,S2A_MSIL2A_20230108T160641_R097_T17RLK_20240812T081749,2023-01-08,0.0,47704,['2019-12-15']
606,26.89758804,-82.15756824,S2B_MSIL2A_20201124T160609_R097_T17RLK_20201125T192103,2020-11-24,0.0,65700,"['2019-12-15', '2021-04-13']"
606,26.89758804,-82.15756824,S2B_MSIL2A_20231219T160659_R097_T17RLK_20231222T001352,2023-12-19,0.0,65744,"['2019-12-15', '2021-04-13']"
606,26.89758804,-82.15756824,S2A_MSIL2A_20230418T155821_R097_T17RLK_20240906T005219,2023-04-18,0.0,65712,"['2019-12-15', '2021-04-13']"
606,26.89758804,-82.15756824,S2A_MSIL2A_20230915T155901_R097_T17RLK_20241103T091138,2023-09-15,0.0,65712,"['2019-12-15', '2021-04-13']"
606,26.89758804,-82.15756824,S2A_MSIL2A_20200811T155911_R097_T17RLK_20200814T174209,2020-08-11,0.0,65676,"['2019-12-15', '2021-04-13']"
608,29.8825,-84.5628,S2A_MSIL2A_20180626T160901_R140_T16RGU_20201012T023647,2018-06-26,0.01,61208,['2021-10-23']
608,29.8825,-84.5628,S2B_MSIL2A_20180919T160929_R140_T16RGU_20201009T025700,2018-09-19,0.01,61460,['2021-10-23']
608,29.8825,-84.5628,S2B_MSIL2A_20221107T161449_R140_T16RGU_20221108T081302,2022-11-07,0.01,61424,['2021-10-23']
608,29.8825,-84.5628,S2A_MSIL2A_20180328T161031_R140_T16RGU_20201013T153251,2018-03-28,0.01,61340,['2021-10-23']
608,29.8825,-84.5628,S2B_MSIL2A_20191004T161119_R140_T16RGU_20201003T223921,2019-10-04,0.27,61240,['2021-10-23']
609,29.8599039,-84.58984324,S2B_MSIL2A_20200620T160829_R140_T16RGU_20200823T115445,2020-06-20,0.06,65756,['2021-10-23']
609,29.8599039,-84.58984324,S2B_MSIL2A_20180919T160929_R140_T16RGU_20201009T025700,2018-09-19,0.08,66176,['2021-10-23']
609,29.8599039,-84.58984324,S2A_MSIL2A_20191009T161151_R140_T16RGU_20201004T002009,2019-10-09,0.1,66312,['2021-10-23']
609,29.8599039,-84.58984324,S2A_MSIL2A_20220327T160901_R140_T16RGU_20220328T055219,2022-03-27,0.12,66120,['2021-10-23']
609,29.8599039,-84.58984324,S2B_MSIL2A_20190527T160839_R140_T16RGU_20201006T191002,2019-05-27,0.13,66164,['2021-10-23']
610,29.9050898,-84.53574458,S2B_MSIL2A_20220531T160829_R140_T16RGU_20240627T123125,2022-05-31,0.0,43112,['2021-10-23']
610,29.9050898,-84.53574458,S2C_MSIL2A_20250311T161121_R140_T16RGU_20250311T194113,2025-03-11,0.03,44012,['2021-10-23']
610,29.9050898,-84.53574458,S2B_MSIL2A_20180512T160859_R140_T16RGU_20201012T090839,2018-05-12,0.05,44228,['2021-10-23']
610,29.9050898,-84.53574458,S2B_MSIL2A_20210725T160829_R140_T16RGU_20210726T135335,2021-07-25,0.07,43576,['2021-10-23']
610,29.9050898,-84.53574458,S2B_MSIL2A_20190716T160839_R140_T16RGU_20201005T150816,2019-07-16,0.11,43108,['2021-10-23']
615,25.75641609,-81.57511128,S2B_MSIL2A_20260206T160339_R097_T17RMJ_20260206T213114,2026-02-06,0.0,66564,['2019-11-25']
615,25.75641609,-81.57511128,S2A_MSIL2A_20190228T160211_R097_T17RMJ_20201007T213219,2019-02-28,0.0,66564,['2019-11-25']
615,25.75641609,-81.57511128,S2A_MSIL2A_20240222T160251_R097_T17RMJ_20240222T232202,2024-02-22,0.0,66564,['2019-11-25']
615,25.75641609,-81.57511128,S2B_MSIL2A_20230722T155829_R097_T17RMJ_20230722T235735,2023-07-22,0.0,66564,['2019-11-25']
615,25.75641609,-81.57511128,S2B_MSIL2A_20231119T160549_R097_T17RMJ_20231119T202651,2023-11-19,0.0,66564,['2019-11-25']
616,25.75631302,-81.60063763,S2B_MSIL2A_20210314T155929_R097_T17RMJ_20210315T195055,2021-03-14,0.0,66564,['2019-11-25']
616,25.75631302,-81.60063763,S2C_MSIL2A_20260412T155821_R097_T17RMJ_20260412T210156,2026-04-12,0.0,66564,['2019-11-25']
616,25.75631302,-81.60063763,S2A_MSIL2A_20160414T155922_R097_T17RMJ_20210211T035559,2016-04-14,0.0,66564,['2019-11-25']
616,25.75631302,-81.60063763,S2B_MSIL2A_20240407T155819_R097_T17RMJ_20240407T215455,2024-04-07,0.0,66564,['2019-11-25']
616,25.75631302,-81.60063763,S2A_MSIL2A_20180124T160541_R097_T17RMJ_20201014T082103,2018-01-24,0.0,66564,['2019-11-25']
617,25.71028223,-81.54937224,S2B_MSIL2A_20211010T160109_R097_T17RMJ_20211011T030137,2021-10-10,0.0,66564,['2019-11-25']
617,25.71028223,-81.54937224,S2A_MSIL2A_20230905T155821_R097_T17RMJ_20230906T021251,2023-09-05,0.0,66564,['2019-11-25']
617,25.71028223,-81.54937224,S2A_MSIL2A_20170310T160041_R097_T17RMJ_20210208T212033,2017-03-10,0.0,66564,['2019-11-25']
617,25.71028223,-81.54937224,S2A_MSIL2A_20250926T160701_R097_T17RMJ_20250927T002916,2025-09-26,0.0,66564,['2019-11-25']
617,25.71028223,-81.54937224,S2A_MSIL2A_20220304T160151_R097_T17RMJ_20220305T082339,2022-03-04,0.0,66564,['2019-11-25']
619,29.17892318,-83.10970527,S2B_MSIL2A_20191014T161229_R140_T17RKN_20201004T022241,2019-10-14,0.0,66564,"['2016-11-03', '2021-10-13']"
619,29.17892318,-83.10970527,S2B_MSIL2A_20180303T161339_R140_T17RKN_20201013T061115,2018-03-03,0.0,66564,"['2016-11-03', '2021-10-13']"
619,29.17892318,-83.10970527,S2C_MSIL2A_20250311T161121_R140_T17RKN_20250311T194113,2025-03-11,0.0,66564,"['2016-11-03', '2021-10-13']"
619,29.17892318,-83.10970527,S2A_MSIL2A_20181223T161701_R140_T17RKN_20201008T122214,2018-12-23,0.0,66564,"['2016-11-03', '2021-10-13']"
619,29.17892318,-83.10970527,S2B_MSIL2A_20240131T161509_R140_T17RKN_20240131T212350,2024-01-31,0.0,66564,"['2016-11-03', '2021-10-13']"
620,29.13274273,-83.10876128,S2B_MSIL2A_20201227T161659_R140_T17RKN_20201228T073859,2020-12-27,0.0,66564,['2021-10-13']
620,29.13274273,-83.10876128,S2A_MSIL2A_20200923T161011_R140_T17RKN_20200926T094529,2020-09-23,0.0,66564,['2021-10-13']
620,29.13274273,-83.10876128,S2C_MSIL2A_20251017T161301_R140_T17RKN_20251017T191818,2025-10-17,0.0,66564,['2021-10-13']
620,29.13274273,-83.10876128,S2A_MSIL2A_20210819T160901_R140_T17RKN_20210820T042752,2021-08-19,0.0,66564,['2021-10-13']
620,29.13274273,-83.10876128,S2A_MSIL2A_20170112T161621_R140_T17RKN_20210530T064540,2017-01-12,0.0,66564,['2021-10-13']
621,29.13315407,-83.08246182,S2A_MSIL2A_20230421T160821_R140_T17RKN_20230422T063146,2023-04-21,0.0,62812,['2021-10-13']
621,29.13315407,-83.08246182,S2A_MSIL2A_20230819T160831_R140_T17RKN_20230820T011120,2023-08-19,0.01,62648,['2021-10-13']
621,29.13315407,-83.08246182,S2A_MSIL2A_20230111T161631_R140_T17RKN_20240807T005246,2023-01-11,0.04,62524,['2021-10-13']
621,29.13315407,-83.08246182,S2A_MSIL2A_20200406T160901_R140_T17RKN_20200925T055152,2020-04-06,0.29,62660,['2021-10-13']
621,29.13315407,-83.08246182,S2A_MSIL2A_20191128T161621_R140_T17RKN_20201003T202640,2019-11-28,0.43,62544,['2021-10-13']
622,29.15624473,-83.08292767,S2A_MSIL2A_20180328T161031_R140_T17RKN_20201013T153250,2018-03-28,0.0,66552,['2021-10-13']
622,29.15624473,-83.08292767,S2B_MSIL2A_20240321T160849_R140_T17RKN_20240321T234318,2024-03-21,0.0,66544,['2021-10-13']
622,29.15624473,-83.08292767,S2B_MSIL2A_20190117T161619_R140_T17RKN_20201008T022609,2019-01-17,0.0,66540,['2021-10-13']
622,29.15624473,-83.08292767,S2B_MSIL2A_20171213T161649_R140_T17RKN_20201014T135606,2017-12-13,0.01,66536,['2021-10-13']
622,29.15624473,-83.08292767,S2B_MSIL2A_20201227T161659_R140_T17RKN_20201228T073859,2020-12-27,0.05,66512,['2021-10-13']
623,29.1793353,-83.08339405,S2A_MSIL2A_20170830T160901_R140_T17RKN_20210201T145248,2017-08-30,0.1,66260,"['2016-11-03', '2021-10-13']"
623,29.1793353,-83.08339405,S2A_MSIL2A_20190221T161251_R140_T17RKN_20201007T190653,2019-02-21,0.12,66228,"['2016-11-03', '2021-10-13']"
623,29.1793353,-83.08339405,S2B_MSIL2A_20201227T161659_R140_T17RKN_20201228T073859,2020-12-27,0.15,66248,"['2016-11-03', '2021-10-13']"
623,29.1793353,-83.08339405,S2A_MSIL2A_20181223T161701_R140_T17RKN_20201008T122214,2018-12-23,0.15,66184,"['2016-11-03', '2021-10-13']"
623,29.1793353,-83.08339405,S2A_MSIL2A_20230720T160831_R140_T17RKN_20230721T021602,2023-07-20,0.76,65796,"['2016-11-03', '2021-10-13']"
628,26.12711376,-81.80827598,S2B_MSIL2A_20260328T155859_R097_T17RMJ_20260328T200110,2026-03-28,0.18,41528,"['2018-11-20', '2019-11-30', '2020-12-19']"
628,26.12711376,-81.80827598,S2B_MSIL2A_20260206T160339_R097_T17RMJ_20260206T213114,2026-02-06,0.24,41744,"['2018-11-20', '2019-11-30', '2020-12-19']"
628,26.12711376,-81.80827598,S2A_MSIL2A_20221219T160701_R097_T17RMJ_20221220T130546,2022-12-19,0.36,41912,"['2018-11-20', '2019-11-30', '2020-12-19']"
628,26.12711376,-81.80827598,S2B_MSIL2A_20210920T155839_R097_T17RMJ_20210921T084250,2021-09-20,2.73,40436,"['2018-11-20', '2019-11-30', '2020-12-19']"
628,26.12711376,-81.80827598,S2B_MSIL2A_20220118T160559_R097_T17RMJ_20220119T155146,2022-01-18,2.94,40804,"['2018-11-20', '2019-11-30', '2020-12-19']"
634,26.47697634,-82.07297092,S2A_MSIL2A_20190926T160021_R097_T17RLK_20201004T171725,2019-09-26,0.05,65448,['2016-02-14']
634,26.47697634,-82.07297092,S2B_MSIL2A_20191130T160619_R097_T17RLK_20201003T211031,2019-11-30,0.06,65480,['2016-02-14']
634,26.47697634,-82.07297092,S2B_MSIL2A_20200408T155819_R097_T17RLK_20200925T140327,2020-04-08,0.07,65524,['2016-02-14']
634,26.47697634,-82.07297092,S2B_MSIL2A_20210314T155929_R097_T17RLK_20210315T193904,2021-03-14,0.1,65508,['2016-02-14']
634,26.47697634,-82.07297092,S2C_MSIL2A_20260412T155821_R097_T17RLK_20260412T210156,2026-04-12,0.24,65572,['2016-02-14']
635,26.47716701,-82.04729057,S2B_MSIL2A_20260308T160019_R097_T17RLK_20260308T200014,2026-03-08,0.0,65084,['2016-02-14']
635,26.47716701,-82.04729057,S2B_MSIL2A_20231020T160209_R097_T17RLK_20231020T230636,2023-10-20,0.0,64728,['2016-02-14']
635,26.47716701,-82.04729057,S2B_MSIL2A_20251228T160559_R097_T17RLK_20251228T210144,2025-12-28,0.01,65080,['2016-02-14']
635,26.47716701,-82.04729057,S2A_MSIL2A_20211224T160701_R097_T17RLK_20211225T052618,2021-12-24,0.04,65000,['2016-02-14']
635,26.47716701,-82.04729057,S2A_MSIL2A_20170310T160041_R097_T17RLK_20210208T212028,2017-03-10,0.05,65024,['2016-02-14']
643,29.40592064,-83.22450259,S2C_MSIL2A_20260204T161451_R140_T17RKN_20260204T195211,2026-02-04,0.0,64576,['2016-03-28']
643,29.40592064,-83.22450259,S2B_MSIL2A_20230516T160829_R140_T17RKN_20230516T224940,2023-05-16,0.0,64444,['2016-03-28']
643,29.40592064,-83.22450259,S2A_MSIL2A_20240922T161001_R140_T17RKN_20240922T215405,2024-09-22,0.0,64272,['2016-03-28']
643,29.40592064,-83.22450259,S2A_MSIL2A_20240225T161241_R140_T17RKN_20240225T231918,2024-02-25,0.0,64492,['2016-03-28']
643,29.40592064,-83.22450259,S2B_MSIL2A_20210725T160829_R140_T17RKN_20210726T133110,2021-07-25,0.0,64236,['2016-03-28']
644,29.36018218,-83.19714241,S2A_MSIL2A_20230111T161631_R140_T17RKN_20240807T005246,2023-01-11,0.0,59800,['2016-03-28']
644,29.36018218,-83.19714241,S2B_MSIL2A_20171014T161329_R140_T17RKN_20201019T212814,2017-10-14,0.02,59496,['2016-03-28']
644,29.36018218,-83.19714241,S2B_MSIL2A_20211013T161129_R140_T17RKN_20211014T093023,2021-10-13,0.04,59496,['2016-03-28']
644,29.36018218,-83.19714241,S2A_MSIL2A_20210421T160901_R140_T17RKN_20210423T051449,2021-04-21,0.04,59124,['2016-03-28']
644,29.36018218,-83.19714241,S2B_MSIL2A_20171213T161649_R140_T17RKN_20201014T135606,2017-12-13,0.1,60124,['2016-03-28']
646,28.33221262,-80.64031632,S2C_MSIL2A_20250417T155921_R097_T17RNM_20250417T210913,2025-04-17,0.0,59820,['2016-04-01']
646,28.33221262,-80.64031632,S2B_MSIL2A_20260328T155859_R097_T17RNM_20260328T200110,2026-03-28,0.0,59848,['2016-04-01']
646,28.33221262,-80.64031632,S2B_MSIL2A_20210907T160509_R054_T17RNM_20210908T062539,2021-09-07,0.21,60196,['2016-04-01']
646,28.33221262,-80.64031632,S2B_MSIL2A_20211129T160619_R097_T17RNM_20211130T111509,2021-11-29,0.23,59956,['2016-04-01']
646,28.33221262,-80.64031632,S2B_MSIL2A_20190822T155829_R097_T17RNM_20201005T033928,2019-08-22,0.48,59980,['2016-04-01']
648,28.28592465,-80.61436631,S2B_MSIL2A_20230311T160519_R054_T17RNM_20240803T173244,2023-03-11,0.0,52348,['2016-04-01']
648,28.28592465,-80.61436631,S2B_MSIL2A_20231129T160619_R097_T17RNM_20241017T115950,2023-11-29,0.1,53144,['2016-04-01']
648,28.28592465,-80.61436631,S2B_MSIL2A_20230130T160509_R054_T17RNM_20240811T194511,2023-01-30,0.1,54028,['2016-04-01']
648,28.28592465,-80.61436631,S2C_MSIL2A_20250226T160251_R097_T17RNM_20250226T192212,2025-02-26,0.13,54008,['2016-04-01']
648,28.28592465,-80.61436631,S2B_MSIL2A_20221111T160509_R054_T17RNM_20221112T084753,2022-11-11,1.01,53432,['2016-04-01']
650,28.69809744,-82.69204138,S2A_MSIL2A_20190529T155911_R097_T17RLM_20201006T194438,2019-05-29,0.0,64956,"['2016-04-14', '2016-09-11']"
650,28.69809744,-82.69204138,S2A_MSIL2A_20201209T160641_R097_T17RLM_20201210T203910,2020-12-09,0.0,65172,"['2016-04-14', '2016-09-11']"
650,28.69809744,-82.69204138,S2A_MSIL2A_20170112T161621_R140_T17RLM_20210530T064326,2017-01-12,0.0,63984,"['2016-04-14', '2016-09-11']"
650,28.69809744,-82.69204138,S2B_MSIL2A_20230423T155819_R097_T17RLM_20240831T032118,2023-04-23,0.0,65236,"['2016-04-14', '2016-09-11']"
650,28.69809744,-82.69204138,S2A_MSIL2A_20190211T161411_R140_T17RLM_20201007T155104,2019-02-11,0.0,65184,"['2016-04-14', '2016-09-11']"
651,28.65190248,-82.69129906,S2C_MSIL2A_20251226T161711_R140_T17RLM_20251226T200311,2025-12-26,0.0,66544,"['2016-04-14', '2016-05-14']"
651,28.65190248,-82.69129906,S2B_MSIL2A_20221028T161359_R140_T17RLM_20221029T042750,2022-10-28,0.0,66468,"['2016-04-14', '2016-05-14']"
651,28.65190248,-82.69129906,S2B_MSIL2A_20170703T155909_R097_T17RLM_20210210T042136,2017-07-03,0.0,66444,"['2016-04-14', '2016-05-14']"
651,28.65190248,-82.69129906,S2A_MSIL2A_20170112T161621_R140_T17RLM_20210530T064326,2017-01-12,0.0,66400,"['2016-04-14', '2016-05-14']"
651,28.65190248,-82.69129906,S2A_MSIL2A_20200327T160901_R140_T17RLM_20201027T113434,2020-03-27,0.0,66472,"['2016-04-14', '2016-05-14']"
654,28.52641,-80.7391,S2C_MSIL2A_20250924T160021_R097_T17RNM_20250924T212114,2025-09-24,0.0,57604,['2016-04-14']
654,28.52641,-80.7391,S2B_MSIL2A_20201124T160609_R097_T17RNM_20201125T193224,2020-11-24,0.0,57992,['2016-04-14']
654,28.52641,-80.7391,S2B_MSIL2A_20251118T160449_R097_T17RNM_20251118T200543,2025-11-18,0.01,57992,['2016-04-14']
654,28.52641,-80.7391,S2B_MSIL2A_20241203T160539_R097_T17RNM_20241203T200858,2024-12-03,0.01,58016,['2016-04-14']
654,28.52641,-80.7391,S2A_MSIL2A_20230806T155911_R097_T17RNM_20230807T021736,2023-08-06,0.76,56788,['2016-04-14']
655,28.54951782,-80.73904307,S2A_MSIL2A_20221209T160651_R097_T17RNM_20221210T133139,2022-12-09,0.0,65644,['2016-04-14']
655,28.54951782,-80.73904307,S2B_MSIL2A_20251228T160559_R097_T17RNM_20251228T210144,2025-12-28,0.0,65588,['2016-04-14']
655,28.54951782,-80.73904307,S2A_MSIL2A_20190827T155901_R097_T17RNM_20201005T052928,2019-08-27,0.0,65596,['2016-04-14']
655,28.54951782,-80.73904307,S2B_MSIL2A_20171130T160619_R097_T17RNM_20201014T231233,2017-11-30,0.91,65128,['2016-04-14']
655,28.54951782,-80.73904307,S2A_MSIL2A_20160911T155902_R097_T17RNM_20210212T235317,2016-09-11,2.06,64180,['2016-04-14']
666,27.99504463,-82.62340201,S2A_MSIL2A_20220722T155911_R097_T17RLL_20240711T012639,2022-07-22,0.0,44688,['2016-05-14']
666,27.99504463,-82.62340201,S2A_MSIL2A_20231104T160431_R097_T17RLL_20231104T224159,2023-11-04,0.0,45056,['2016-05-14']
666,27.99504463,-82.62340201,S2B_MSIL2A_20260206T160339_R097_T17RLM_20260206T213114,2026-02-06,0.01,44468,['2016-05-14']
666,27.99504463,-82.62340201,S2A_MSIL2A_20181021T160311_R097_T17RLM_20201009T134840,2018-10-21,0.12,45344,['2016-05-14']
666,27.99504463,-82.62340201,S2B_MSIL2A_20190325T155909_R097_T17RLL_20201007T104123,2019-03-25,0.22,45948,['2016-05-14']
668,27.97224856,-82.59703626,S2A_MSIL2A_20220722T155911_R097_T17RLL_20240711T012639,2022-07-22,0.05,56400,['2016-05-14']
668,27.97224856,-82.59703626,S2A_MSIL2A_20161110T160502_R097_T17RLM_20210414T034154,2016-11-10,0.09,56424,['2016-05-14']
668,27.97224856,-82.59703626,S2B_MSIL2A_20250601T155819_R097_T17RLL_20250601T195949,2025-06-01,0.26,56424,['2016-05-14']
668,27.97224856,-82.59703626,S2B_MSIL2A_20190623T155829_R097_T17RLL_20201006T053526,2019-06-23,0.27,56112,['2016-05-14']
668,27.97224856,-82.59703626,S2A_MSIL2A_20180404T155901_R097_T17RLL_20201012T181114,2018-04-04,0.27,56392,['2016-05-14']
678,29.59931313,-84.99021797,S2B_MSIL2A_20241010T162119_R040_T16RFT_20241010T223103,2024-10-10,0.0,55372,['2016-05-07']
678,29.59931313,-84.99021797,S2C_MSIL2A_20250410T160921_R140_T16RFT_20250410T211116,2025-04-10,0.04,56068,['2016-05-07']
678,29.59931313,-84.99021797,S2B_MSIL2A_20220220T161209_R140_T16RFT_20220226T045345,2022-02-20,0.07,55944,['2016-05-07']
678,29.59931313,-84.99021797,S2A_MSIL2A_20220705T160841_R140_T16RFT_20220707T085753,2022-07-05,0.08,55932,['2016-05-07']
678,29.59931313,-84.99021797,S2A_MSIL2A_20240329T161851_R040_T16RFT_20240330T100058,2024-03-29,1.74,54456,['2016-05-07']
680,29.98178135,-84.34955717,S2B_MSIL2A_20250714T160829_R140_T16RGU_20250714T201231,2025-07-14,0.0,41944,"['2016-05-27', '2016-10-14']"
680,29.98178135,-84.34955717,S2B_MSIL2A_20240609T160829_R140_T16RGU_20240609T221908,2024-06-09,0.0,41512,"['2016-05-27', '2016-10-14']"
680,29.98178135,-84.34955717,S2A_MSIL2A_20240922T161001_R140_T16RGU_20240922T215405,2024-09-22,0.05,41164,"['2016-05-27', '2016-10-14']"
680,29.98178135,-84.34955717,S2A_MSIL2A_20240415T160831_R140_T16RGU_20240416T010859,2024-04-15,0.1,41268,"['2016-05-27', '2016-10-14']"
680,29.98178135,-84.34955717,S2B_MSIL2A_20220819T160829_R140_T16RGU_20220820T060943,2022-08-19,0.11,41748,"['2016-05-27', '2016-10-14']"
681,29.95870305,-84.35017007,S2A_MSIL2A_20250919T161701_R140_T16RGU_20250920T002414,2025-09-19,0.01,58884,"['2016-05-27', '2016-10-14']"
681,29.95870305,-84.35017007,S2B_MSIL2A_20240321T160849_R140_T16RGU_20240321T232410,2024-03-21,0.02,58272,"['2016-05-27', '2016-10-14']"
681,29.95870305,-84.35017007,S2B_MSIL2A_20241027T161259_R140_T16RGU_20241027T201818,2024-10-27,0.05,58676,"['2016-05-27', '2016-10-14']"
681,29.95870305,-84.35017007,S2B_MSIL2A_20251211T161559_R140_T16RGU_20251211T182204,2025-12-11,0.13,58392,"['2016-05-27', '2016-10-14']"
681,29.95870305,-84.35017007,S2B_MSIL2A_20171014T161329_R140_T16RGU_20201015T000920,2017-10-14,0.67,58216,"['2016-05-27', '2016-10-14']"
686,30.37737046,-87.15899059,S2B_MSIL2A_20250816T161829_R040_T16RDU_20250816T201128,2025-08-16,0.02,60864,['2016-06-09']
686,30.37737046,-87.15899059,S2C_MSIL2A_20250413T161851_R040_T16RDU_20250413T212014,2025-04-13,0.02,60844,['2016-06-09']
686,30.37737046,-87.15899059,S2B_MSIL2A_20240712T161829_R040_T16RDU_20240712T215226,2024-07-12,0.06,60680,['2016-06-09']
686,30.37737046,-87.15899059,S2B_MSIL2A_20171030T163409_R083_T16RDU_20201015T031743,2017-10-30,0.14,61136,['2016-06-09']
686,30.37737046,-87.15899059,S2B_MSIL2A_20180224T162329_R040_T16RDU_20201014T010524,2018-02-24,0.16,61068,['2016-06-09']
695,29.00526235,-82.77706201,S2A_MSIL2A_20200801T155911_R097_T17RLN_20201027T083656,2020-08-01,0.0,66460,['2016-07-13']
695,29.00526235,-82.77706201,S2C_MSIL2A_20250417T155921_R097_T17RLN_20250417T210913,2025-04-17,0.0,66480,['2016-07-13']
695,29.00526235,-82.77706201,S2C_MSIL2A_20251103T160441_R097_T17RLN_20251103T200011,2025-11-03,0.0,66476,['2016-07-13']
695,29.00526235,-82.77706201,S2B_MSIL2A_20230314T155939_R097_T17RLN_20240821T065714,2023-03-14,0.0,66428,['2016-07-13']
695,29.00526235,-82.77706201,S2B_MSIL2A_20240121T161559_R140_T17RLN_20240121T221128,2024-01-21,0.02,65972,['2016-07-13']
696,29.00491234,-82.8033338,S2B_MSIL2A_20250326T160829_R140_T17RLN_20250326T212412,2025-03-26,0.0,66564,['2016-07-13']
696,29.00491234,-82.8033338,S2B_MSIL2A_20220508T155819_R097_T17RLN_20240611T235210,2022-05-08,0.0,66564,['2016-07-13']
696,29.00491234,-82.8033338,S2A_MSIL2A_20191205T160641_R097_T17RLN_20201003T005920,2019-12-05,0.0,66564,['2016-07-13']
696,29.00491234,-82.8033338,S2A_MSIL2A_20161001T160052_R097_T17RLN_20210213T062952,2016-10-01,0.0,66564,['2016-07-13']
696,29.00491234,-82.8033338,S2B_MSIL2A_20170703T155909_R097_T17RLN_20210210T042128,2017-07-03,0.0,66564,['2016-07-13']
698,26.29337158,-80.07283392,S2C_MSIL2A_20250802T160531_R054_T17RNK_20250802T202613,2025-08-02,1.01,45632,['2016-07-20']
698,26.29337158,-80.07283392,S2A_MSIL2A_20180322T160511_R054_T17RNK_20201013T123517,2018-03-22,2.83,45412,['2016-07-20']
698,26.29337158,-80.07283392,S2B_MSIL2A_20200902T160519_R054_T17RNK_20201101T160222,2020-09-02,3.25,45276,['2016-07-20']
698,26.29337158,-80.07283392,S2B_MSIL2A_20201201T160509_R054_T17RNK_20201203T035324,2020-12-01,3.36,46448,['2016-07-20']
698,26.29337158,-80.07283392,S2A_MSIL2A_20161127T160512_R054_T17RNK_20210415T024642,2016-11-27,3.46,45268,['2016-07-20']
701,29.9504219,-84.33744864,S2B_MSIL2A_20240321T160849_R140_T16RGU_20240321T232410,2024-03-21,0.02,52204,['2016-07-26']
701,29.9504219,-84.33744864,S2B_MSIL2A_20231003T161019_R140_T16RGU_20231004T011111,2023-10-03,0.06,52132,['2016-07-26']
701,29.9504219,-84.33744864,S2B_MSIL2A_20241027T161259_R140_T16RGU_20241027T201818,2024-10-27,0.07,52748,['2016-07-26']
701,29.9504219,-84.33744864,S2B_MSIL2A_20180601T160859_R140_T16RGU_20201026T114527,2018-06-01,0.59,51764,['2016-07-26']
701,29.9504219,-84.33744864,S2A_MSIL2A_20180308T161111_R140_T16RGU_20201013T080006,2018-03-08,1.54,51992,['2016-07-26']
702,29.94988343,-84.31094803,S2A_MSIL2A_20191128T161621_R140_T16RGU_20201003T202640,2019-11-28,0.0,66564,['2016-07-26']
702,29.94988343,-84.31094803,S2B_MSIL2A_20260410T160819_R140_T16RGU_20260410T200402,2026-04-10,0.0,66564,['2016-07-26']
702,29.94988343,-84.31094803,S2A_MSIL2A_20220327T160901_R140_T16RGU_20220328T055219,2022-03-27,0.0,66564,['2016-07-26']
702,29.94988343,-84.31094803,S2A_MSIL2A_20220106T161651_R140_T16RGU_20220107T093817,2022-01-06,0.0,66564,['2016-07-26']
702,29.94988343,-84.31094803,S2B_MSIL2A_20230506T160829_R140_T16RGU_20230506T223203,2023-05-06,0.0,66564,['2016-07-26']
709,29.68093543,-85.35919536,S2A_MSIL2A_20170502T161351_R140_T16RFT_20210209T123241,2017-05-02,1.49,38544,['2016-08-28']
709,29.68093543,-85.35919536,S2A_MSIL2A_20260328T161711_R140_T16RFT_20260329T024956,2026-03-28,1.67,39072,['2016-08-28']
709,29.68093543,-85.35919536,S2A_MSIL2A_20220804T160911_R140_T16RFT_20220805T063026,2022-08-04,1.76,38624,['2016-08-28']
709,29.68093543,-85.35919536,S2A_MSIL2A_20200615T160911_R140_T16RFT_20200827T113030,2020-06-15,2.33,38692,['2016-08-28']
709,29.68093543,-85.35919536,S2B_MSIL2A_20180224T162329_R040_T16RFT_20201014T010521,2018-02-24,3.19,37156,['2016-08-28']
710,29.68060521,-85.33274781,S2A_MSIL2A_20220327T160901_R140_T16RFT_20220328T052828,2022-03-27,0.04,38152,['2016-08-28']
710,29.68060521,-85.33274781,S2B_MSIL2A_20230814T160829_R140_T16RFT_20241020T103406,2023-08-14,0.29,38648,['2016-08-28']
710,29.68060521,-85.33274781,S2A_MSIL2A_20260328T161711_R140_T16RFT_20260329T024956,2026-03-28,0.43,38240,['2016-08-28']
710,29.68060521,-85.33274781,S2B_MSIL2A_20220531T160829_R140_T16RFT_20220601T165905,2022-05-31,0.63,38640,['2016-08-28']
710,29.68060521,-85.33274781,S2B_MSIL2A_20190907T161829_R040_T16RFT_20201004T103149,2019-09-07,1.96,37448,['2016-08-28']
712,28.69776727,-82.71823728,S2B_MSIL2A_20240527T155819_R097_T17RLM_20240527T223547,2024-05-27,0.0,66564,['2016-09-11']
712,28.69776727,-82.71823728,S2A_MSIL2A_20200203T160451_R097_T17RLM_20200930T153524,2020-02-03,0.0,66564,['2016-09-11']
712,28.69776727,-82.71823728,S2A_MSIL2A_20200327T160901_R140_T17RLM_20201027T113434,2020-03-27,0.0,66564,['2016-09-11']
712,28.69776727,-82.71823728,S2B_MSIL2A_20220727T155829_R097_T17RLM_20220729T005931,2022-07-27,0.0,66564,['2016-09-11']
712,28.69776727,-82.71823728,S2A_MSIL2A_20170112T161621_R140_T17RLM_20210530T064326,2017-01-12,0.0,66564,['2016-09-11']
717,29.66290679,-85.24073516,S2C_MSIL2A_20251219T162721_R040_T16RFT_20251219T200415,2025-12-19,0.0,66564,['2016-10-07']
717,29.66290679,-85.24073516,S2B_MSIL2A_20190927T162029_R040_T16RFT_20201004T175118,2019-09-27,0.0,66564,['2016-10-07']
717,29.66290679,-85.24073516,S2B_MSIL2A_20200511T160829_R140_T16RFT_20200917T201612,2020-05-11,0.0,66564,['2016-10-07']
717,29.66290679,-85.24073516,S2A_MSIL2A_20220129T162531_R040_T16RFT_20220214T053100,2022-01-29,0.0,66564,['2016-10-07']
717,29.66290679,-85.24073516,S2A_MSIL2A_20210223T162241_R040_T16RFT_20210224T055004,2021-02-23,0.0,66564,['2016-10-07']
718,29.66255312,-85.21429397,S2B_MSIL2A_20240104T162659_R040_T16RFT_20240104T201809,2024-01-04,0.0,64696,['2016-10-07']
718,29.66255312,-85.21429397,S2A_MSIL2A_20240225T161241_R140_T16RFT_20240225T231911,2024-02-25,0.0,64856,['2016-10-07']
718,29.66255312,-85.21429397,S2B_MSIL2A_20250912T160819_R140_T16RFT_20250912T201512,2025-09-12,0.24,64732,['2016-10-07']
718,29.66255312,-85.21429397,S2A_MSIL2A_20170412T161341_R140_T16RFT_20210209T070538,2017-04-12,0.61,64724,['2016-10-07']
718,29.66255312,-85.21429397,S2A_MSIL2A_20260222T163511_R040_T16RFT_20260222T184311,2026-02-22,0.68,64660,['2016-10-07']
724,29.9350891,-84.3242853,S2A_MSIL2A_20240225T161241_R140_T16RGU_20240225T232112,2024-02-25,0.01,60104,['2016-10-14']
724,29.9350891,-84.3242853,S2A_MSIL2A_20241201T161631_R140_T16RGU_20241201T193354,2024-12-01,0.1,60352,['2016-10-14']
724,29.9350891,-84.3242853,S2B_MSIL2A_20220730T160829_R140_T16RGU_20220731T172444,2022-07-30,0.29,59568,['2016-10-14']
724,29.9350891,-84.3242853,S2A_MSIL2A_20160706T161352_R140_T16RGU_20210212T020450,2016-07-06,0.56,59396,['2016-10-14']
724,29.9350891,-84.3242853,S2A_MSIL2A_20180626T160901_R140_T16RGU_20201012T023647,2018-06-26,0.62,59500,['2016-10-14']
727,29.14892193,-83.10630362,S2B_MSIL2A_20201018T161209_R140_T17RKN_20201019T175915,2020-10-18,0.0,66564,['2016-11-03']
727,29.14892193,-83.10630362,S2B_MSIL2A_20230215T161339_R140_T17RKN_20230216T011004,2023-02-15,0.0,66564,['2016-11-03']
727,29.14892193,-83.10630362,S2A_MSIL2A_20211117T161541_R140_T17RKN_20211118T060433,2021-11-17,0.0,66564,['2016-11-03']
727,29.14892193,-83.10630362,S2A_MSIL2A_20220327T160901_R140_T17RKN_20240523T144814,2022-03-27,0.0,66564,['2016-11-03']
727,29.14892193,-83.10630362,S2A_MSIL2A_20191128T161621_R140_T17RKN_20201003T202640,2019-11-28,0.0,66564,['2016-11-03']
728,30.7012,-81.4269,S2A_MSIL2A_20220304T160151_R097_T17RMQ_20240528T224642,2022-03-04,0.0,47708,['2016-11-20']
728,30.7012,-81.4269,S2B_MSIL2A_20211109T160459_R097_T17RMQ_20211110T020017,2021-11-09,0.52,47688,['2016-11-20']
728,30.7012,-81.4269,S2A_MSIL2A_20180305T160131_R097_T17RMP_20201013T065309,2018-03-05,0.68,47620,['2016-11-20']
728,30.7012,-81.4269,S2A_MSIL2A_20170330T155901_R097_T17RMP_20210209T030944,2017-03-30,0.81,47536,['2016-11-20']
728,30.7012,-81.4269,S2C_MSIL2A_20260412T155821_R097_T17RMQ_20260412T210156,2026-04-12,0.9,47632,['2016-11-20']
729,30.70128512,-81.40016787,S2B_MSIL2A_20250522T155819_R097_T17RMQ_20250522T200029,2025-05-22,0.0,66564,['2016-11-20']
729,30.70128512,-81.40016787,S2A_MSIL2A_20220602T155831_R097_T17RMQ_20220603T133055,2022-06-02,0.0,66564,['2016-11-20']
729,30.70128512,-81.40016787,S2A_MSIL2A_20240412T155901_R097_T17RMQ_20240413T003930,2024-04-12,0.0,66564,['2016-11-20']
729,30.70128512,-81.40016787,S2A_MSIL2A_20240202T160501_R097_T17RMP_20240202T215754,2024-02-02,0.0,66564,['2016-11-20']
729,30.70128512,-81.40016787,S2A_MSIL2A_20180315T160021_R097_T17RMQ_20201013T091800,2018-03-15,0.0,66564,['2016-11-20']
730,30.72438504,-81.40026325,S2C_MSIL2A_20250706T155921_R097_T17RMQ_20250706T212916,2025-07-06,0.0,66564,['2016-11-20']
730,30.72438504,-81.40026325,S2A_MSIL2A_20250117T160611_R097_T17RMQ_20250117T212700,2025-01-17,0.0,66564,['2016-11-20']
730,30.72438504,-81.40026325,S2A_MSIL2A_20200503T155911_R097_T17RMQ_20200920T080015,2020-05-03,0.0,66564,['2016-11-20']
730,30.72438504,-81.40026325,S2A_MSIL2A_20191205T160641_R097_T17RMP_20201003T005911,2019-12-05,0.0,56244,['2016-11-20']
730,30.72438504,-81.40026325,S2A_MSIL2A_20180603T155901_R097_T17RMQ_20201026T135336,2018-06-03,0.0,66564,['2016-11-20']
736,29.6305,-85.094,S2B_MSIL2A_20230516T160829_R140_T16RFT_20230516T232026,2023-05-16,0.17,46592,['2017-01-12']
736,29.6305,-85.094,S2B_MSIL2A_20251104T162349_R040_T16RFT_20251104T200740,2025-11-04,0.56,45872,['2017-01-12']
736,29.6305,-85.094,S2A_MSIL2A_20161014T161342_R140_T16RFT_20210213T103846,2016-10-14,1.35,45672,['2017-01-12']
736,29.6305,-85.094,S2A_MSIL2A_20230822T161831_R040_T16RFT_20230823T152149,2023-08-22,2.51,42752,['2017-01-12']
736,29.6305,-85.094,S2B_MSIL2A_20210129T162529_R040_T16RFT_20210130T063203,2021-01-29,2.53,45832,['2017-01-12']
737,29.63087729,-85.12043103,S2C_MSIL2A_20250410T160921_R140_T16RFT_20250410T211116,2025-04-10,0.1,33720,['2017-01-12']
737,29.63087729,-85.12043103,S2C_MSIL2A_20250719T160921_R140_T16RFT_20250719T211215,2025-07-19,0.11,33412,['2017-01-12']
737,29.63087729,-85.12043103,S2A_MSIL2A_20230730T160831_R140_T16RFT_20230731T011440,2023-07-30,0.29,32752,['2017-01-12']
737,29.63087729,-85.12043103,S2B_MSIL2A_20250217T162239_R040_T16RFT_20250217T201947,2025-02-17,1.06,33836,['2017-01-12']
737,29.63087729,-85.12043103,S2B_MSIL2A_20200511T160829_R140_T16RFT_20200917T201612,2020-05-11,1.47,34004,['2017-01-12']
738,29.60740849,-85.09443461,S2C_MSIL2A_20250410T160921_R140_T16RFT_20250410T211116,2025-04-10,0.0,62680,['2017-01-12']
738,29.60740849,-85.09443461,S2B_MSIL2A_20251104T162349_R040_T16RFT_20251104T200740,2025-11-04,0.37,62576,['2017-01-12']
738,29.60740849,-85.09443461,S2A_MSIL2A_20170502T161351_R140_T16RFT_20210209T123241,2017-05-02,0.82,62820,['2017-01-12']
738,29.60740849,-85.09443461,S2A_MSIL2A_20241231T161701_R140_T16RFT_20241231T194951,2024-12-31,1.03,62528,['2017-01-12']
738,29.60740849,-85.09443461,S2A_MSIL2A_20160210T162412_R040_T16RFT_20210528T045722,2016-02-10,1.18,62200,['2017-01-12']
739,29.60702629,-85.0680101,S2A_MSIL2A_20240329T161851_R040_T16RFT_20240330T100058,2024-03-29,0.05,49084,['2017-01-12']
739,29.60702629,-85.0680101,S2B_MSIL2A_20220511T160829_R140_T16RFT_20220514T004551,2022-05-11,0.26,49432,['2017-01-12']
739,29.60702629,-85.0680101,S2B_MSIL2A_20180115T162619_R040_T16RFT_20201014T060419,2018-01-15,3.73,47828,['2017-01-12']
739,29.60702629,-85.0680101,S2A_MSIL2A_20211130T162631_R040_T16RFT_20211201T054222,2021-11-30,4.48,48820,['2017-01-12']
739,29.60702629,-85.0680101,S2B_MSIL2A_20190427T160839_R140_T16RFT_20201105T203912,2019-04-27,6.48,48548,['2017-01-12']
765,29.70811873,-84.97210231,S2A_MSIL2A_20161014T161342_R140_T16RFT_20210213T103846,2016-10-14,0.0,65700,['2017-07-01']
765,29.70811873,-84.97210231,S2A_MSIL2A_20170502T161351_R140_T16RFT_20210209T123241,2017-05-02,0.0,65664,['2017-07-01']
765,29.70811873,-84.97210231,S2B_MSIL2A_20250515T160829_R140_T16RFT_20250515T211031,2025-05-15,0.0,65392,['2017-07-01']
765,29.70811873,-84.97210231,S2A_MSIL2A_20170810T161351_R140_T16RFT_20210210T222552,2017-08-10,0.0,65592,['2017-07-01']
765,29.70811873,-84.97210231,S2A_MSIL2A_20200615T160911_R140_T16RFT_20200827T113030,2020-06-15,0.0,65320,['2017-07-01']
766,29.58399945,-84.97353422,S2B_MSIL2A_20241216T161609_R140_T16RFT_20241216T200744,2024-12-16,0.0,66564,['2017-07-01']
766,29.58399945,-84.97353422,S2B_MSIL2A_20260321T160859_R140_T16RFT_20260321T200307,2026-03-21,0.0,66564,['2017-07-01']
766,29.58399945,-84.97353422,S2B_MSIL2A_20180502T160859_R140_T16RFT_20201012T050916,2018-05-02,0.0,66564,['2017-07-01']
766,29.58399945,-84.97353422,S2A_MSIL2A_20221215T162701_R040_T16RFT_20221216T075259,2022-12-15,0.0,66564,['2017-07-01']
766,29.58399945,-84.97353422,S2B_MSIL2A_20210310T162009_R040_T16RFT_20210311T043202,2021-03-10,0.0,66564,['2017-07-01']
771,29.72522113,-84.87969768,S2B_MSIL2A_20221008T161149_R140_T16RGT_20221009T053129,2022-10-08,0.02,52408,['2017-10-09']
771,29.72522113,-84.87969768,S2B_MSIL2A_20241010T162119_R040_T16RGT_20241010T223103,2024-10-10,0.1,51760,['2017-10-09']
771,29.72522113,-84.87969768,S2B_MSIL2A_20260202T162409_R040_T16RFT_20260202T195712,2026-02-02,0.24,51100,['2017-10-09']
771,29.72522113,-84.87969768,S2C_MSIL2A_20250413T161851_R040_T16RFT_20250413T212014,2025-04-13,0.49,50456,['2017-10-09']
771,29.72522113,-84.87969768,S2B_MSIL2A_20190517T160839_R140_T16RFT_20201006T152837,2019-05-17,0.69,50968,['2017-10-09']
772,29.72564234,-84.90615004,S2C_MSIL2A_20251219T162721_R040_T16RFT_20251219T200415,2025-12-19,0.0,59080,['2017-10-09']
772,29.72564234,-84.90615004,S2A_MSIL2A_20240129T162531_R040_T16RGT_20240129T211648,2024-01-29,0.0,58868,['2017-10-09']
772,29.72564234,-84.90615004,S2B_MSIL2A_20190527T160839_R140_T16RGT_20201006T190955,2019-05-27,0.12,58616,['2017-10-09']
772,29.72564234,-84.90615004,S2C_MSIL2A_20250729T160921_R140_T16RGT_20250729T211214,2025-07-29,0.13,58928,['2017-10-09']
772,29.72564234,-84.90615004,S2B_MSIL2A_20210526T160829_R140_T16RFT_20210527T105316,2021-05-26,0.15,58684,['2017-10-09']
774,24.69156345,-81.39035317,S2C_MSIL2A_20250226T160251_R097_T17RMH_20250226T192212,2025-02-26,1.28,43400,['2017-12-10']
774,24.69156345,-81.39035317,S2A_MSIL2A_20220410T160511_R054_T17RMH_20240606T212004,2022-04-10,1.63,43252,['2017-12-10']
774,24.69156345,-81.39035317,S2A_MSIL2A_20170317T160501_R054_T17RMH_20210208T232154,2017-03-17,1.9,42664,['2017-12-10']
774,24.69156345,-81.39035317,S2B_MSIL2A_20231219T160659_R097_T17RMH_20231222T000819,2023-12-19,2.23,44024,['2017-12-10']
774,24.69156345,-81.39035317,S2A_MSIL2A_20180305T160131_R097_T17RMH_20201013T065313,2018-03-05,2.66,44336,['2017-12-10']
775,24.6684434,-81.39028119,S2A_MSIL2A_20251016T160701_R097_T17RMH_20251016T210119,2025-10-16,0.01,45240,['2017-12-10']
775,24.6684434,-81.39028119,S2B_MSIL2A_20241203T160539_R097_T17RMH_20241203T200858,2024-12-03,0.32,45100,['2017-12-10']
775,24.6684434,-81.39028119,S2B_MSIL2A_20221211T160509_R054_T17RMH_20221212T075907,2022-12-11,0.56,45852,['2017-12-10']
775,24.6684434,-81.39028119,S2A_MSIL2A_20231101T160511_R054_T17RMH_20231101T220548,2023-11-01,0.61,45480,['2017-12-10']
775,24.6684434,-81.39028119,S2A_MSIL2A_20211224T160701_R097_T17RMH_20211225T054806,2021-12-24,4.72,44956,['2017-12-10']
776,24.64532328,-81.39020931,S2B_MSIL2A_20240128T160529_R097_T17RMH_20240128T221925,2024-01-28,0.01,61564,['2017-12-10']
776,24.64532328,-81.39020931,S2C_MSIL2A_20250206T160501_R097_T17RMH_20250206T192610,2025-02-06,0.19,61508,['2017-12-10']
776,24.64532328,-81.39020931,S2B_MSIL2A_20241203T160539_R097_T17RMH_20241203T200858,2024-12-03,0.22,61432,['2017-12-10']
776,24.64532328,-81.39020931,S2A_MSIL2A_20170208T160411_R097_T17RMH_20210208T085633,2017-02-08,0.26,61432,['2017-12-10']
776,24.64532328,-81.39020931,S2B_MSIL2A_20230907T160519_R054_T17RMH_20240908T193200,2023-09-07,0.98,58604,['2017-12-10']
777,24.64538681,-81.36491277,S2B_MSIL2A_20250109T160509_R054_T17RMH_20250109T211544,2025-01-09,0.43,60416,['2017-12-10']
777,24.64538681,-81.36491277,S2A_MSIL2A_20161127T160512_R054_T17RMH_20210415T024632,2016-11-27,0.63,61104,['2017-12-10']
777,24.64538681,-81.36491277,S2A_MSIL2A_20251016T160701_R097_T17RMH_20251016T210119,2025-10-16,0.86,60892,['2017-12-10']
777,24.64538681,-81.36491277,S2A_MSIL2A_20170225T160511_R054_T17RMH_20210208T170958,2017-02-25,0.95,60948,['2017-12-10']
777,24.64538681,-81.36491277,S2A_MSIL2A_20201209T160641_R097_T17RMH_20201210T203913,2020-12-09,1.31,60680,['2017-12-10']
778,24.64544609,-81.33961616,S2C_MSIL2A_20250524T160531_R054_T17RMH_20250524T215230,2025-05-24,0.05,47560,['2017-12-10']
778,24.64544609,-81.33961616,S2A_MSIL2A_20230115T160511_R054_T17RMH_20230116T034138,2023-01-15,0.2,47676,['2017-12-10']
778,24.64544609,-81.33961616,S2B_MSIL2A_20220214T160509_R054_T17RMH_20220223T065527,2022-02-14,1.88,46996,['2017-12-10']
778,24.64544609,-81.33961616,S2A_MSIL2A_20210217T160321_R097_T17RMH_20210219T154222,2021-02-17,2.11,47584,['2017-12-10']
778,24.64544609,-81.33961616,S2A_MSIL2A_20220410T160511_R054_T17RMH_20240606T212004,2022-04-10,3.44,46540,['2017-12-10']
779,24.66856634,-81.33967872,S2B_MSIL2A_20220624T160519_R054_T17RMH_20220625T031734,2022-06-24,0.0,41700,['2017-12-10']
779,24.66856634,-81.33967872,S2B_MSIL2A_20241203T160539_R097_T17RMH_20241203T200858,2024-12-03,0.0,40676,['2017-12-10']
779,24.66856634,-81.33967872,S2A_MSIL2A_20251016T160701_R097_T17RMH_20251016T210119,2025-10-16,0.0,41200,['2017-12-10']
779,24.66856634,-81.33967872,S2B_MSIL2A_20260127T160429_R097_T17RMH_20260127T212029,2026-01-27,0.08,40616,['2017-12-10']
779,24.66856634,-81.33967872,S2B_MSIL2A_20200126T160509_R054_T17RMH_20201002T120305,2020-01-26,5.8,41392,['2017-12-10']
780,24.69168652,-81.33974137,S2A_MSIL2A_20231101T160511_R054_T17RMH_20231101T220548,2023-11-01,0.03,42384,['2017-12-10']
780,24.69168652,-81.33974137,S2B_MSIL2A_20260127T160429_R097_T17RMH_20260127T212029,2026-01-27,0.1,41904,['2017-12-10']
780,24.69168652,-81.33974137,S2B_MSIL2A_20241024T160239_R097_T17RMH_20241024T213906,2024-10-24,0.33,41956,['2017-12-10']
780,24.69168652,-81.33974137,S2A_MSIL2A_20160630T160512_R054_T17RMH_20210212T004209,2016-06-30,2.88,41320,['2017-12-10']
780,24.69168652,-81.33974137,S2A_MSIL2A_20181021T160311_R097_T17RMH_20201009T134835,2018-10-21,2.98,42264,['2017-12-10']
806,26.7782918,-82.15843004,S2A_MSIL2A_20191215T160651_R097_T17RLK_20201003T051405,2019-12-15,0.0,54884,"['2018-10-16', '2021-04-13']"
806,26.7782918,-82.15843004,S2A_MSIL2A_20230309T160101_R097_T17RLK_20240823T143703,2023-03-09,0.0,56892,"['2018-10-16', '2021-04-13']"
806,26.7782918,-82.15843004,S2B_MSIL2A_20240417T155819_R097_T17RLK_20240417T231836,2024-04-17,0.0,55232,"['2018-10-16', '2021-04-13']"
806,26.7782918,-82.15843004,S2A_MSIL2A_20170817T155901_R097_T17RLK_20210201T031945,2017-08-17,0.0,54660,"['2018-10-16', '2021-04-13']"
806,26.7782918,-82.15843004,S2B_MSIL2A_20240527T155819_R097_T17RLK_20240527T222100,2024-05-27,0.0,55188,"['2018-10-16', '2021-04-13']"
820,28.09624529,-82.79356317,S2B_MSIL2A_20240527T155819_R097_T17RLM_20240527T223547,2024-05-27,0.0,63628,['2019-02-11']
820,28.09624529,-82.79356317,S2B_MSIL2A_20260206T160339_R097_T17RLM_20260206T213114,2026-02-06,0.06,63836,['2019-02-11']
820,28.09624529,-82.79356317,S2B_MSIL2A_20180509T155859_R097_T17RLM_20201012T075530,2018-05-09,0.12,63616,['2019-02-11']
820,28.09624529,-82.79356317,S2B_MSIL2A_20190424T155829_R097_T17RLM_20201109T114105,2019-04-24,0.16,63688,['2019-02-11']
820,28.09624529,-82.79356317,S2B_MSIL2A_20231219T160659_R097_T17RLM_20231222T000941,2023-12-19,0.42,63480,['2019-02-11']
821,28.11934344,-82.79394752,S2C_MSIL2A_20250517T155841_R097_T17RLM_20250517T224313,2025-05-17,0.0,64084,['2019-02-11']
821,28.11934344,-82.79394752,S2B_MSIL2A_20220220T161209_R140_T17RLM_20220226T045759,2022-02-20,0.04,64212,['2019-02-11']
821,28.11934344,-82.79394752,S2B_MSIL2A_20191130T160619_R097_T17RLM_20201003T211036,2019-11-30,0.07,63944,['2019-02-11']
821,28.11934344,-82.79394752,S2B_MSIL2A_20171213T161649_R140_T17RLM_20201014T135559,2017-12-13,0.12,64196,['2019-02-11']
821,28.11934344,-82.79394752,S2A_MSIL2A_20211117T161541_R140_T17RLM_20211118T051910,2021-11-17,0.21,64192,['2019-02-11']
822,28.14244151,-82.79433233,S2B_MSIL2A_20180509T155859_R097_T17RLM_20201012T075530,2018-05-09,0.7,53292,['2019-02-11']
822,28.14244151,-82.79433233,S2B_MSIL2A_20200617T155829_R097_T17RLM_20200823T032742,2020-06-17,0.73,53172,['2019-02-11']
822,28.14244151,-82.79433233,S2A_MSIL2A_20230108T160641_R097_T17RLM_20240812T081749,2023-01-08,0.88,53032,['2019-02-11']
822,28.14244151,-82.79433233,S2B_MSIL2A_20260110T161539_R140_T17RLM_20260110T200904,2026-01-10,0.89,53116,['2019-02-11']
822,28.14244151,-82.79433233,S2A_MSIL2A_20170208T160411_R097_T17RLM_20210208T085635,2017-02-08,0.95,53316,['2019-02-11']
846,27.51477,-82.68395,S2C_MSIL2A_20251113T160531_R097_T17RLL_20251113T194111,2025-11-13,0.07,52048,['2021-11-09']
846,27.51477,-82.68395,S2C_MSIL2A_20250815T155921_R097_T17RLL_20250815T205115,2025-08-15,0.07,51668,['2021-11-09']
846,27.51477,-82.68395,S2A_MSIL2A_20201209T160641_R097_T17RLL_20201210T203640,2020-12-09,0.65,51636,['2021-11-09']
846,27.51477,-82.68395,S2A_MSIL2A_20171125T160611_R097_T17RLL_20201014T221122,2017-11-25,0.84,51664,['2021-11-09']
846,27.51477,-82.68395,S2A_MSIL2A_20161021T160402_R097_T17RLL_20210213T130416,2016-10-21,0.87,51604,['2021-11-09']
847,27.53787144,-82.68430212,S2A_MSIL2A_20221129T160621_R097_T17RLL_20221201T181701,2022-11-29,0.0,66256,['2021-11-09']
847,27.53787144,-82.68430212,S2B_MSIL2A_20220707T155829_R097_T17RLL_20220708T114640,2022-07-07,0.0,66564,['2021-11-09']
847,27.53787144,-82.68430212,S2A_MSIL2A_20170926T160021_R097_T17RLL_20210202T100821,2017-09-26,0.0,66564,['2021-11-09']
847,27.53787144,-82.68430212,S2B_MSIL2A_20190325T155909_R097_T17RLL_20201007T104123,2019-03-25,0.0,66564,['2021-11-09']
847,27.53787144,-82.68430212,S2A_MSIL2A_20230915T155901_R097_T17RLL_20241103T091138,2023-09-15,0.0,66564,['2021-11-09']
848,27.53818309,-82.65838616,S2B_MSIL2A_20220329T155819_R097_T17RLL_20220330T040452,2022-03-29,0.0,66360,['2021-11-09']
848,27.53818309,-82.65838616,S2B_MSIL2A_20191130T160619_R097_T17RLL_20201003T211037,2019-11-30,0.02,66336,['2021-11-09']
848,27.53818309,-82.65838616,S2A_MSIL2A_20170509T155911_R097_T17RLL_20210209T141900,2017-05-09,0.02,66356,['2021-11-09']
848,27.53818309,-82.65838616,S2B_MSIL2A_20181205T160639_R097_T17RLL_20201008T074224,2018-12-05,0.02,66340,['2021-11-09']
848,27.53818309,-82.65838616,S2A_MSIL2A_20190926T160021_R097_T17RLL_20201004T171728,2019-09-26,0.02,66332,['2021-11-09']
896,30.45078559,-86.51384831,S2B_MSIL2A_20250905T161829_R040_T16REU_20250905T202408,2025-09-05,0.02,51988,['2023-07-18']
896,30.45078559,-86.51384831,S2A_MSIL2A_20220916T161921_R040_T16REU_20240731T105808,2022-09-16,0.08,51976,['2023-07-18']
896,30.45078559,-86.51384831,S2B_MSIL2A_20190917T161909_R040_T16REU_20201004T142036,2019-09-17,0.09,51848,['2023-07-18']
896,30.45078559,-86.51384831,S2A_MSIL2A_20160719T162342_R040_T16REU_20210212T060701,2016-07-19,0.13,51448,['2023-07-18']
896,30.45078559,-86.51384831,S2A_MSIL2A_20180331T161901_R040_T16REU_20201013T170731,2018-03-31,0.14,51944,['2023-07-18']
903,29.70743167,-84.91171193,S2B_MSIL2A_20180412T160859_R140_T16RGT_20201012T213509,2018-04-12,0.0,66564,['2023-09-06']
903,29.70743167,-84.91171193,S2A_MSIL2A_20160210T162412_R040_T16RFT_20210528T045722,2016-02-10,0.0,66548,['2023-09-06']
903,29.70743167,-84.91171193,S2A_MSIL2A_20190830T160901_R140_T16RGT_20201005T064901,2019-08-30,0.0,66564,['2023-09-06']
903,29.70743167,-84.91171193,S2B_MSIL2A_20201117T161549_R140_T16RGT_20201118T212832,2020-11-17,0.0,66564,['2023-09-06']
903,29.70743167,-84.91171193,S2A_MSIL2A_20210401T160901_R140_T16RFT_20210402T154314,2021-04-01,0.0,66564,['2023-09-06']
905,30.43930073,-86.53419025,S2C_MSIL2A_20250622T161851_R040_T16REU_20250622T215416,2025-06-22,0.0,64888,['2023-09-11']
905,30.43930073,-86.53419025,S2C_MSIL2A_20251020T162331_R040_T16REU_20251020T201906,2025-10-20,0.0,64880,['2023-09-11']
905,30.43930073,-86.53419025,S2B_MSIL2A_20190917T161909_R040_T16REU_20201004T142036,2019-09-17,0.02,64844,['2023-09-11']
905,30.43930073,-86.53419025,S2A_MSIL2A_20160410T162332_R040_T16REU_20210211T030028,2016-04-10,0.03,64872,['2023-09-11']
905,30.43930073,-86.53419025,S2B_MSIL2A_20190110T162639_R040_T16REU_20201008T003019,2019-01-10,0.04,64808,['2023-09-11']
939,69.59198333,-65.35596667,S2B_MSIL2A_20200802T161829_R040_T19WFT_20200815T224412,2020-08-02,0.0,66564,['2016-08-01']
939,69.59198333,-65.35596667,S2C_MSIL2A_20250831T161921_R040_T19WFT_20250831T195215,2025-08-31,0.0,66564,['2016-08-01']
939,69.59198333,-65.35596667,S2B_MSIL2A_20241020T162219_R040_T19WFT_20241020T185038,2024-10-20,0.0,66564,['2016-08-01']
939,69.59198333,-65.35596667,S2B_MSIL2A_20210317T160919_R140_T20WMC_20210318T214500,2021-03-17,0.0,66564,['2016-08-01']
939,69.59198333,-65.35596667,S2C_MSIL2A_20250406T162921_R083_T19WFT_20250406T212117,2025-04-06,0.0,66564,['2016-08-01']
940,69.61489396,-65.35204366,S2B_MSIL2A_20220530T163839_R126_T20WMC_20240619T133054,2022-05-30,0.0,46020,['2016-08-01']
940,69.61489396,-65.35204366,S2B_MSIL2A_20210218T162329_R040_T20WMC_20210219T170852,2021-02-18,0.0,66564,['2016-08-01']
940,69.61489396,-65.35204366,S2A_MSIL2A_20200827T161911_R040_T19WFT_20200907T083420,2020-08-27,0.0,66564,['2016-08-01']
940,69.61489396,-65.35204366,S2B_MSIL2A_20250511T162829_R083_T20WMC_20250511T202800,2025-05-11,0.0,66564,['2016-08-01']
940,69.61489396,-65.35204366,S2A_MSIL2A_20170405T162331_R040_T19WFT_20210209T050302,2017-04-05,0.0,66564,['2016-08-01']
941,69.61625083,-65.41776725,S2B_MSIL2A_20200629T163839_R126_T20WMC_20200909T102813,2020-06-29,0.0,66564,"['2016-08-01', '2017-07-25']"
941,69.61625083,-65.41776725,S2C_MSIL2A_20250406T162921_R083_T19WFT_20250406T212117,2025-04-06,0.0,66564,"['2016-08-01', '2017-07-25']"
941,69.61625083,-65.41776725,S2B_MSIL2A_20220510T163839_R126_T20WMC_20240611T233838,2022-05-10,0.0,66564,"['2016-08-01', '2017-07-25']"
941,69.61625083,-65.41776725,S2A_MSIL2A_20180417T160901_R140_T20WMC_20201012T232116,2018-04-17,0.0,66564,"['2016-08-01', '2017-07-25']"
941,69.61625083,-65.41776725,S2B_MSIL2A_20230725T160829_R140_T19WFT_20241018T212101,2023-07-25,0.0,66564,"['2016-08-01', '2017-07-25']"
942,69.59333855,-65.42161995,S2B_MSIL2A_20250505T160829_R140_T20WMC_20250505T235603,2025-05-05,0.0,66564,['2016-08-01']
942,69.59333855,-65.42161995,S2B_MSIL2A_20210529T161829_R040_T20WMC_20210530T003428,2021-05-29,0.0,66564,['2016-08-01']
942,69.59333855,-65.42161995,S2B_MSIL2A_20190430T161839_R040_T20WMC_20201105T234602,2019-04-30,0.0,66564,['2016-08-01']
942,69.59333855,-65.42161995,S2B_MSIL2A_20191004T161119_R140_T19WFT_20201003T223941,2019-10-04,0.0,66564,['2016-08-01']
942,69.59333855,-65.42161995,S2A_MSIL2A_20170604T162341_R040_T20WMC_20210209T203033,2017-06-04,0.0,66564,['2016-08-01']
943,69.57042611,-65.42546382,S2A_MSIL2A_20170528T163331_R083_T19WFT_20210209T185030,2017-05-28,0.0,66564,['2016-08-01']
943,69.57042611,-65.42546382,S2B_MSIL2A_20200620T160829_R140_T20WMC_20200823T115907,2020-06-20,0.0,66564,['2016-08-01']
943,69.57042611,-65.42546382,S2A_MSIL2A_20190731T160911_R140_T19WFT_20201005T201915,2019-07-31,0.0,66564,['2016-08-01']
943,69.57042611,-65.42546382,S2A_MSIL2A_20210808T163901_R126_T20WMC_20210809T022408,2021-08-08,0.0,47580,['2016-08-01']
943,69.57042611,-65.42546382,S2B_MSIL2A_20230327T160829_R140_T20WMC_20240827T003532,2023-03-27,0.0,66564,['2016-08-01']
944,69.56907254,-65.35988068,S2A_MSIL2A_20200310T162101_R040_T19WFT_20201005T034024,2020-03-10,0.0,66564,['2016-08-01']
944,69.56907254,-65.35988068,S2A_MSIL2A_20190502T160911_R140_T19WFT_20201006T090544,2019-05-02,0.0,66564,['2016-08-01']
944,69.56907254,-65.35988068,S2B_MSIL2A_20210218T162329_R040_T20WMC_20210219T170852,2021-02-18,0.04,66536,['2016-08-01']
944,69.56907254,-65.35988068,S2B_MSIL2A_20260219T161219_R140_T20WMC_20260219T194216,2026-02-19,10.31,59808,['2016-08-01']
945,69.56769441,-65.29430651,S2A_MSIL2A_20240803T160901_R140_T19WFT_20240803T235452,2024-08-03,0.0,66564,['2016-08-01']
945,69.56769441,-65.29430651,S2B_MSIL2A_20230327T160829_R140_T20WMC_20240827T003532,2023-03-27,0.0,66564,['2016-08-01']
945,69.56769441,-65.29430651,S2A_MSIL2A_20160629T162332_R040_T19WFT_20210212T002431,2016-06-29,0.0,66564,['2016-08-01']
945,69.56769441,-65.29430651,S2B_MSIL2A_20210529T161829_R040_T20WMC_20210530T003428,2021-05-29,0.16,66456,['2016-08-01']
945,69.56769441,-65.29430651,S2A_MSIL2A_20190303T161151_R140_T20WMC_20201030T104830,2019-03-03,0.63,66152,['2016-08-01']
946,79.98151667,-69.78621667,S2B_MSIL2A_20180702T185919_R013_T18XWP_20201011T111904,2018-07-02,0.0,33124,['2016-08-14']
946,79.98151667,-69.78621667,S2A_MSIL2A_20210618T184921_R113_T19XDJ_20210619T031045,2021-06-18,0.0,34788,['2016-08-14']
946,79.98151667,-69.78621667,S2B_MSIL2A_20230714T181919_R127_T19XDJ_20230715T004622,2023-07-14,0.0,50128,['2016-08-14']
946,79.98151667,-69.78621667,S2A_MSIL2A_20190501T195901_R128_T19XDJ_20201006T084125,2019-05-01,0.0,62264,['2016-08-14']
946,79.98151667,-69.78621667,S2B_MSIL2A_20250905T193859_R042_T18XWP_20250905T214724,2025-09-05,0.01,60044,['2016-08-14']
947,79.95660199,-69.66703602,S2A_MSIL2A_20230818T181921_R127_T19XDJ_20240913T004336,2023-08-18,0.0,32616,['2016-08-14']
947,79.95660199,-69.66703602,S2B_MSIL2A_20210823T181919_R127_T19XDJ_20210824T044834,2021-08-23,0.9,56996,['2016-08-14']
947,79.95660199,-69.66703602,S2B_MSIL2A_20220917T200049_R128_T18XWP_20220918T133633,2022-09-17,1.21,45720,['2016-08-14']
948,79.5542,-70.51406667,S2B_MSIL2A_20220628T184919_R113_T19XDJ_20220629T092612,2022-06-28,0.0,52652,['2016-08-14']
948,79.5542,-70.51406667,S2B_MSIL2A_20240728T181919_R127_T19XDJ_20240728T204343,2024-07-28,0.0,61608,['2016-08-14']
948,79.5542,-70.51406667,S2A_MSIL2A_20230818T181921_R127_T19XDJ_20240913T004336,2023-08-18,0.01,65888,['2016-08-14']
949,79.57880952,-70.63070222,S2A_MSIL2A_20230818T181921_R127_T19XDJ_20240913T004336,2023-08-18,0.0,58252,['2016-08-14']
949,79.57880952,-70.63070222,S2B_MSIL2A_20190521T190919_R056_T19XDJ_20201006T165347,2019-05-21,0.0,66564,['2016-08-14']
949,79.57880952,-70.63070222,S2B_MSIL2A_20220805T180919_R084_T19XDJ_20220806T131920,2022-08-05,0.0,51392,['2016-08-14']
949,79.57880952,-70.63070222,S2B_MSIL2A_20210813T181919_R127_T19XDJ_20210814T082950,2021-08-13,0.29,37476,['2016-08-14']
949,79.57880952,-70.63070222,S2B_MSIL2A_20190919T184039_R070_T18XWP_20201004T150825,2019-09-19,1.31,65412,['2016-08-14']
950,79.57527314,-70.37797413,S2A_MSIL2A_20190816T194901_R085_T19XDJ_20201005T010505,2019-08-16,0.0,66480,['2016-08-14']
951,77.31513333,-76.10368333,S2B_MSIL2A_20230806T182919_R027_T18XVL_20230807T001816,2023-08-06,0.0,41856,['2016-08-14']
951,77.31513333,-76.10368333,S2A_MSIL2A_20210311T182151_R127_T18XVL_20210312T091122,2021-03-11,0.01,66556,['2016-08-14']
951,77.31513333,-76.10368333,S2B_MSIL2A_20250324T184929_R113_T18XVL_20250324T223628,2025-03-24,1.9,65320,['2016-08-14']
951,77.31513333,-76.10368333,S2A_MSIL2A_20240928T181131_R084_T18XVL_20240929T134349,2024-09-28,2.57,64880,['2016-08-14']
952,77.33806916,-76.10564941,S2B_MSIL2A_20180606T183929_R070_T18XVL_20201026T174639,2018-06-06,0.0,66564,['2016-08-14']
952,77.33806916,-76.10564941,S2A_MSIL2A_20170611T174911_R141_T18XVL_20210209T221420,2017-06-11,0.0,35192,['2016-08-14']
952,77.33806916,-76.10564941,S2B_MSIL2A_20200517T180919_R084_T18XVL_20200910T012124,2020-05-17,0.01,66560,['2016-08-14']
952,77.33806916,-76.10564941,S2A_MSIL2A_20200926T180121_R041_T18XVL_20200927T191834,2020-09-26,0.26,66396,['2016-08-14']
953,77.31468186,-76.20809497,S2B_MSIL2A_20200629T181919_R127_T18XVL_20200824T152249,2020-06-29,0.0,66560,['2016-08-14']
953,77.31468186,-76.20809497,S2B_MSIL2A_20170814T181919_R127_T18XVL_20210131T223001,2017-08-14,0.0,66092,['2016-08-14']
953,77.31468186,-76.20809497,S2B_MSIL2A_20240529T181919_R127_T18XVL_20240529T231856,2024-05-29,0.0,66564,['2016-08-14']
953,77.31468186,-76.20809497,S2A_MSIL2A_20170515T175921_R041_T18XVL_20210209T154502,2017-05-15,8.89,57620,['2016-08-14']
954,77.29219744,-76.10172441,S2A_MSIL2A_20200725T174911_R141_T18XVL_20200817T120701,2020-07-25,0.0,62608,['2016-08-14']
954,77.29219744,-76.10172441,S2B_MSIL2A_20180508T180919_R084_T18XVL_20201012T073214,2018-05-08,0.0,64176,['2016-08-14']
954,77.29219744,-76.10172441,S2A_MSIL2A_20210311T182151_R127_T18XVL_20210312T091122,2021-03-11,0.0,66564,['2016-08-14']
954,77.29219744,-76.10172441,S2B_MSIL2A_20220822T175909_R041_T18XVL_20240719T034534,2022-08-22,0.0,44080,['2016-08-14']
954,77.29219744,-76.10172441,S2B_MSIL2A_20190726T174919_R141_T18XVL_20210422T025752,2019-07-26,0.0,61916,['2016-08-14']
955,77.31554402,-75.99926453,S2C_MSIL2A_20250718T181941_R127_T18XVL_20250718T230216,2025-07-18,0.0,66564,['2016-08-14']
955,77.31554402,-75.99926453,S2A_MSIL2A_20210311T182151_R127_T18XVL_20210312T091122,2021-03-11,0.0,66564,['2016-08-14']
956,74.221145,-91.51379152,S2B_MSIL2A_20210823T181919_R127_T15XWC_20210824T033902,2021-08-23,0.0,34072,['2016-09-23']
956,74.221145,-91.51379152,S2A_MSIL2A_20200624T181931_R127_T15XWC_20200823T224125,2020-06-24,0.0,45440,['2016-09-23']
956,74.221145,-91.51379152,S2B_MSIL2A_20170909T184049_R070_T15XWC_20210201T225503,2017-09-09,0.0,66564,['2016-09-23']
956,74.221145,-91.51379152,S2B_MSIL2A_20240525T183919_R070_T15XWC_20240525T224430,2024-05-25,0.0,66524,['2016-09-23']
957,67.43425468,-61.44640488,S2B_MSIL2A_20210729T154819_R054_T20WNV_20210730T005033,2021-07-29,0.0,46128,['2017-07-23']
957,67.43425468,-61.44640488,S2A_MSIL2A_20190228T160211_R097_T20WNV_20201007T213250,2019-02-28,0.0,37956,['2017-07-23']
957,67.43425468,-61.44640488,S2A_MSIL2A_20180812T155901_R097_T20WNV_20201011T004112,2018-08-12,0.0,66564,['2017-07-23']
957,67.43425468,-61.44640488,S2A_MSIL2A_20181014T161221_R140_T20WNV_20201009T112538,2018-10-14,9.94,60048,['2017-07-23']
958,67.43366872,-61.38664809,S2A_MSIL2A_20210624T154911_R054_T20WNV_20210625T202431,2021-06-24,0.0,49432,['2017-07-23']
958,67.43366872,-61.38664809,S2B_MSIL2A_20220714T154819_R054_T20WNV_20220715T042000,2022-07-14,0.01,39224,['2017-07-23']
958,67.43366872,-61.38664809,S2B_MSIL2A_20230725T160829_R140_T20WNV_20241018T212101,2023-07-25,0.87,60520,['2017-07-23']
960,69.63592815,-65.38761082,S2A_MSIL2A_20200402T162851_R083_T19WFT_20200924T165434,2020-04-02,0.0,66564,['2017-07-25']
960,69.63592815,-65.38761082,S2A_MSIL2A_20160705T164322_R126_T20WMC_20210212T014633,2016-07-05,0.0,66564,['2017-07-25']
960,69.63592815,-65.38761082,S2A_MSIL2A_20180417T160901_R140_T20WMC_20201012T232116,2018-04-17,0.0,66564,['2017-07-25']
960,69.63592815,-65.38761082,S2B_MSIL2A_20210529T161829_R040_T20WMC_20210530T003428,2021-05-29,0.0,66564,['2017-07-25']
960,69.63592815,-65.38761082,S2B_MSIL2A_20230505T163839_R126_T19WFT_20230506T073804,2023-05-05,0.0,66564,['2017-07-25']
961,69.63727185,-65.45340191,S2B_MSIL2A_20250511T162829_R083_T20WMC_20250511T202800,2025-05-11,0.0,66564,['2017-07-25']
961,69.63727185,-65.45340191,S2A_MSIL2A_20230917T163931_R126_T20WMC_20241026T181756,2023-09-17,0.0,66564,['2017-07-25']
961,69.63727185,-65.45340191,S2A_MSIL2A_20240901T163901_R126_T20WMC_20240901T232646,2024-09-01,0.0,66564,['2017-07-25']
961,69.63727185,-65.45340191,S2A_MSIL2A_20230219T164331_R126_T20WMC_20230221T095834,2023-02-19,0.16,66460,['2017-07-25']
961,69.63727185,-65.45340191,S2B_MSIL2A_20180217T163329_R083_T20WMC_20201013T223027,2018-02-17,6.95,62012,['2017-07-25']
962,69.61435874,-65.45722062,S2B_MSIL2A_20250511T162829_R083_T20WMC_20250511T202800,2025-05-11,0.0,66564,['2017-07-25']
962,69.61435874,-65.45722062,S2A_MSIL2A_20200402T162851_R083_T19WFT_20200924T165434,2020-04-02,0.0,66564,['2017-07-25']
962,69.61435874,-65.45722062,S2A_MSIL2A_20210808T163901_R126_T20WMC_20210809T022408,2021-08-08,0.0,66564,['2017-07-25']
962,69.61435874,-65.45722062,S2B_MSIL2A_20180819T163829_R126_T20WMC_20201011T041231,2018-08-19,0.0,66564,['2017-07-25']
962,69.61435874,-65.45722062,S2B_MSIL2A_20180217T163329_R083_T19WFT_20201013T223029,2018-02-17,0.9,65972,['2017-07-25']
963,69.59144547,-65.46103056,S2A_MSIL2A_20180417T160901_R140_T20WMC_20201012T232116,2018-04-17,0.0,66564,['2017-07-25']
963,69.59144547,-65.46103056,S2A_MSIL2A_20160801T163332_R083_T19WFT_20210212T101117,2016-08-01,0.0,66564,['2017-07-25']
963,69.59144547,-65.46103056,S2A_MSIL2A_20220306T164151_R126_T19WFT_20220307T033138,2022-03-06,0.0,66564,['2017-07-25']
963,69.59144547,-65.46103056,S2C_MSIL2A_20250831T161921_R040_T19WFT_20250831T195215,2025-08-31,0.0,66564,['2017-07-25']
963,69.59144547,-65.46103056,S2B_MSIL2A_20241013T163139_R083_T20WMC_20241013T185801,2024-10-13,0.05,66532,['2017-07-25']
964,76.38516667,-77.40516667,S2A_MSIL2A_20240706T182921_R027_T18XVK_20240707T014629,2024-07-06,0.0,63044,['2017-07-19']
964,76.38516667,-77.40516667,S2B_MSIL2A_20221004T181209_R084_T17XNE_20240801T213944,2022-10-04,0.59,34040,['2017-07-19']
965,76.38421203,-77.50249893,S2B_MSIL2A_20190702T180929_R084_T18XVK_20201005T082635,2019-07-02,0.0,62340,['2017-07-19']
965,76.38421203,-77.50249893,S2B_MSIL2A_20210607T182919_R027_T18XVK_20210610T091713,2021-06-07,0.0,66556,['2017-07-19']
965,76.38421203,-77.50249893,S2B_MSIL2A_20180727T180919_R084_T18XVK_20201011T204847,2018-07-27,0.05,66228,['2017-07-19']
965,76.38421203,-77.50249893,S2B_MSIL2A_20190923T182059_R127_T17XNE_20201004T163119,2019-09-23,0.42,66288,['2017-07-19']
965,76.38421203,-77.50249893,S2B_MSIL2A_20201008T175139_R141_T18XVK_20201010T101245,2020-10-08,9.56,60212,['2017-07-19']
966,78.32388333,-74.081,S2A_MSIL2A_20210604T190911_R056_T18XWM_20210605T132927,2021-06-04,0.0,66564,['2017-07-25']
966,78.32388333,-74.081,S2A_MSIL2A_20190907T184921_R113_T18XWN_20201004T102159,2019-09-07,0.0,66552,['2017-07-25']
966,78.32388333,-74.081,S2A_MSIL2A_20210805T180921_R084_T18XWN_20210806T042309,2021-08-05,0.0,66492,['2017-07-25']
966,78.32388333,-74.081,S2B_MSIL2A_20220825T180919_R084_T18XWN_20240708T052539,2022-08-25,0.07,61268,['2017-07-25']
966,78.32388333,-74.081,S2A_MSIL2A_20220409T175911_R041_T18XWN_20240528T115117,2022-04-09,0.48,40136,['2017-07-25']
968,78.30056609,-73.96970081,S2B_MSIL2A_20180717T180919_R084_T18XWN_20201011T170121,2018-07-17,0.0,65216,['2017-07-25']
968,78.30056609,-73.96970081,S2B_MSIL2A_20200625T183919_R070_T18XWN_20200918T210123,2020-06-25,0.0,66496,['2017-07-25']
968,78.30056609,-73.96970081,S2B_MSIL2A_20250718T190919_R056_T18XWM_20250718T224037,2025-07-18,0.0,65000,['2017-07-25']
968,78.30056609,-73.96970081,S2A_MSIL2A_20220716T185931_R013_T18XWN_20220717T092637,2022-07-16,0.0,59836,['2017-07-25']
971,77.75744401,-76.60780409,S2A_MSIL2A_20210709T181921_R127_T18XVM_20210710T103928,2021-07-09,0.0,66564,['2017-07-24']
971,77.75744401,-76.60780409,S2B_MSIL2A_20221001T180149_R041_T17XNG_20221002T170513,2022-10-01,2.06,49448,['2017-07-24']
972,77.75805186,-76.49969531,S2C_MSIL2A_20250725T180941_R084_T18XVM_20250725T225215,2025-07-25,0.0,63272,['2017-07-24']
972,77.75805186,-76.49969531,S2A_MSIL2A_20160709T175912_R041_T17XNG_20210212T030059,2016-07-09,0.0,66564,['2017-07-24']
972,77.75805186,-76.49969531,S2B_MSIL2A_20230414T184919_R113_T17XNG_20240809T115400,2023-04-14,0.0,37396,['2017-07-24']
972,77.75805186,-76.49969531,S2B_MSIL2A_20210607T182919_R027_T17XNG_20210610T092344,2021-06-07,0.0,64016,['2017-07-24']
973,77.75861743,-76.39157608,S2B_MSIL2A_20210607T182919_R027_T17XNG_20210610T092344,2021-06-07,0.0,54180,['2017-07-24']
973,77.75861743,-76.39157608,S2A_MSIL2A_20200727T182921_R027_T18XVM_20200817T181805,2020-07-27,0.0,37980,['2017-07-24']
973,77.75861743,-76.39157608,S2B_MSIL2A_20220726T180919_R084_T18XVM_20240717T084955,2022-07-26,0.0,42940,['2017-07-24']
973,77.75861743,-76.39157608,S2B_MSIL2A_20240728T181919_R127_T18XVM_20240728T204343,2024-07-28,0.0,66552,['2017-07-24']
973,77.75861743,-76.39157608,S2A_MSIL2A_20170511T181921_R127_T18XVM_20210209T144755,2017-05-11,0.02,66548,['2017-07-24']
976,63.72815348,-68.48560308,S2A_MSIL2A_20221013T161231_R140_T19VEL_20221014T010448,2022-10-13,0.01,49944,"['2019-08-20', '2020-08-22']"
976,63.72815348,-68.48560308,S2A_MSIL2A_20200715T160911_R140_T19VEL_20200912T040748,2020-07-15,0.09,49072,"['2019-08-20', '2020-08-22']"
976,63.72815348,-68.48560308,S2A_MSIL2A_20170701T161341_R140_T19VEL_20210210T032447,2017-07-01,0.31,49616,"['2019-08-20', '2020-08-22']"
976,63.72815348,-68.48560308,S2B_MSIL2A_20180711T160829_R140_T19VEL_20201011T144423,2018-07-11,0.43,48432,"['2019-08-20', '2020-08-22']"
977,63.72832911,-68.53743706,S2A_MSIL2A_20220622T155921_R097_T19VEL_20240630T142336,2022-06-22,0.0,38852,['2020-08-22']
977,63.72832911,-68.53743706,S2A_MSIL2A_20220923T161001_R140_T19VEL_20220924T182330,2022-09-23,0.0,40540,['2020-08-22']
977,63.72832911,-68.53743706,S2B_MSIL2A_20190729T161839_R040_T19VEL_20201005T194703,2019-07-29,0.2,40968,['2020-08-22']
979,63.76244395,-68.68754637,S2B_MSIL2A_20170729T161859_R040_T19VEL_20210210T163055,2017-07-29,0.01,34708,['2020-08-22']
979,63.76244395,-68.68754637,S2B_MSIL2A_20181019T161249_R140_T19VEL_20201009T131844,2018-10-19,13.23,33768,['2020-08-22']
980,63.71659881,-68.739867,S2B_MSIL2A_20230916T161829_R040_T19VEL_20241105T194748,2023-09-16,0.0,56268,['2020-08-22']
980,63.71659881,-68.739867,S2A_MSIL2A_20220811T155921_R097_T19VEL_20220812T111838,2022-08-11,0.0,54312,['2020-08-22']
980,63.71659881,-68.739867,S2B_MSIL2A_20210831T155819_R097_T19VEL_20210901T044135,2021-08-31,0.0,56860,['2020-08-22']
984,63.74678109,-68.62308403,S2B_MSIL2A_20220627T155829_R097_T19VEL_20220628T045107,2022-06-27,0.0,47408,['2019-08-12']
1043,38.31613,-123.0705,S2B_MSIL2A_20250324T184929_R113_T10SDH_20250324T234142,2025-03-24,0.0,33284,['2022-06-18']
1043,38.31613,-123.0705,S2C_MSIL2A_20260324T185031_R113_T10SDH_20260324T215217,2026-03-24,0.0,33780,['2022-06-18']
1043,38.31613,-123.0705,S2B_MSIL2A_20240401T185929_R013_T10SDH_20240402T014927,2024-04-01,0.09,33188,['2022-06-18']
1043,38.31613,-123.0705,S2C_MSIL2A_20250915T185031_R113_T10SDH_20250916T012207,2025-09-15,0.18,34688,['2022-06-18']
1043,38.31613,-123.0705,S2A_MSIL2A_20201014T190351_R013_T10SDH_20201019T004416,2020-10-14,0.31,34804,['2022-06-18']
1044,38.33920172,-123.0705224,S2B_MSIL2A_20250923T190019_R013_T10SDH_20250923T225749,2025-09-23,0.0,38128,"['2022-06-18', '2023-03-25']"
1044,38.33920172,-123.0705224,S2A_MSIL2A_20231006T185241_R113_T10SDH_20231007T022423,2023-10-06,0.01,38848,"['2022-06-18', '2023-03-25']"
1044,38.33920172,-123.0705224,S2B_MSIL2A_20211210T185759_R113_T10SDH_20211211T005143,2021-12-10,0.03,37192,"['2022-06-18', '2023-03-25']"
1044,38.33920172,-123.0705224,S2B_MSIL2A_20180709T185019_R113_T10SDH_20201011T135729,2018-07-09,0.57,37964,"['2022-06-18', '2023-03-25']"
1044,38.33920172,-123.0705224,S2B_MSIL2A_20181206T185749_R113_T10SDH_20201008T080035,2018-12-06,0.6,38560,"['2022-06-18', '2023-03-25']"
1087,25.7111,-80.1436,S2C_MSIL2A_20251031T160521_R054_T17RNJ_20251031T185919,2025-10-31,0.06,52868,['2018-11-07']
1087,25.7111,-80.1436,S2A_MSIL2A_20221007T160521_R054_T17RNJ_20221008T072013,2022-10-07,0.07,52836,['2018-11-07']
1087,25.7111,-80.1436,S2B_MSIL2A_20260404T160509_R054_T17RNJ_20260404T210418,2026-04-04,0.23,52868,['2018-11-07']
1087,25.7111,-80.1436,S2B_MSIL2A_20231017T160509_R054_T17RNJ_20241020T172838,2023-10-17,0.24,52392,['2018-11-07']
1087,25.7111,-80.1436,S2A_MSIL2A_20230125T160511_R054_T17RNJ_20240807T063957,2023-01-25,0.29,52972,['2018-11-07']
1088,25.73421473,-80.14343443,S2A_MSIL2A_20220410T160511_R054_T17RNJ_20220411T180911,2022-04-10,0.12,51312,['2018-11-07']
1088,25.73421473,-80.14343443,S2A_MSIL2A_20221206T160511_R054_T17RNJ_20221207T175448,2022-12-06,0.26,51392,['2018-11-07']
1088,25.73421473,-80.14343443,S2B_MSIL2A_20170928T160459_R054_T17RNJ_20210202T112318,2017-09-28,0.62,51152,['2018-11-07']
1088,25.73421473,-80.14343443,S2B_MSIL2A_20201231T160509_R054_T17RNJ_20210101T135331,2020-12-31,0.9,51056,['2018-11-07']
1088,25.73421473,-80.14343443,S2B_MSIL2A_20210209T160509_R054_T17RNJ_20210211T180159,2021-02-09,1.15,50900,['2018-11-07']
1104,25.10643,-80.43448,S2A_MSIL2A_20240509T160511_R054_T17RNH_20240509T233844,2024-05-09,0.0,35688,['2017-10-23']
1104,25.10643,-80.43448,S2A_MSIL2A_20230326T160511_R054_T17RNH_20230327T000753,2023-03-26,0.0,35852,['2017-10-23']
1104,25.10643,-80.43448,S2B_MSIL2A_20251115T160509_R054_T17RNH_20251115T205327,2025-11-15,0.0,35964,['2017-10-23']
1104,25.10643,-80.43448,S2B_MSIL2A_20240812T160519_R054_T17RNH_20240812T194800,2024-08-12,0.01,35648,['2017-10-23']
1104,25.10643,-80.43448,S2A_MSIL2A_20201126T160511_R054_T17RNH_20201127T143239,2020-11-26,9.66,35772,['2017-10-23']
1116,24.97153326,-80.51693746,S2B_MSIL2A_20210510T160509_R054_T17RNH_20210511T142410,2021-05-10,0.0,66564,['2022-06-14']
1116,24.97153326,-80.51693746,S2C_MSIL2A_20251021T160521_R054_T17RNH_20251021T185420,2025-10-21,0.0,66564,['2022-06-14']
1116,24.97153326,-80.51693746,S2A_MSIL2A_20170804T160511_R054_T17RNH_20210210T192010,2017-08-04,0.0,66564,['2022-06-14']
1116,24.97153326,-80.51693746,S2B_MSIL2A_20190302T160509_R054_T17RNH_20201030T092543,2019-03-02,0.0,66564,['2022-06-14']
1116,24.97153326,-80.51693746,S2B_MSIL2A_20240214T160509_R054_T17RNH_20240214T214827,2024-02-14,0.0,66564,['2022-06-14']
1119,25.9733,-81.7275,S2A_MSIL2A_20230508T155901_R097_T17RMJ_20230509T021746,2023-05-08,0.0,38184,['2022-11-24']
1119,25.9733,-81.7275,S2B_MSIL2A_20201124T160609_R097_T17RMJ_20201125T190749,2020-11-24,2.34,40940,['2022-11-24']
1119,25.9733,-81.7275,S2B_MSIL2A_20220118T160559_R097_T17RMJ_20220119T155146,2022-01-18,2.41,41376,['2022-11-24']
1119,25.9733,-81.7275,S2A_MSIL2A_20180414T155901_R097_T17RMJ_20201012T221011,2018-04-14,2.99,40292,['2022-11-24']
1119,25.9733,-81.7275,S2A_MSIL2A_20161230T160652_R097_T17RMJ_20210214T015409,2016-12-30,3.22,40392,['2022-11-24']
1126,26.28661,-81.85153,S2A_MSIL2A_20160414T155922_R097_T17RMK_20210211T035604,2016-04-14,0.0,66564,['2020-12-09']
1126,26.28661,-81.85153,S2A_MSIL2A_20200801T155911_R097_T17RMK_20200815T175024,2020-08-01,0.0,66564,['2020-12-09']
1126,26.28661,-81.85153,S2B_MSIL2A_20231020T160209_R097_T17RMK_20241108T002628,2023-10-20,0.0,66564,['2020-12-09']
1126,26.28661,-81.85153,S2A_MSIL2A_20181110T160501_R097_T17RMK_20201008T172904,2018-11-10,0.0,66564,['2020-12-09']
1126,26.28661,-81.85153,S2B_MSIL2A_20200508T155819_R097_T17RMK_20200921T020151,2020-05-08,0.15,66468,['2020-12-09']
1128,26.263497,-81.85136133,S2B_MSIL2A_20231020T160209_R097_T17RMK_20241108T002628,2023-10-20,0.0,66564,['2020-12-09']
1128,26.263497,-81.85136133,S2B_MSIL2A_20251228T160559_R097_T17RMK_20251228T210144,2025-12-28,0.0,66564,['2020-12-09']
1128,26.263497,-81.85136133,S2C_MSIL2A_20250226T160251_R097_T17RMK_20250226T192212,2025-02-26,0.0,66564,['2020-12-09']
1128,26.263497,-81.85136133,S2B_MSIL2A_20180916T155859_R097_T17RMK_20201009T015128,2018-09-16,0.0,66564,['2020-12-09']
1128,26.263497,-81.85136133,S2A_MSIL2A_20170926T160021_R097_T17RMK_20210202T100824,2017-09-26,0.0,66564,['2020-12-09']
1132,26.3901,-81.8795,S2B_MSIL2A_20220518T155819_R097_T17RMK_20220520T121206,2022-05-18,0.22,44976,['2019-10-26']
1132,26.3901,-81.8795,S2C_MSIL2A_20250226T160251_R097_T17RMK_20250226T192212,2025-02-26,1.8,47552,['2019-10-26']
1132,26.3901,-81.8795,S2B_MSIL2A_20230722T155829_R097_T17RMK_20230722T235627,2023-07-22,3.17,45224,['2019-10-26']
1132,26.3901,-81.8795,S2A_MSIL2A_20181110T160501_R097_T17RMK_20201008T172904,2018-11-10,4.49,44236,['2019-10-26']
1132,26.3901,-81.8795,S2B_MSIL2A_20211109T160459_R097_T17RMK_20211110T022957,2021-11-09,4.96,43612,['2019-10-26']
1134,26.43380428,-81.99129142,S2A_MSIL2A_20200304T160131_R097_T17RLK_20201101T170705,2020-03-04,0.0,66564,['2018-09-26']
1134,26.43380428,-81.99129142,S2B_MSIL2A_20241213T160559_R097_T17RLK_20241213T200052,2024-12-13,0.0,66564,['2018-09-26']
1134,26.43380428,-81.99129142,S2B_MSIL2A_20240815T155819_R097_T17RLK_20240815T202258,2024-08-15,0.0,66564,['2018-09-26']
1134,26.43380428,-81.99129142,S2A_MSIL2A_20180305T160131_R097_T17RLK_20201013T065315,2018-03-05,0.0,66564,['2018-09-26']
1134,26.43380428,-81.99129142,S2A_MSIL2A_20220712T155921_R097_T17RLK_20220714T004636,2022-07-12,0.0,66564,['2018-09-26']
1138,26.3878,-81.97891,S2A_MSIL2A_20220304T160151_R097_T17RLK_20240528T224642,2022-03-04,0.0,66564,['2019-11-20']
1138,26.3878,-81.97891,S2A_MSIL2A_20210428T155901_R097_T17RMK_20210429T114127,2021-04-28,0.0,66564,['2019-11-20']
1138,26.3878,-81.97891,S2B_MSIL2A_20241123T160509_R097_T17RMK_20241123T202829,2024-11-23,0.0,66564,['2019-11-20']
1138,26.3878,-81.97891,S2B_MSIL2A_20241004T160029_R097_T17RLK_20241004T212302,2024-10-04,0.0,66564,['2019-11-20']
1138,26.3878,-81.97891,S2B_MSIL2A_20171210T160639_R097_T17RMK_20201014T131725,2017-12-10,0.0,66564,['2019-11-20']
1139,26.36451052,-82.00437124,S2C_MSIL2A_20260221T160301_R097_T17RLK_20260221T192217,2026-02-21,0.0,66564,['2019-11-20']
1139,26.36451052,-82.00437124,S2A_MSIL2A_20170310T160041_R097_T17RLK_20210208T212028,2017-03-10,0.0,66564,['2019-11-20']
1139,26.36451052,-82.00437124,S2B_MSIL2A_20230222T160249_R097_T17RLK_20230223T115256,2023-02-22,0.0,66564,['2019-11-20']
1139,26.36451052,-82.00437124,S2B_MSIL2A_20250502T155819_R097_T17RLK_20250502T211036,2025-05-02,0.0,66564,['2019-11-20']
1139,26.36451052,-82.00437124,S2B_MSIL2A_20180817T155819_R097_T17RLK_20201011T031434,2018-08-17,0.0,66564,['2019-11-20']
1140,26.36468815,-81.97871524,S2B_MSIL2A_20220806T155829_R097_T17RLK_20220807T204734,2022-08-06,0.0,66564,['2019-11-20']
1140,26.36468815,-81.97871524,S2B_MSIL2A_20240417T155819_R097_T17RLK_20240417T231836,2024-04-17,0.0,66564,['2019-11-20']
1140,26.36468815,-81.97871524,S2A_MSIL2A_20161001T160052_R097_T17RLK_20210213T062946,2016-10-01,0.0,66564,['2019-11-20']
1140,26.36468815,-81.97871524,S2B_MSIL2A_20260117T160509_R097_T17RLK_20260117T195809,2026-01-17,0.0,66564,['2019-11-20']
1140,26.36468815,-81.97871524,S2A_MSIL2A_20221219T160701_R097_T17RMK_20221220T120549,2022-12-19,0.0,66564,['2019-11-20']
1141,26.36486119,-81.95305901,S2B_MSIL2A_20231219T160659_R097_T17RLK_20231222T001352,2023-12-19,0.0,66564,['2019-11-20']
1141,26.36486119,-81.95305901,S2B_MSIL2A_20180916T155859_R097_T17RLK_20201009T015123,2018-09-16,0.0,66564,['2019-11-20']
1141,26.36486119,-81.95305901,S2A_MSIL2A_20240721T155901_R097_T17RLK_20240722T005347,2024-07-21,0.0,66564,['2019-11-20']
1141,26.36486119,-81.95305901,S2B_MSIL2A_20210811T155819_R097_T17RLK_20210812T040634,2021-08-11,0.0,66564,['2019-11-20']
1141,26.36486119,-81.95305901,S2B_MSIL2A_20250112T160529_R097_T17RMK_20250112T210836,2025-01-12,0.01,66560,['2019-11-20']
1142,26.38797322,-81.95324866,S2A_MSIL2A_20161120T160552_R097_T17RLK_20210414T172327,2016-11-20,0.0,66564,['2019-11-20']
1142,26.38797322,-81.95324866,S2B_MSIL2A_20180218T160309_R097_T17RLK_20201013T225422,2018-02-18,0.0,66564,['2019-11-20']
1142,26.38797322,-81.95324866,S2A_MSIL2A_20220930T160051_R097_T17RMK_20240726T095241,2022-09-30,0.0,66564,['2019-11-20']
1142,26.38797322,-81.95324866,S2A_MSIL2A_20230806T155911_R097_T17RMK_20230807T021741,2023-08-06,0.0,66564,['2019-11-20']
1142,26.38797322,-81.95324866,S2A_MSIL2A_20210528T155901_R097_T17RLK_20210529T045824,2021-05-28,0.0,66564,['2019-11-20']
1144,26.3141,-82.00202,S2A_MSIL2A_20160214T160352_R097_T17RLK_20210528T063443,2016-02-14,0.0,66560,['2019-11-20']
1144,26.3141,-82.00202,S2C_MSIL2A_20260221T160301_R097_T17RLK_20260221T192217,2026-02-21,0.0,66564,['2019-11-20']
1144,26.3141,-82.00202,S2B_MSIL2A_20190901T155829_R097_T17RLK_20201004T081125,2019-09-01,0.0,66564,['2019-11-20']
1144,26.3141,-82.00202,S2A_MSIL2A_20240701T160031_R097_T17RLK_20240702T012619,2024-07-01,0.0,66564,['2019-11-20']
1144,26.3141,-82.00202,S2B_MSIL2A_20190114T160619_R097_T17RMK_20201008T013618,2019-01-14,0.0,34056,['2019-11-20']
1145,26.33721185,-82.00221895,S2B_MSIL2A_20210314T155929_R097_T17RLK_20210315T193904,2021-03-14,0.0,66564,['2019-11-20']
1145,26.33721185,-82.00221895,S2A_MSIL2A_20240909T155901_R097_T17RLK_20240909T230449,2024-09-09,0.0,66564,['2019-11-20']
1145,26.33721185,-82.00221895,S2B_MSIL2A_20211109T160459_R097_T17RLK_20211110T021037,2021-11-09,0.0,66564,['2019-11-20']
1145,26.33721185,-82.00221895,S2B_MSIL2A_20250112T160529_R097_T17RMK_20250112T210836,2025-01-12,0.0,34056,['2019-11-20']
1145,26.33721185,-82.00221895,S2C_MSIL2A_20250427T155921_R097_T17RMK_20250427T205612,2025-04-27,0.0,34056,['2019-11-20']
1146,26.33703018,-82.02786871,S2A_MSIL2A_20200801T155911_R097_T17RLK_20200815T175016,2020-08-01,0.0,66564,['2019-11-20']
1146,26.33703018,-82.02786871,S2A_MSIL2A_20161110T160502_R097_T17RLK_20210414T034146,2016-11-10,0.0,66564,['2019-11-20']
1146,26.33703018,-82.02786871,S2B_MSIL2A_20201104T160439_R097_T17RLK_20201106T105557,2020-11-04,0.0,66564,['2019-11-20']
1146,26.33703018,-82.02786871,S2C_MSIL2A_20250226T160251_R097_T17RLK_20250226T192212,2025-02-26,0.0,66564,['2019-11-20']
1146,26.33703018,-82.02786871,S2B_MSIL2A_20210712T155819_R097_T17RLK_20210713T093405,2021-07-12,0.0,66564,['2019-11-20']
1147,26.31391851,-82.02766466,S2B_MSIL2A_20241024T160239_R097_T17RLK_20241024T213906,2024-10-24,0.0,66564,['2019-11-20']
1147,26.31391851,-82.02766466,S2A_MSIL2A_20230418T155821_R097_T17RLK_20240906T005219,2023-04-18,0.0,66564,['2019-11-20']
1147,26.31391851,-82.02766466,S2A_MSIL2A_20160822T155902_R097_T17RLK_20210212T165915,2016-08-22,0.0,66564,['2019-11-20']
1147,26.31391851,-82.02766466,S2B_MSIL2A_20220428T155819_R097_T17RLK_20220713T223642,2022-04-28,0.0,66564,['2019-11-20']
1147,26.31391851,-82.02766466,S2A_MSIL2A_20190728T155911_R097_T17RLK_20201106T040318,2019-07-28,0.0,66564,['2019-11-20']
1148,26.33738893,-81.97656896,S2A_MSIL2A_20201219T160701_R097_T17RLK_20201220T172045,2020-12-19,0.0,66564,['2019-11-20']
1148,26.33738893,-81.97656896,S2A_MSIL2A_20230627T155821_R097_T17RLK_20230628T022813,2023-06-27,0.0,66564,['2019-11-20']
1148,26.33738893,-81.97656896,S2B_MSIL2A_20241123T160509_R097_T17RMK_20241123T202829,2024-11-23,0.0,66564,['2019-11-20']
1148,26.33738893,-81.97656896,S2C_MSIL2A_20251024T160341_R097_T17RLK_20251024T191119,2025-10-24,0.0,66564,['2019-11-20']
1148,26.33738893,-81.97656896,S2B_MSIL2A_20211010T160109_R097_T17RLK_20211011T020558,2021-10-10,0.0,66564,['2019-11-20']
1153,26.94118,-82.06233,S2A_MSIL2A_20220712T155921_R097_T17RLK_20220714T004636,2022-07-12,0.1,57656,['2021-04-18']
1153,26.94118,-82.06233,S2A_MSIL2A_20161110T160502_R097_T17RLK_20210414T034146,2016-11-10,0.63,57880,['2021-04-18']
1153,26.94118,-82.06233,S2A_MSIL2A_20210925T160021_R097_T17RLK_20210926T163159,2021-09-25,1.62,57448,['2021-04-18']
1153,26.94118,-82.06233,S2A_MSIL2A_20230518T155901_R097_T17RLK_20230519T015659,2023-05-18,1.78,56504,['2021-04-18']
1153,26.94118,-82.06233,S2A_MSIL2A_20180623T155901_R097_T17RLK_20201012T012652,2018-06-23,2.19,57232,['2021-04-18']
1154,26.96448136,-82.03675673,S2A_MSIL2A_20240412T155901_R097_T17RLK_20240413T001336,2024-04-12,0.0,43184,['2021-04-18']
1154,26.96448136,-82.03675673,S2B_MSIL2A_20240527T155819_R097_T17RLK_20240527T222100,2024-05-27,0.0,42924,['2021-04-18']
1154,26.96448136,-82.03675673,S2B_MSIL2A_20250502T155819_R097_T17RLK_20250502T211036,2025-05-02,0.11,43276,['2021-04-18']
1154,26.96448136,-82.03675673,S2B_MSIL2A_20230222T160249_R097_T17RLK_20230223T115256,2023-02-22,1.89,43252,['2021-04-18']
1154,26.96448136,-82.03675673,S2B_MSIL2A_20210801T155819_R097_T17RLK_20210802T072319,2021-08-01,3.53,42288,['2021-04-18']
1156,26.62204049,-82.06259358,S2C_MSIL2A_20251014T160241_R097_T17RLK_20251014T191613,2025-10-14,0.0,41668,['2018-01-09']
1156,26.62204049,-82.06259358,S2B_MSIL2A_20240207T160429_R097_T17RLK_20240207T220711,2024-02-07,0.0,41624,['2018-01-09']
1156,26.62204049,-82.06259358,S2B_MSIL2A_20190424T155829_R097_T17RLK_20201105T173333,2019-04-24,0.75,40724,['2018-01-09']
1156,26.62204049,-82.06259358,S2A_MSIL2A_20190926T160021_R097_T17RLK_20201004T171725,2019-09-26,0.94,40748,['2018-01-09']
1156,26.62204049,-82.06259358,S2A_MSIL2A_20201209T160641_R097_T17RLK_20210105T205635,2020-12-09,0.96,41228,['2018-01-09']
1158,26.64811031,-82.0744162,S2C_MSIL2A_20260221T160301_R097_T17RLK_20260221T192217,2026-02-21,0.0,43692,['2018-01-09']
1158,26.64811031,-82.0744162,S2A_MSIL2A_20230207T160431_R097_T17RLK_20230208T154903,2023-02-07,0.01,46524,['2018-01-09']
1158,26.64811031,-82.0744162,S2C_MSIL2A_20250318T160021_R097_T17RLK_20250318T212400,2025-03-18,0.07,43716,['2018-01-09']
1158,26.64811031,-82.0744162,S2B_MSIL2A_20231219T160659_R097_T17RLK_20231222T001352,2023-12-19,0.53,43688,['2018-01-09']
1158,26.64811031,-82.0744162,S2B_MSIL2A_20191120T160549_R097_T17RLK_20201003T182645,2019-11-20,0.85,42352,['2018-01-09']
1180,26.4887,-82.1073,S2B_MSIL2A_20240815T155819_R097_T17RLK_20240815T202258,2024-08-15,0.0,57256,"['2018-08-22', '2019-10-26', '2020-12-09']"
1180,26.4887,-82.1073,S2B_MSIL2A_20221025T160339_R097_T17RLK_20240724T153558,2022-10-25,0.0,58548,"['2018-08-22', '2019-10-26', '2020-12-09']"
1180,26.4887,-82.1073,S2B_MSIL2A_20220518T155819_R097_T17RLK_20220520T110426,2022-05-18,0.0,56240,"['2018-08-22', '2019-10-26', '2020-12-09']"
1180,26.4887,-82.1073,S2A_MSIL2A_20160214T160352_R097_T17RLK_20210528T063443,2016-02-14,0.02,55244,"['2018-08-22', '2019-10-26', '2020-12-09']"
1180,26.4887,-82.1073,S2A_MSIL2A_20230207T160431_R097_T17RLK_20230208T154903,2023-02-07,0.07,57952,"['2018-08-22', '2019-10-26', '2020-12-09']"
1181,26.5118105,-82.10752154,S2B_MSIL2A_20250820T155819_R097_T17RLK_20250820T211624,2025-08-20,0.0,51384,"['2018-08-22', '2020-12-09']"
1181,26.5118105,-82.10752154,S2C_MSIL2A_20260221T160301_R097_T17RLK_20260221T192217,2026-02-21,0.02,51700,"['2018-08-22', '2020-12-09']"
1181,26.5118105,-82.10752154,S2A_MSIL2A_20220712T155921_R097_T17RLK_20220714T004636,2022-07-12,0.23,49096,"['2018-08-22', '2020-12-09']"
1181,26.5118105,-82.10752154,S2A_MSIL2A_20161110T160502_R097_T17RLK_20210414T034146,2016-11-10,0.29,49076,"['2018-08-22', '2020-12-09']"
1181,26.5118105,-82.10752154,S2A_MSIL2A_20200203T160451_R097_T17RLK_20200930T153523,2020-02-03,0.52,49616,"['2018-08-22', '2020-12-09']"
1187,26.46578615,-82.08140119,S2B_MSIL2A_20220329T155819_R097_T17RLK_20220330T043156,2022-03-29,0.0,61068,"['2019-10-26', '2020-12-09']"
1187,26.46578615,-82.08140119,S2A_MSIL2A_20160802T155912_R097_T17RLK_20210212T102714,2016-08-02,0.01,60808,"['2019-10-26', '2020-12-09']"
1187,26.46578615,-82.08140119,S2B_MSIL2A_20190325T155909_R097_T17RLK_20201007T104120,2019-03-25,0.02,61044,"['2019-10-26', '2020-12-09']"
1187,26.46578615,-82.08140119,S2B_MSIL2A_20200627T155829_R097_T17RLK_20200824T090551,2020-06-27,0.02,61076,"['2019-10-26', '2020-12-09']"
1187,26.46578615,-82.08140119,S2B_MSIL2A_20171031T160359_R097_T17RLK_20201015T033024,2017-10-31,0.08,61152,"['2019-10-26', '2020-12-09']"
1188,26.48889692,-82.08161734,S2B_MSIL2A_20240726T155819_R097_T17RLK_20240726T201315,2024-07-26,0.01,39372,"['2019-10-26', '2020-12-09']"
1188,26.48889692,-82.08161734,S2B_MSIL2A_20221005T160119_R097_T17RLK_20221006T091333,2022-10-05,0.02,40072,"['2019-10-26', '2020-12-09']"
1188,26.48889692,-82.08161734,S2A_MSIL2A_20210227T160211_R097_T17RLK_20210228T075312,2021-02-27,0.74,38820,"['2019-10-26', '2020-12-09']"
1188,26.48889692,-82.08161734,S2B_MSIL2A_20211229T160649_R097_T17RLK_20211230T211628,2021-12-29,0.74,38936,"['2019-10-26', '2020-12-09']"
1188,26.48889692,-82.08161734,S2A_MSIL2A_20220712T155921_R097_T17RLK_20220714T004636,2022-07-12,0.85,38096,"['2019-10-26', '2020-12-09']"
1196,26.9119,-82.10845,S2B_MSIL2A_20250502T155819_R097_T17RLK_20250502T211036,2025-05-02,0.0,65592,"['2017-12-10', '2023-05-28']"
1196,26.9119,-82.10845,S2B_MSIL2A_20191110T160459_R097_T17RLK_20201003T151338,2019-11-10,0.05,65704,"['2017-12-10', '2023-05-28']"
1196,26.9119,-82.10845,S2A_MSIL2A_20181031T160411_R097_T17RLK_20201009T170537,2018-10-31,0.05,65800,"['2017-12-10', '2023-05-28']"
1196,26.9119,-82.10845,S2A_MSIL2A_20170310T160041_R097_T17RLK_20210208T212028,2017-03-10,0.05,65784,"['2017-12-10', '2023-05-28']"
1196,26.9119,-82.10845,S2B_MSIL2A_20221025T160339_R097_T17RLK_20240724T153558,2022-10-25,0.06,65744,"['2017-12-10', '2023-05-28']"
1199,26.93520934,-82.0828929,S2A_MSIL2A_20220513T155821_R097_T17RLK_20220516T062203,2022-05-13,0.0,61216,"['2017-12-10', '2021-04-28']"
1199,26.93520934,-82.0828929,S2C_MSIL2A_20250726T155921_R097_T17RLK_20250726T211924,2025-07-26,0.01,61188,"['2017-12-10', '2021-04-28']"
1199,26.93520934,-82.0828929,S2C_MSIL2A_20251014T160241_R097_T17RLK_20251014T191613,2025-10-14,0.02,61368,"['2017-12-10', '2021-04-28']"
1199,26.93520934,-82.0828929,S2A_MSIL2A_20210128T160521_R097_T17RLK_20210129T081603,2021-01-28,0.38,61360,"['2017-12-10', '2021-04-28']"
1199,26.93520934,-82.0828929,S2A_MSIL2A_20200203T160451_R097_T17RLK_20200930T153523,2020-02-03,0.42,61444,"['2017-12-10', '2021-04-28']"
1203,26.95583223,-82.09306242,S2A_MSIL2A_20230418T155821_R097_T17RLK_20240906T005219,2023-04-18,0.0,38096,['2021-04-28']
1203,26.95583223,-82.09306242,S2A_MSIL2A_20240222T160251_R097_T17RLK_20240222T232202,2024-02-22,0.0,38492,['2021-04-28']
1203,26.95583223,-82.09306242,S2B_MSIL2A_20170703T155909_R097_T17RLK_20210210T042132,2017-07-03,0.74,37440,['2021-04-28']
1203,26.95583223,-82.09306242,S2A_MSIL2A_20200304T160131_R097_T17RLK_20201101T170705,2020-03-04,1.02,37940,['2021-04-28']
1203,26.95583223,-82.09306242,S2A_MSIL2A_20181031T160411_R097_T17RLK_20201009T170537,2018-10-31,1.78,37836,['2021-04-28']
1204,26.59981,-82.13492789,S2B_MSIL2A_20260328T155859_R097_T17RLK_20260328T200110,2026-03-28,0.0,50452,"['2017-11-25', '2023-02-22']"
1204,26.59981,-82.13492789,S2B_MSIL2A_20241123T160509_R097_T17RLK_20241123T202829,2024-11-23,0.02,50612,"['2017-11-25', '2023-02-22']"
1204,26.59981,-82.13492789,S2A_MSIL2A_20161021T160402_R097_T17RLK_20210213T130414,2016-10-21,0.37,49276,"['2017-11-25', '2023-02-22']"
1204,26.59981,-82.13492789,S2A_MSIL2A_20200203T160451_R097_T17RLK_20200930T153523,2020-02-03,0.44,49444,"['2017-11-25', '2023-02-22']"
1204,26.59981,-82.13492789,S2B_MSIL2A_20181205T160639_R097_T17RLK_20201008T074221,2018-12-05,0.49,49104,"['2017-11-25', '2023-02-22']"
1207,26.73229467,-82.1121331,S2B_MSIL2A_20231119T160549_R097_T17RLK_20241019T084741,2023-11-19,0.0,66564,['2021-04-13']
1207,26.73229467,-82.1121331,S2A_MSIL2A_20230508T155901_R097_T17RLK_20230509T022430,2023-05-08,0.0,66564,['2021-04-13']
1207,26.73229467,-82.1121331,S2A_MSIL2A_20230915T155901_R097_T17RLK_20241103T091138,2023-09-15,0.0,66564,['2021-04-13']
1207,26.73229467,-82.1121331,S2A_MSIL2A_20160214T160352_R097_T17RLK_20210528T063443,2016-02-14,0.0,66552,['2021-04-13']
1207,26.73229467,-82.1121331,S2A_MSIL2A_20160514T155912_R097_T17RLK_20210211T111802,2016-05-14,0.0,66564,['2021-04-13']
1208,26.578,-82.13845,S2B_MSIL2A_20181205T160639_R097_T17RLK_20201008T074221,2018-12-05,0.0,66384,['2017-11-25']
1208,26.578,-82.13845,S2A_MSIL2A_20211124T160611_R097_T17RLK_20211125T041110,2021-11-24,0.0,66384,['2017-11-25']
1208,26.578,-82.13845,S2C_MSIL2A_20260221T160301_R097_T17RLK_20260221T192217,2026-02-21,0.0,66488,['2017-11-25']
1208,26.578,-82.13845,S2B_MSIL2A_20220329T155819_R097_T17RLK_20220330T043156,2022-03-29,0.0,66396,['2017-11-25']
1208,26.578,-82.13845,S2A_MSIL2A_20170310T160041_R097_T17RLK_20210208T212028,2017-03-10,0.0,66408,['2017-11-25']
1212,26.7112675,-82.12820494,S2B_MSIL2A_20211229T160649_R097_T17RLK_20211230T211628,2021-12-29,0.0,64328,['2019-10-26']
1212,26.7112675,-82.12820494,S2B_MSIL2A_20210712T155819_R097_T17RLK_20210713T093405,2021-07-12,0.0,63920,['2019-10-26']
1212,26.7112675,-82.12820494,S2A_MSIL2A_20230508T155901_R097_T17RLK_20230509T022430,2023-05-08,0.0,64484,['2019-10-26']
1212,26.7112675,-82.12820494,S2B_MSIL2A_20220617T155829_R097_T17RLK_20240620T025908,2022-06-17,0.0,63816,['2019-10-26']
1212,26.7112675,-82.12820494,S2B_MSIL2A_20250112T160529_R097_T17RLK_20250112T210836,2025-01-12,0.03,64444,['2019-10-26']
1213,26.73437711,-82.12843286,S2B_MSIL2A_20180218T160309_R097_T17RLK_20201013T225422,2018-02-18,0.0,66564,['2019-10-26']
1213,26.73437711,-82.12843286,S2B_MSIL2A_20220518T155819_R097_T17RLK_20220520T110426,2022-05-18,0.0,66564,['2019-10-26']
1213,26.73437711,-82.12843286,S2C_MSIL2A_20250726T155921_R097_T17RLK_20250726T211924,2025-07-26,0.0,66564,['2019-10-26']
1213,26.73437711,-82.12843286,S2B_MSIL2A_20211229T160649_R097_T17RLK_20211230T211628,2021-12-29,0.0,66564,['2019-10-26']
1213,26.73437711,-82.12843286,S2B_MSIL2A_20230222T160249_R097_T17RLK_20230223T115256,2023-02-22,0.0,66564,['2019-10-26']
1216,26.5264,-82.1945,S2B_MSIL2A_20251228T160559_R097_T17RLK_20251228T210144,2025-12-28,0.31,56476,['2018-08-07']
1216,26.5264,-82.1945,S2A_MSIL2A_20161001T160052_R097_T17RLK_20210213T062946,2016-10-01,0.54,55448,['2018-08-07']
1216,26.5264,-82.1945,S2A_MSIL2A_20170926T160021_R097_T17RLK_20210202T100817,2017-09-26,0.76,55396,['2018-08-07']
1216,26.5264,-82.1945,S2B_MSIL2A_20201124T160609_R097_T17RLK_20201125T192103,2020-11-24,0.79,55308,['2018-08-07']
1216,26.5264,-82.1945,S2A_MSIL2A_20160802T155912_R097_T17RLK_20210212T102714,2016-08-02,0.85,54980,['2018-08-07']
1218,26.57654322,-82.22924091,S2B_MSIL2A_20201104T160439_R097_T17RLK_20201106T105557,2020-11-04,0.07,65032,['2018-08-07']
1218,26.57654322,-82.22924091,S2B_MSIL2A_20190524T155829_R097_T17RLK_20201006T175852,2019-05-24,0.16,65012,['2018-08-07']
1218,26.57654322,-82.22924091,S2A_MSIL2A_20181031T160411_R097_T17RLK_20201009T170537,2018-10-31,0.16,64908,['2018-08-07']
1218,26.57654322,-82.22924091,S2A_MSIL2A_20161021T160402_R097_T17RLK_20210213T130414,2016-10-21,0.16,64800,['2018-08-07']
1218,26.57654322,-82.22924091,S2B_MSIL2A_20180509T155859_R097_T17RLK_20201012T075530,2018-05-09,0.18,64640,['2018-08-07']
1219,26.80562,-82.27415,S2A_MSIL2A_20230309T160101_R097_T17RLK_20240823T143703,2023-03-09,0.02,55036,"['2018-07-18', '2018-07-28']"
1219,26.80562,-82.27415,S2A_MSIL2A_20220712T155921_R097_T17RLK_20220714T004636,2022-07-12,0.03,54064,"['2018-07-18', '2018-07-28']"
1219,26.80562,-82.27415,S2B_MSIL2A_20230831T155829_R097_T17RLK_20230831T221651,2023-08-31,0.98,54768,"['2018-07-18', '2018-07-28']"
1219,26.80562,-82.27415,S2A_MSIL2A_20200304T160131_R097_T17RLK_20201101T170705,2020-03-04,2.91,52960,"['2018-07-18', '2018-07-28']"
1219,26.80562,-82.27415,S2A_MSIL2A_20170529T155911_R097_T17RLK_20210209T190257,2017-05-29,3.25,51988,"['2018-07-18', '2018-07-28']"
1220,26.82849371,-82.30016548,S2B_MSIL2A_20220428T155819_R097_T17RLK_20220713T223642,2022-04-28,0.01,60416,"['2018-07-18', '2018-07-28', '2019-11-10']"
1220,26.82849371,-82.30016548,S2C_MSIL2A_20251024T160341_R097_T17RLK_20251024T191119,2025-10-24,0.19,61860,"['2018-07-18', '2018-07-28', '2019-11-10']"
1220,26.82849371,-82.30016548,S2A_MSIL2A_20240412T155901_R097_T17RLK_20240413T001336,2024-04-12,0.34,59804,"['2018-07-18', '2018-07-28', '2019-11-10']"
1220,26.82849371,-82.30016548,S2B_MSIL2A_20190325T155909_R097_T17RLK_20201007T104120,2019-03-25,0.89,59756,"['2018-07-18', '2018-07-28', '2019-11-10']"
1220,26.82849371,-82.30016548,S2B_MSIL2A_20180218T160309_R097_T17RLK_20201013T225422,2018-02-18,1.27,59548,"['2018-07-18', '2018-07-28', '2019-11-10']"
1221,26.78251186,-82.27389186,S2C_MSIL2A_20250924T160021_R097_T17RLK_20250924T212114,2025-09-24,0.0,56812,"['2018-07-18', '2018-07-28']"
1221,26.78251186,-82.27389186,S2B_MSIL2A_20240507T155819_R097_T17RLK_20240507T222607,2024-05-07,0.0,55456,"['2018-07-18', '2018-07-28']"
1221,26.78251186,-82.27389186,S2A_MSIL2A_20230418T155821_R097_T17RLK_20240906T005219,2023-04-18,0.04,55908,"['2018-07-18', '2018-07-28']"
1221,26.78251186,-82.27389186,S2B_MSIL2A_20241004T160029_R097_T17RLK_20241004T212302,2024-10-04,0.38,56284,"['2018-07-18', '2018-07-28']"
1221,26.78251186,-82.27389186,S2A_MSIL2A_20220712T155921_R097_T17RLK_20220714T004636,2022-07-12,0.92,54904,"['2018-07-18', '2018-07-28']"
1227,26.84801729,-82.35037409,S2B_MSIL2A_20210314T155929_R097_T17RLK_20210315T193904,2021-03-14,0.0,66564,['2021-08-21']
1227,26.84801729,-82.35037409,S2B_MSIL2A_20190325T155909_R097_T17RLK_20201007T104120,2019-03-25,0.0,66564,['2021-08-21']
1227,26.84801729,-82.35037409,S2B_MSIL2A_20231219T160659_R097_T17RLK_20231222T001352,2023-12-19,0.0,66544,['2021-08-21']
1227,26.84801729,-82.35037409,S2B_MSIL2A_20231020T160209_R097_T17RLK_20231020T230636,2023-10-20,0.0,66476,['2021-08-21']
1227,26.84801729,-82.35037409,S2B_MSIL2A_20180817T155819_R097_T17RLK_20201011T031434,2018-08-17,0.0,66564,['2021-08-21']
1233,26.9664971,-82.3784835,S2A_MSIL2A_20230806T155911_R097_T17RLK_20230807T021929,2023-08-06,0.0,47252,['2018-07-28']
1233,26.9664971,-82.3784835,S2B_MSIL2A_20220329T155819_R097_T17RLK_20220330T043156,2022-03-29,0.49,46936,['2018-07-28']
1233,26.9664971,-82.3784835,S2A_MSIL2A_20230108T160641_R097_T17RLK_20240812T081749,2023-01-08,0.73,47044,['2018-07-28']
1233,26.9664971,-82.3784835,S2B_MSIL2A_20240527T155819_R097_T17RLK_20240527T222100,2024-05-27,1.04,46932,['2018-07-28']
1233,26.9664971,-82.3784835,S2A_MSIL2A_20181110T160501_R097_T17RLK_20201008T172900,2018-11-10,1.62,46552,['2018-07-28']
1235,26.92028375,-82.37792139,S2B_MSIL2A_20250502T155819_R097_T17RLK_20250502T211036,2025-05-02,0.0,66320,['2018-07-28']
1235,26.92028375,-82.37792139,S2A_MSIL2A_20170926T160021_R097_T17RLK_20210202T100817,2017-09-26,0.03,66384,['2018-07-28']
1235,26.92028375,-82.37792139,S2A_MSIL2A_20190728T155911_R097_T17RLK_20201106T040318,2019-07-28,0.04,66380,['2018-07-28']
1235,26.92028375,-82.37792139,S2B_MSIL2A_20220329T155819_R097_T17RLK_20220330T043156,2022-03-29,0.04,66364,['2018-07-28']
1235,26.92028375,-82.37792139,S2A_MSIL2A_20181031T160411_R097_T17RLK_20201009T170537,2018-10-31,0.05,66372,['2018-07-28']
1239,26.90156307,-82.36161266,S2B_MSIL2A_20240726T155819_R097_T17RLK_20240726T201315,2024-07-26,0.01,64716,['2018-09-16']
1239,26.90156307,-82.36161266,S2B_MSIL2A_20241203T160539_R097_T17RLK_20241203T200858,2024-12-03,0.27,64940,['2018-09-16']
1239,26.90156307,-82.36161266,S2B_MSIL2A_20170703T155909_R097_T17RLK_20210210T042132,2017-07-03,0.6,64340,['2018-09-16']
1239,26.90156307,-82.36161266,S2A_MSIL2A_20210528T155901_R097_T17RLK_20210529T045824,2021-05-28,0.78,64364,['2018-09-16']
1239,26.90156307,-82.36161266,S2A_MSIL2A_20190728T155911_R097_T17RLK_20201106T040318,2019-07-28,0.79,64360,['2018-09-16']
1240,27.01031,-82.41312,S2B_MSIL2A_20220518T155819_R097_T17RLK_20220520T110426,2022-05-18,0.07,40300,['2021-10-10']
1240,27.01031,-82.41312,S2A_MSIL2A_20230108T160641_R097_T17RLK_20240812T081749,2023-01-08,0.17,41012,['2021-10-10']
1240,27.01031,-82.41312,S2A_MSIL2A_20220202T160501_R097_T17RLK_20220513T005023,2022-02-02,0.23,41248,['2021-10-10']
1240,27.01031,-82.41312,S2C_MSIL2A_20250206T160501_R097_T17RLK_20250206T192610,2025-02-06,1.59,41904,['2021-10-10']
1240,27.01031,-82.41312,S2B_MSIL2A_20190623T155829_R097_T17RLK_20201006T053548,2019-06-23,1.87,39764,['2021-10-10']
1246,27.01154408,-82.42769782,S2A_MSIL2A_20220212T160401_R097_T17RLK_20220222T093822,2022-02-12,0.08,64828,['2018-08-17']
1246,27.01154408,-82.42769782,S2C_MSIL2A_20250606T155841_R097_T17RLK_20250606T212214,2025-06-06,0.25,65008,['2018-08-17']
1246,27.01154408,-82.42769782,S2A_MSIL2A_20190926T160021_R097_T17RLK_20201004T171725,2019-09-26,0.25,64656,['2018-08-17']
1246,27.01154408,-82.42769782,S2A_MSIL2A_20240412T155901_R097_T17RLK_20240413T001336,2024-04-12,0.26,64540,['2018-08-17']
1246,27.01154408,-82.42769782,S2A_MSIL2A_20200203T160451_R097_T17RLK_20200930T153523,2020-02-03,0.4,64692,['2018-08-17']
1248,27.12332,-82.47122,S2C_MSIL2A_20250726T155921_R097_T17RLL_20250726T211924,2025-07-26,0.0,40736,"['2021-10-10', '2022-11-19']"
1248,27.12332,-82.47122,S2B_MSIL2A_20171031T160359_R097_T17RLL_20201015T033027,2017-10-31,1.05,40088,"['2021-10-10', '2022-11-19']"
1248,27.12332,-82.47122,S2B_MSIL2A_20191110T160459_R097_T17RLL_20201003T151344,2019-11-10,1.66,39948,"['2021-10-10', '2022-11-19']"
1248,27.12332,-82.47122,S2A_MSIL2A_20220712T155921_R097_T17RLL_20240713T031722,2022-07-12,2.86,39444,"['2021-10-10', '2022-11-19']"
1248,27.12332,-82.47122,S2A_MSIL2A_20160623T160352_R097_T17RLL_20210211T222716,2016-06-23,3.94,38624,"['2021-10-10', '2022-11-19']"
1252,27.28799412,-82.57928038,S2C_MSIL2A_20251113T160531_R097_T17RLL_20251113T194111,2025-11-13,0.0,63924,"['2015-11-16', '2021-10-10']"
1252,27.28799412,-82.57928038,S2B_MSIL2A_20240207T160429_R097_T17RLL_20240207T220723,2024-02-07,0.0,63588,"['2015-11-16', '2021-10-10']"
1252,27.28799412,-82.57928038,S2A_MSIL2A_20170208T160411_R097_T17RLL_20210208T085634,2017-02-08,0.33,63744,"['2015-11-16', '2021-10-10']"
1252,27.28799412,-82.57928038,S2B_MSIL2A_20200228T160119_R097_T17RLL_20200929T020600,2020-02-28,0.68,63776,"['2015-11-16', '2021-10-10']"
1252,27.28799412,-82.57928038,S2C_MSIL2A_20250318T160021_R097_T17RLL_20250318T212400,2025-03-18,1.1,63788,"['2015-11-16', '2021-10-10']"
1253,27.26489064,-82.57895371,S2B_MSIL2A_20250112T160529_R097_T17RLL_20250112T210836,2025-01-12,0.0,65212,['2015-11-16']
1253,27.26489064,-82.57895371,S2B_MSIL2A_20260206T160339_R097_T17RLL_20260206T213114,2026-02-06,0.0,65212,['2015-11-16']
1253,27.26489064,-82.57895371,S2A_MSIL2A_20231104T160431_R097_T17RLL_20231104T224159,2023-11-04,0.65,64896,['2015-11-16']
1253,27.26489064,-82.57895371,S2A_MSIL2A_20200203T160451_R097_T17RLL_20200930T153519,2020-02-03,0.75,65100,['2015-11-16']
1253,27.26489064,-82.57895371,S2A_MSIL2A_20201209T160641_R097_T17RLL_20201210T203640,2020-12-09,0.97,65016,['2015-11-16']
1256,27.3316,-82.5779,S2A_MSIL2A_20230915T155901_R097_T17RLL_20241103T091138,2023-09-15,0.0,50288,"['2018-11-10', '2021-08-01']"
1256,27.3316,-82.5779,S2C_MSIL2A_20260221T160301_R097_T17RLL_20260221T192217,2026-02-21,0.0,51428,"['2018-11-10', '2021-08-01']"
1256,27.3316,-82.5779,S2B_MSIL2A_20250919T155839_R097_T17RLL_20250919T211656,2025-09-19,0.01,50404,"['2018-11-10', '2021-08-01']"
1256,27.3316,-82.5779,S2A_MSIL2A_20180305T160131_R097_T17RLL_20201013T065308,2018-03-05,1.53,49888,"['2018-11-10', '2021-08-01']"
1256,27.3316,-82.5779,S2B_MSIL2A_20171210T160639_R097_T17RLL_20201014T131728,2017-12-10,1.54,49884,"['2018-11-10', '2021-08-01']"
1257,27.35470327,-82.57822738,S2C_MSIL2A_20250417T155921_R097_T17RLL_20250418T083115,2025-04-17,0.0,66564,['2018-11-10']
1257,27.35470327,-82.57822738,S2A_MSIL2A_20181230T160651_R097_T17RLL_20201008T141453,2018-12-30,0.0,66564,['2018-11-10']
1257,27.35470327,-82.57822738,S2B_MSIL2A_20170921T155929_R097_T17RLL_20210202T074140,2017-09-21,0.01,66556,['2018-11-10']
1257,27.35470327,-82.57822738,S2A_MSIL2A_20180504T155911_R097_T17RLL_20201012T054309,2018-05-04,0.02,66548,['2018-11-10']
1257,27.35470327,-82.57822738,S2A_MSIL2A_20210627T155911_R097_T17RLL_20210629T140600,2021-06-27,0.03,66544,['2018-11-10']
1260,27.30849665,-82.57757301,S2C_MSIL2A_20250417T155921_R097_T17RLL_20250418T083115,2025-04-17,0.0,46332,"['2018-11-10', '2021-08-01']"
1260,27.30849665,-82.57757301,S2B_MSIL2A_20260328T155859_R097_T17RLL_20260328T200110,2026-03-28,0.36,46044,"['2018-11-10', '2021-08-01']"
1260,27.30849665,-82.57757301,S2A_MSIL2A_20251215T160711_R097_T17RLL_20251215T193112,2025-12-15,2.53,45812,"['2018-11-10', '2021-08-01']"
1260,27.30849665,-82.57757301,S2A_MSIL2A_20180124T160541_R097_T17RLL_20201014T082104,2018-01-24,3.28,45400,"['2018-11-10', '2021-08-01']"
1260,27.30849665,-82.57757301,S2A_MSIL2A_20220712T155921_R097_T17RLL_20240713T031722,2022-07-12,5.56,44256,"['2018-11-10', '2021-08-01']"
1261,27.30878618,-82.55170919,S2A_MSIL2A_20231104T160431_R097_T17RLL_20231104T224159,2023-11-04,0.0,46888,"['2018-11-10', '2021-08-01']"
1261,27.30878618,-82.55170919,S2B_MSIL2A_20260328T155859_R097_T17RLL_20260328T200110,2026-03-28,0.01,46840,"['2018-11-10', '2021-08-01']"
1261,27.30878618,-82.55170919,S2B_MSIL2A_20220508T155819_R097_T17RLL_20240611T235210,2022-05-08,0.02,45708,"['2018-11-10', '2021-08-01']"
1261,27.30878618,-82.55170919,S2C_MSIL2A_20250206T160501_R097_T17RLL_20250206T192610,2025-02-06,0.07,47792,"['2018-11-10', '2021-08-01']"
1261,27.30878618,-82.55170919,S2A_MSIL2A_20170208T160411_R097_T17RLL_20210208T085634,2017-02-08,1.23,46924,"['2018-11-10', '2021-08-01']"
1262,27.33188981,-82.55203082,S2B_MSIL2A_20260328T155859_R097_T17RLL_20260328T200110,2026-03-28,0.0,45488,"['2018-11-10', '2021-08-01']"
1262,27.33188981,-82.55203082,S2A_MSIL2A_20200203T160451_R097_T17RLL_20200930T153519,2020-02-03,2.4,45400,"['2018-11-10', '2021-08-01']"
1262,27.33188981,-82.55203082,S2A_MSIL2A_20200403T155901_R097_T17RLL_20200924T200432,2020-04-03,3.06,44652,"['2018-11-10', '2021-08-01']"
1262,27.33188981,-82.55203082,S2A_MSIL2A_20180504T155911_R097_T17RLL_20201012T054309,2018-05-04,3.45,44052,"['2018-11-10', '2021-08-01']"
1262,27.33188981,-82.55203082,S2B_MSIL2A_20210222T160149_R097_T17RLL_20210228T124559,2021-02-22,5.24,44028,"['2018-11-10', '2021-08-01']"
1269,26.57899828,-82.56031376,S2B_MSIL2A_20190901T155829_R097_T17RLK_20201004T081125,2019-09-01,0.0,66564,['2015-12-16']
1269,26.57899828,-82.56031376,S2B_MSIL2A_20220617T155829_R097_T17RLK_20240620T025908,2022-06-17,0.0,66564,['2015-12-16']
1269,26.57899828,-82.56031376,S2A_MSIL2A_20160214T160352_R097_T17RLK_20210528T063443,2016-02-14,0.0,66564,['2015-12-16']
1269,26.57899828,-82.56031376,S2B_MSIL2A_20221025T160339_R097_T17RLK_20240724T153558,2022-10-25,0.0,66564,['2015-12-16']
1269,26.57899828,-82.56031376,S2A_MSIL2A_20170509T155911_R097_T17RLK_20210209T141858,2017-05-09,0.0,66564,['2015-12-16']
1272,27.78320553,-82.60564017,S2B_MSIL2A_20250112T160529_R097_T17RLL_20250112T210836,2025-01-12,0.0,62064,['2015-12-16']
1272,27.78320553,-82.60564017,S2C_MSIL2A_20251024T160341_R097_T17RLL_20251024T191119,2025-10-24,0.0,61964,['2015-12-16']
1272,27.78320553,-82.60564017,S2A_MSIL2A_20220212T160401_R097_T17RLL_20220222T094909,2022-02-12,0.03,61980,['2015-12-16']
1272,27.78320553,-82.60564017,S2B_MSIL2A_20200228T160119_R097_T17RLL_20200929T020600,2020-02-28,0.22,61956,['2015-12-16']
1272,27.78320553,-82.60564017,S2B_MSIL2A_20211229T160649_R097_T17RLL_20211230T213445,2021-12-29,0.24,62048,['2015-12-16']
1279,27.69522,-82.71707,S2A_MSIL2A_20221129T160621_R097_T17RLL_20221201T181701,2022-11-29,0.02,51176,['2018-09-21']
1279,27.69522,-82.71707,S2C_MSIL2A_20260412T155821_R097_T17RLL_20260412T210156,2026-04-12,0.03,50672,['2018-09-21']
1279,27.69522,-82.71707,S2B_MSIL2A_20220607T155819_R097_T17RLL_20220608T053252,2022-06-07,0.07,49980,['2018-09-21']
1279,27.69522,-82.71707,S2B_MSIL2A_20241203T160539_R097_T17RLL_20241203T200858,2024-12-03,0.08,51092,['2018-09-21']
1279,27.69522,-82.71707,S2A_MSIL2A_20210128T160521_R097_T17RLL_20210202T105133,2021-01-28,1.25,50768,['2018-09-21']
1280,27.71832044,-82.7174318,S2C_MSIL2A_20250318T160021_R097_T17RLL_20250318T212400,2025-03-18,0.89,53616,['2018-09-21']
1280,27.71832044,-82.7174318,S2A_MSIL2A_20170509T155911_R097_T17RLL_20210209T141900,2017-05-09,1.28,52068,['2018-09-21']
1280,27.71832044,-82.7174318,S2B_MSIL2A_20200617T155829_R097_T17RLL_20200823T032740,2020-06-17,1.4,52216,['2018-09-21']
1280,27.71832044,-82.7174318,S2A_MSIL2A_20160911T155902_R097_T17RLL_20210212T235312,2016-09-11,1.58,52480,['2018-09-21']
1280,27.71832044,-82.7174318,S2A_MSIL2A_20180623T155901_R097_T17RLL_20201012T012653,2018-06-23,1.77,51984,['2018-09-21']
1281,27.71799585,-82.74338941,S2B_MSIL2A_20250502T155819_R097_T17RLL_20250502T211036,2025-05-02,0.0,50516,['2018-09-21']
1281,27.71799585,-82.74338941,S2A_MSIL2A_20240412T155901_R097_T17RLL_20240413T001435,2024-04-12,1.14,49920,['2018-09-21']
1281,27.71799585,-82.74338941,S2A_MSIL2A_20220304T160151_R097_T17RLL_20240528T224642,2022-03-04,1.73,50748,['2018-09-21']
1281,27.71799585,-82.74338941,S2B_MSIL2A_20210930T155959_R097_T17RLL_20211002T012855,2021-09-30,2.79,48504,['2018-09-21']
1281,27.71799585,-82.74338941,S2A_MSIL2A_20191225T160651_R097_T17RLL_20201003T092446,2019-12-25,4.43,49776,['2018-09-21']
1282,27.69489572,-82.74302215,S2B_MSIL2A_20260328T155859_R097_T17RLL_20260328T200110,2026-03-28,0.1,57640,['2018-09-21']
1282,27.69489572,-82.74302215,S2C_MSIL2A_20251024T160341_R097_T17RLL_20251024T191119,2025-10-24,0.75,57192,['2018-09-21']
1282,27.69489572,-82.74302215,S2A_MSIL2A_20180504T155911_R097_T17RLL_20201012T054309,2018-05-04,1.19,55360,['2018-09-21']
1282,27.69489572,-82.74302215,S2B_MSIL2A_20201124T160609_R097_T17RLL_20201125T192000,2020-11-24,2.42,56292,['2018-09-21']
1282,27.69489572,-82.74302215,S2A_MSIL2A_20180305T160131_R097_T17RLL_20201013T065308,2018-03-05,2.76,56164,['2018-09-21']
1284,27.67211948,-82.71670863,S2A_MSIL2A_20230207T160431_R097_T17RLL_20240812T220006,2023-02-07,0.0,49160,"['2018-09-21', '2018-10-16']"
1284,27.67211948,-82.71670863,S2B_MSIL2A_20230811T155829_R097_T17RLL_20241025T121853,2023-08-11,0.0,48384,"['2018-09-21', '2018-10-16']"
1284,27.67211948,-82.71670863,S2B_MSIL2A_20180509T155859_R097_T17RLL_20201012T075528,2018-05-09,0.71,48248,"['2018-09-21', '2018-10-16']"
1284,27.67211948,-82.71670863,S2A_MSIL2A_20220304T160151_R097_T17RLL_20240528T224642,2022-03-04,0.72,48816,"['2018-09-21', '2018-10-16']"
1284,27.67211948,-82.71670863,S2B_MSIL2A_20211109T160459_R097_T17RLL_20211110T015620,2021-11-09,0.84,48472,"['2018-09-21', '2018-10-16']"
1289,27.62262581,-82.7430144,S2B_MSIL2A_20220508T155819_R097_T17RLL_20240611T235210,2022-05-08,0.01,51932,"['2018-09-06', '2018-10-16', '2021-09-30']"
1289,27.62262581,-82.7430144,S2A_MSIL2A_20220722T155911_R097_T17RLL_20240711T012639,2022-07-22,0.04,51900,"['2018-09-06', '2018-10-16', '2021-09-30']"
1289,27.62262581,-82.7430144,S2B_MSIL2A_20231119T160549_R097_T17RLL_20241019T084741,2023-11-19,0.07,50080,"['2018-09-06', '2018-10-16', '2021-09-30']"
1289,27.62262581,-82.7430144,S2B_MSIL2A_20240417T155819_R097_T17RLL_20240417T231835,2024-04-17,0.14,52032,"['2018-09-06', '2018-10-16', '2021-09-30']"
1289,27.62262581,-82.7430144,S2A_MSIL2A_20220304T160151_R097_T17RLL_20240528T224642,2022-03-04,0.69,51696,"['2018-09-06', '2018-10-16', '2021-09-30']"
1298,27.5385,-82.7402,S2A_MSIL2A_20240721T155901_R097_T17RLL_20240722T005326,2024-07-21,0.0,53872,"['2018-09-06', '2021-08-06']"
1298,27.5385,-82.7402,S2C_MSIL2A_20250226T160251_R097_T17RLL_20250226T192212,2025-02-26,0.93,53400,"['2018-09-06', '2021-08-06']"
1298,27.5385,-82.7402,S2B_MSIL2A_20200228T160119_R097_T17RLL_20200929T020600,2020-02-28,2.22,51168,"['2018-09-06', '2021-08-06']"
1298,27.5385,-82.7402,S2B_MSIL2A_20211229T160649_R097_T17RLL_20211230T213445,2021-12-29,2.47,51680,"['2018-09-06', '2021-08-06']"
1298,27.5385,-82.7402,S2A_MSIL2A_20180613T155901_R097_T17RLL_20201026T234705,2018-06-13,2.51,50904,"['2018-09-06', '2021-08-06']"
1302,27.515721,-82.71392625,S2A_MSIL2A_20230915T155901_R097_T17RLL_20241103T091138,2023-09-15,0.0,38168,['2021-08-06']
1302,27.515721,-82.71392625,S2B_MSIL2A_20250919T155839_R097_T17RLL_20250919T211656,2025-09-19,0.05,38260,['2021-08-06']
1302,27.515721,-82.71392625,S2B_MSIL2A_20241024T160239_R097_T17RLL_20241024T213906,2024-10-24,0.2,38392,['2021-08-06']
1302,27.515721,-82.71392625,S2A_MSIL2A_20230309T160101_R097_T17RLL_20240823T143703,2023-03-09,0.41,38208,['2021-08-06']
1302,27.515721,-82.71392625,S2A_MSIL2A_20170509T155911_R097_T17RLL_20210209T141900,2017-05-09,2.26,36932,['2021-08-06']
1303,27.53882208,-82.71428465,S2B_MSIL2A_20260206T160339_R097_T17RLL_20260206T213114,2026-02-06,0.0,65568,['2021-08-06']
1303,27.53882208,-82.71428465,S2A_MSIL2A_20230528T155911_R097_T17RLL_20240908T194220,2023-05-28,0.01,65384,['2021-08-06']
1303,27.53882208,-82.71428465,S2A_MSIL2A_20240323T155921_R097_T17RLL_20240324T002120,2024-03-23,0.01,65564,['2021-08-06']
1303,27.53882208,-82.71428465,S2A_MSIL2A_20220304T160151_R097_T17RLL_20240528T224642,2022-03-04,0.11,65348,['2021-08-06']
1303,27.53882208,-82.71428465,S2B_MSIL2A_20181205T160639_R097_T17RLL_20201008T074224,2018-12-05,0.18,65368,['2021-08-06']
1304,27.76524,-82.77117,S2A_MSIL2A_20240502T155901_R097_T17RLL_20240503T001348,2024-05-02,0.05,46900,['2021-07-17']
1304,27.76524,-82.77117,S2C_MSIL2A_20251113T160531_R097_T17RLL_20251113T194111,2025-11-13,0.46,48012,['2021-07-17']
1304,27.76524,-82.77117,S2C_MSIL2A_20250206T160501_R097_T17RLL_20250206T192610,2025-02-06,1.93,47432,['2021-07-17']
1304,27.76524,-82.77117,S2B_MSIL2A_20200925T155929_R097_T17RLL_20200926T221136,2020-09-25,3.01,44404,['2021-07-17']
1304,27.76524,-82.77117,S2A_MSIL2A_20200203T160451_R097_T17RLL_20200930T153519,2020-02-03,7.18,45436,['2021-07-17']
1306,27.76490481,-82.79713799,S2A_MSIL2A_20180315T160021_R097_T17RLL_20201013T091802,2018-03-15,0.0,66564,['2021-07-17']
1306,27.76490481,-82.79713799,S2B_MSIL2A_20230423T155819_R097_T17RLL_20240831T032118,2023-04-23,0.0,66564,['2021-07-17']
1306,27.76490481,-82.79713799,S2A_MSIL2A_20220722T155911_R097_T17RLL_20240711T012639,2022-07-22,0.0,66564,['2021-07-17']
1306,27.76490481,-82.79713799,S2A_MSIL2A_20200801T155911_R097_T17RLL_20200815T175015,2020-08-01,0.0,66564,['2021-07-17']
1306,27.76490481,-82.79713799,S2B_MSIL2A_20260328T155859_R097_T17RLL_20260328T200110,2026-03-28,0.0,66564,['2021-07-17']
1307,27.74180551,-82.79675865,S2B_MSIL2A_20210930T155959_R097_T17RLL_20211002T012855,2021-09-30,0.0,66564,['2021-07-17']
1307,27.74180551,-82.79675865,S2A_MSIL2A_20180404T155901_R097_T17RLL_20201012T181114,2018-04-04,0.0,66564,['2021-07-17']
1307,27.74180551,-82.79675865,S2B_MSIL2A_20231119T160549_R097_T17RLL_20241019T084741,2023-11-19,0.0,66564,['2021-07-17']
1307,27.74180551,-82.79675865,S2A_MSIL2A_20201030T160411_R097_T17RLL_20201101T214348,2020-10-30,0.0,66564,['2021-07-17']
1307,27.74180551,-82.79675865,S2B_MSIL2A_20250502T155819_R097_T17RLL_20250502T211036,2025-05-02,0.0,66564,['2021-07-17']
1308,27.74214038,-82.77079614,S2B_MSIL2A_20240527T155819_R097_T17RLL_20240527T223747,2024-05-27,0.0,63624,['2021-07-17']
1308,27.74214038,-82.77079614,S2C_MSIL2A_20260221T160301_R097_T17RLL_20260221T192217,2026-02-21,0.0,63684,['2021-07-17']
1308,27.74214038,-82.77079614,S2A_MSIL2A_20230207T160431_R097_T17RLL_20240812T220006,2023-02-07,0.0,63420,['2021-07-17']
1308,27.74214038,-82.77079614,S2B_MSIL2A_20220118T160559_R097_T17RLL_20220119T153950,2022-01-18,0.44,63068,['2021-07-17']
1308,27.74214038,-82.77079614,S2B_MSIL2A_20180218T160309_R097_T17RLL_20201013T225427,2018-02-18,0.49,62940,['2021-07-17']
1309,27.98108306,-82.83807499,S2B_MSIL2A_20220508T155819_R097_T17RLL_20240611T235210,2022-05-08,0.45,56580,"['2018-09-24', '2018-11-08']"
1309,27.98108306,-82.83807499,S2B_MSIL2A_20230324T155919_R097_T17RLM_20240824T132818,2023-03-24,1.2,56736,"['2018-09-24', '2018-11-08']"
1309,27.98108306,-82.83807499,S2A_MSIL2A_20190628T155911_R097_T17RLL_20201006T072410,2019-06-28,3.48,55176,"['2018-09-24', '2018-11-08']"
1309,27.98108306,-82.83807499,S2A_MSIL2A_20200327T160901_R140_T17RLM_20201027T113434,2020-03-27,5.64,55716,"['2018-09-24', '2018-11-08']"
1309,27.98108306,-82.83807499,S2A_MSIL2A_20201013T161231_R140_T17RLL_20201015T033311,2020-10-13,5.88,55556,"['2018-09-24', '2018-11-08']"
1316,28.00702058,-82.84848371,S2A_MSIL2A_20230111T161631_R140_T17RLL_20230112T111725,2023-01-11,0.0,49188,['2018-10-21']
1316,28.00702058,-82.84848371,S2B_MSIL2A_20180509T155859_R097_T17RLM_20201012T075530,2018-05-09,0.0,66564,['2018-10-21']
1316,28.00702058,-82.84848371,S2B_MSIL2A_20260301T161109_R140_T17RLM_20260301T213315,2026-03-01,0.0,66564,['2018-10-21']
1316,28.00702058,-82.84848371,S2A_MSIL2A_20201209T160641_R097_T17RLM_20201210T203910,2020-12-09,0.0,66564,['2018-10-21']
1316,28.00702058,-82.84848371,S2B_MSIL2A_20200122T161549_R140_T17RLM_20201002T062029,2020-01-22,0.0,66564,['2018-10-21']
1323,28.03512345,-82.83824001,S2B_MSIL2A_20191223T161659_R140_T17RLM_20201003T085038,2019-12-23,0.0,66452,['2018-09-24']
1323,28.03512345,-82.83824001,S2B_MSIL2A_20220707T155829_R097_T17RLM_20220708T113558,2022-07-07,0.0,66424,['2018-09-24']
1323,28.03512345,-82.83824001,S2B_MSIL2A_20250303T160059_R097_T17RLM_20250303T200242,2025-03-03,0.0,66472,['2018-09-24']
1323,28.03512345,-82.83824001,S2A_MSIL2A_20250919T161701_R140_T17RLM_20250920T002414,2025-09-19,0.0,66388,['2018-09-24']
1323,28.03512345,-82.83824001,S2A_MSIL2A_20201102T161431_R140_T17RLM_20201104T005846,2020-11-02,0.0,66420,['2018-09-24']
1328,27.82442798,-82.88314848,S2A_MSIL2A_20250110T161631_R140_T17RLL_20250110T193551,2025-01-10,0.0,66564,['2018-10-14']
1328,27.82442798,-82.88314848,S2A_MSIL2A_20190323T160931_R140_T17RLL_20201007T094258,2019-03-23,0.0,66564,['2018-10-14']
1328,27.82442798,-82.88314848,S2A_MSIL2A_20171228T161651_R140_T17RLL_20201014T165638,2017-12-28,0.0,66564,['2018-10-14']
1328,27.82442798,-82.88314848,S2A_MSIL2A_20210717T155911_R097_T17RLL_20210718T034237,2021-07-17,0.0,66564,['2018-10-14']
1328,27.82442798,-82.88314848,S2A_MSIL2A_20230322T160941_R140_T17RLL_20230323T015136,2023-03-22,0.0,66564,['2018-10-14']
1330,29.79863,-85.30442,S2A_MSIL2A_20241201T161631_R140_T16RFU_20241201T193354,2024-12-01,0.0,39828,['2018-10-29']
1330,29.79863,-85.30442,S2A_MSIL2A_20240704T160901_R140_T16RFT_20240706T010013,2024-07-04,0.0,39964,['2018-10-29']
1330,29.79863,-85.30442,S2A_MSIL2A_20240813T160901_R140_T16RFT_20240813T234454,2024-08-13,0.0,39692,['2018-10-29']
1330,29.79863,-85.30442,S2C_MSIL2A_20250719T160921_R140_T16RFT_20250719T211215,2025-07-19,0.02,39916,['2018-10-29']
1330,29.79863,-85.30442,S2A_MSIL2A_20160410T162332_R040_T16RFT_20210211T030030,2016-04-10,0.23,40132,['2018-10-29']
1331,29.7755364,-85.30480929,S2B_MSIL2A_20240104T162659_R040_T16RFU_20240104T203236,2024-01-04,0.0,37160,['2018-10-29']
1331,29.7755364,-85.30480929,S2B_MSIL2A_20250515T160829_R140_T16RFU_20250515T211031,2025-05-15,0.0,37088,['2018-10-29']
1331,29.7755364,-85.30480929,S2A_MSIL2A_20230213T162401_R040_T16RFT_20240816T014207,2023-02-13,0.0,37072,['2018-10-29']
1331,29.7755364,-85.30480929,S2A_MSIL2A_20191101T162431_R040_T16RFU_20201003T115313,2019-11-01,0.02,36872,['2018-10-29']
1331,29.7755364,-85.30480929,S2B_MSIL2A_20180323T160929_R140_T16RFT_20201013T131552,2018-03-23,0.02,37032,['2018-10-29']
1332,29.77702595,-85.38537311,S2B_MSIL2A_20191004T161119_R140_T16RFU_20201003T223909,2019-10-04,0.0,66564,['2015-11-12']
1332,29.77702595,-85.38537311,S2B_MSIL2A_20190321T161949_R040_T16RFT_20210515T185834,2019-03-21,0.0,66564,['2015-11-12']
1332,29.77702595,-85.38537311,S2A_MSIL2A_20170316T162321_R040_T16RFT_20210208T230444,2017-03-16,0.0,66564,['2015-11-12']
1332,29.77702595,-85.38537311,S2B_MSIL2A_20200125T162539_R040_T16RFU_20201002T104839,2020-01-25,0.0,66564,['2015-11-12']
1332,29.77702595,-85.38537311,S2C_MSIL2A_20250719T160921_R140_T16RFT_20250719T211215,2025-07-19,0.07,66520,['2015-11-12']
1333,29.75393133,-85.38574349,S2B_MSIL2A_20231003T161019_R140_T16RFU_20231004T004544,2023-10-03,0.01,50516,['2015-11-12']
1333,29.75393133,-85.38574349,S2A_MSIL2A_20230315T162031_R040_T16RFT_20230315T233040,2023-03-15,0.02,50676,['2015-11-12']
1333,29.75393133,-85.38574349,S2B_MSIL2A_20210923T160909_R140_T16RFU_20210924T114222,2021-09-23,0.78,50576,['2015-11-12']
1333,29.75393133,-85.38574349,S2A_MSIL2A_20210401T160901_R140_T16RFT_20210402T154314,2021-04-01,1.09,50308,['2015-11-12']
1333,29.75393133,-85.38574349,S2B_MSIL2A_20180813T161859_R040_T16RFT_20201011T012259,2018-08-13,1.12,49208,['2015-11-12']
1334,29.75327475,-85.33280984,S2B_MSIL2A_20191203T161629_R140_T16RFU_20201003T002214,2019-12-03,0.0,66564,['2015-11-12']
1334,29.75327475,-85.33280984,S2B_MSIL2A_20231003T161019_R140_T16RFU_20231004T004544,2023-10-03,0.0,66564,['2015-11-12']
1334,29.75327475,-85.33280984,S2B_MSIL2A_20240104T162659_R040_T16RFU_20240104T203236,2024-01-04,0.0,66444,['2015-11-12']
1334,29.75327475,-85.33280984,S2B_MSIL2A_20240821T161829_R040_T16RFT_20240821T202842,2024-08-21,0.0,66564,['2015-11-12']
1334,29.75327475,-85.33280984,S2A_MSIL2A_20210401T160901_R140_T16RFT_20210402T154314,2021-04-01,0.0,66564,['2015-11-12']
1335,29.9159,-85.3802,S2B_MSIL2A_20240413T161829_R040_T16RFU_20240413T212132,2024-04-13,0.0,33556,['2015-10-20']
1335,29.9159,-85.3802,S2B_MSIL2A_20230906T161829_R040_T16RFU_20230906T220735,2023-09-06,0.0,33520,['2015-10-20']
1335,29.9159,-85.3802,S2A_MSIL2A_20230305T162141_R040_T16RFU_20240819T210702,2023-03-05,0.18,33284,['2015-10-20']
1335,29.9159,-85.3802,S2B_MSIL2A_20180316T162019_R040_T16RFU_20201013T095949,2018-03-16,0.64,32208,['2015-10-20']
1335,29.9159,-85.3802,S2A_MSIL2A_20240614T160911_R140_T16RFU_20240615T004132,2024-06-14,0.68,33196,['2015-10-20']
1336,29.89280593,-85.38057366,S2B_MSIL2A_20240609T160829_R140_T16RFU_20240609T221857,2024-06-09,0.01,65304,['2015-10-20']
1336,29.89280593,-85.38057366,S2A_MSIL2A_20170502T161351_R140_T16RFU_20210209T123239,2017-05-02,0.12,65960,['2015-10-20']
1336,29.89280593,-85.38057366,S2B_MSIL2A_20181218T161659_R140_T16RFU_20201008T111624,2018-12-18,0.18,46316,['2015-10-20']
1336,29.89280593,-85.38057366,S2B_MSIL2A_20250217T162239_R040_T16RFU_20250217T201947,2025-02-17,0.2,66344,['2015-10-20']
1336,29.89280593,-85.38057366,S2A_MSIL2A_20231107T161451_R140_T16RFU_20241031T081735,2023-11-07,0.23,65876,['2015-10-20']
1339,30.10185,-85.59119,S2B_MSIL2A_20230330T161829_R040_T16RFU_20240825T055439,2023-03-30,0.0,53204,"['2015-10-23', '2015-11-12', '2018-10-07']"
1339,30.10185,-85.59119,S2B_MSIL2A_20221021T162319_R040_T16RFU_20221023T014346,2022-10-21,0.01,53308,"['2015-10-23', '2015-11-12', '2018-10-07']"
1339,30.10185,-85.59119,S2B_MSIL2A_20250408T161829_R040_T16RFU_20250408T202021,2025-04-08,0.34,51932,"['2015-10-23', '2015-11-12', '2018-10-07']"
1339,30.10185,-85.59119,S2B_MSIL2A_20210807T161829_R040_T16RFU_20210808T061516,2021-08-07,0.52,52176,"['2015-10-23', '2015-11-12', '2018-10-07']"
1339,30.10185,-85.59119,S2B_MSIL2A_20230109T162639_R040_T16RFU_20230110T081737,2023-01-09,0.54,53008,"['2015-10-23', '2015-11-12', '2018-10-07']"
1340,30.12522804,-85.61743054,S2C_MSIL2A_20251219T162721_R040_T16RFU_20251219T200415,2025-12-19,0.04,49336,"['2015-10-23', '2015-11-12', '2018-10-07']"
1340,30.12522804,-85.61743054,S2B_MSIL2A_20250408T161829_R040_T16RFU_20250408T202021,2025-04-08,0.15,48556,"['2015-10-23', '2015-11-12', '2018-10-07']"
1340,30.12522804,-85.61743054,S2A_MSIL2A_20170425T162331_R040_T16RFU_20210209T103848,2017-04-25,0.86,47516,"['2015-10-23', '2015-11-12', '2018-10-07']"
1340,30.12522804,-85.61743054,S2B_MSIL2A_20201001T162019_R040_T16RFU_20201004T083336,2020-10-01,1.1,48424,"['2015-10-23', '2015-11-12', '2018-10-07']"
1340,30.12522804,-85.61743054,S2A_MSIL2A_20161106T163312_R040_T16RFU_20210413T224212,2016-11-06,11.12,42568,"['2015-10-23', '2015-11-12', '2018-10-07']"
1341,30.10156244,-85.56462819,S2A_MSIL2A_20170316T162321_R040_T16RFU_20210208T230444,2017-03-16,0.0,60892,['2015-10-23']
1341,30.10156244,-85.56462819,S2B_MSIL2A_20221021T162319_R040_T16RFU_20221023T014346,2022-10-21,0.0,60988,['2015-10-23']
1341,30.10156244,-85.56462819,S2B_MSIL2A_20220213T162349_R040_T16RFU_20220222T201001,2022-02-13,0.0,61104,['2015-10-23']
1341,30.10156244,-85.56462819,S2B_MSIL2A_20190430T161839_R040_T16RFU_20201105T234455,2019-04-30,0.01,60732,['2015-10-23']
1341,30.10156244,-85.56462819,S2B_MSIL2A_20171126T162609_R040_T16RFU_20201014T222317,2017-11-26,0.48,60976,['2015-10-23']
1344,30.09686,-85.60978,S2B_MSIL2A_20240413T161829_R040_T16RFU_20240413T212132,2024-04-13,0.0,32812,"['2015-11-12', '2018-10-07']"
1344,30.09686,-85.60978,S2A_MSIL2A_20251231T162721_R040_T16RFU_20251231T200509,2025-12-31,0.04,33000,"['2015-11-12', '2018-10-07']"
1344,30.09686,-85.60978,S2B_MSIL2A_20200125T162539_R040_T16RFU_20201002T104839,2020-01-25,1.62,32600,"['2015-11-12', '2018-10-07']"
1344,30.09686,-85.60978,S2B_MSIL2A_20210926T161929_R040_T16RFU_20210927T072058,2021-09-26,2.27,32176,"['2015-11-12', '2018-10-07']"
1344,30.09686,-85.60978,S2B_MSIL2A_20201001T162019_R040_T16RFU_20201004T083336,2020-10-01,2.59,32140,"['2015-11-12', '2018-10-07']"
1346,30.12023444,-85.63602381,S2B_MSIL2A_20230330T161829_R040_T16RFU_20240825T055439,2023-03-30,0.0,32992,"['2015-11-12', '2018-10-07']"
1346,30.12023444,-85.63602381,S2C_MSIL2A_20250920T162001_R040_T16RFU_20250920T212115,2025-09-20,0.0,33060,"['2015-11-12', '2018-10-07']"
1346,30.12023444,-85.63602381,S2B_MSIL2A_20260304T162049_R040_T16RFU_20260304T214511,2026-03-04,0.0,33048,"['2015-11-12', '2018-10-07']"
1346,30.12023444,-85.63602381,S2B_MSIL2A_20241020T162219_R040_T16RFU_20241020T201902,2024-10-20,0.01,33012,"['2015-11-12', '2018-10-07']"
1346,30.12023444,-85.63602381,S2B_MSIL2A_20250408T161829_R040_T16RFU_20250408T202021,2025-04-08,0.32,32692,"['2015-11-12', '2018-10-07']"
1348,30.22422,-85.71397,S2B_MSIL2A_20250108T162549_R040_T16RFU_20250108T201827,2025-01-08,0.0,65624,"['2015-10-23', '2015-11-12']"
1348,30.22422,-85.71397,S2A_MSIL2A_20241124T162621_R040_T16RFU_20241124T204153,2024-11-24,0.0,65764,"['2015-10-23', '2015-11-12']"
1348,30.22422,-85.71397,S2A_MSIL2A_20170912T161901_R040_T16RFU_20210202T010230,2017-09-12,0.2,65604,"['2015-10-23', '2015-11-12']"
1348,30.22422,-85.71397,S2B_MSIL2A_20180115T162619_R040_T16RFU_20201014T060425,2018-01-15,0.23,65532,"['2015-10-23', '2015-11-12']"
1348,30.22422,-85.71397,S2A_MSIL2A_20191121T162601_R040_T16RFU_20201003T183555,2019-11-21,0.31,65776,"['2015-10-23', '2015-11-12']"
1349,30.22447831,-85.74056634,S2B_MSIL2A_20190729T161839_R040_T16RFU_20201005T194610,2019-07-29,0.0,63472,"['2015-10-23', '2015-11-12']"
1349,30.22447831,-85.74056634,S2C_MSIL2A_20251219T162721_R040_T16RFU_20251219T200415,2025-12-19,0.0,63672,"['2015-10-23', '2015-11-12']"
1349,30.22447831,-85.74056634,S2B_MSIL2A_20210419T161829_R040_T16RFU_20210420T090522,2021-04-19,0.01,63536,"['2015-10-23', '2015-11-12']"
1349,30.22447831,-85.74056634,S2A_MSIL2A_20160410T162332_R040_T16RFU_20210211T030029,2016-04-10,0.01,63536,"['2015-10-23', '2015-11-12']"
1349,30.22447831,-85.74056634,S2A_MSIL2A_20170316T162321_R040_T16RFU_20210208T230444,2017-03-16,0.28,63448,"['2015-10-23', '2015-11-12']"
1350,30.20138165,-85.74086051,S2C_MSIL2A_20250920T162001_R040_T16RFU_20250920T212115,2025-09-20,0.0,49892,"['2015-10-23', '2015-11-12']"
1350,30.20138165,-85.74086051,S2B_MSIL2A_20230330T161829_R040_T16RFU_20240825T055439,2023-03-30,0.0,49556,"['2015-10-23', '2015-11-12']"
1350,30.20138165,-85.74086051,S2A_MSIL2A_20241124T162621_R040_T16RFU_20241124T204153,2024-11-24,0.0,49704,"['2015-10-23', '2015-11-12']"
1350,30.20138165,-85.74086051,S2B_MSIL2A_20230718T161839_R040_T16RFU_20230718T212915,2023-07-18,0.0,48744,"['2015-10-23', '2015-11-12']"
1350,30.20138165,-85.74086051,S2B_MSIL2A_20251114T162439_R040_T16RFU_20251114T183857,2025-11-14,0.01,49656,"['2015-10-23', '2015-11-12']"
1351,30.20112358,-85.71427038,S2B_MSIL2A_20250319T161909_R040_T16RFU_20250319T215748,2025-03-19,0.0,45240,"['2015-10-23', '2015-11-12']"
1351,30.20112358,-85.71427038,S2A_MSIL2A_20220320T161951_R040_T16RFU_20220321T055816,2022-03-20,0.12,45336,"['2015-10-23', '2015-11-12']"
1351,30.20112358,-85.71427038,S2B_MSIL2A_20180115T162619_R040_T16RFU_20201014T060425,2018-01-15,0.84,45420,"['2015-10-23', '2015-11-12']"
1351,30.20112358,-85.71427038,S2A_MSIL2A_20180510T161901_R040_T16RFU_20201026T092228,2018-05-10,1.23,44696,"['2015-10-23', '2015-11-12']"
1351,30.20112358,-85.71427038,S2B_MSIL2A_20190321T161949_R040_T16RFU_20201007T090844,2019-03-21,1.44,44700,"['2015-10-23', '2015-11-12']"
1352,30.2239563,-85.68737401,S2C_MSIL2A_20251020T162331_R040_T16RFU_20251020T201906,2025-10-20,0.0,34668,"['2015-10-23', '2015-11-12']"
1352,30.2239563,-85.68737401,S2A_MSIL2A_20230305T162141_R040_T16RFU_20240819T210702,2023-03-05,0.0,34348,"['2015-10-23', '2015-11-12']"
1352,30.2239563,-85.68737401,S2B_MSIL2A_20220404T161829_R040_T16RFU_20240603T090951,2022-04-04,0.0,34196,"['2015-10-23', '2015-11-12']"
1352,30.2239563,-85.68737401,S2A_MSIL2A_20161216T162702_R040_T16RFU_20210213T214051,2016-12-16,2.0,34048,"['2015-10-23', '2015-11-12']"
1352,30.2239563,-85.68737401,S2A_MSIL2A_20211130T162631_R040_T16RFU_20211201T062721,2021-11-30,2.08,34240,"['2015-10-23', '2015-11-12']"
1353,30.24705239,-85.68706706,S2B_MSIL2A_20250217T162239_R040_T16RFU_20250217T201947,2025-02-17,0.04,60628,"['2015-10-23', '2015-11-12']"
1353,30.24705239,-85.68706706,S2A_MSIL2A_20240129T162531_R040_T16RFU_20240129T221554,2024-01-29,0.06,60136,"['2015-10-23', '2015-11-12']"
1353,30.24705239,-85.68706706,S2A_MSIL2A_20251231T162721_R040_T16RFU_20251231T200509,2025-12-31,0.09,60552,"['2015-10-23', '2015-11-12']"
1353,30.24705239,-85.68706706,S2B_MSIL2A_20210419T161829_R040_T16RFU_20210420T090522,2021-04-19,0.26,60532,"['2015-10-23', '2015-11-12']"
1353,30.24705239,-85.68706706,S2B_MSIL2A_20180912T162109_R040_T16RFU_20201009T003331,2018-09-12,0.34,60444,"['2015-10-23', '2015-11-12']"
1375,30.45386403,-87.38508451,S2B_MSIL2A_20210817T161829_R040_T16RDU_20210818T012337,2021-08-17,0.0,37480,['2019-10-05']
1375,30.45386403,-87.38508451,S2A_MSIL2A_20180314T163041_R083_T16RDU_20210517T002854,2018-03-14,0.0,37616,['2019-10-05']
1375,30.45386403,-87.38508451,S2A_MSIL2A_20251124T163711_R083_T16RDU_20251124T202511,2025-11-24,0.0,38492,['2019-10-05']
1375,30.45386403,-87.38508451,S2B_MSIL2A_20211009T163109_R083_T16RDU_20211010T064531,2021-10-09,0.0,37732,['2019-10-05']
1375,30.45386403,-87.38508451,S2A_MSIL2A_20170108T163641_R083_T16RDU_20210529T060053,2017-01-08,0.55,36556,['2019-10-05']
1376,30.43076311,-87.38499373,S2A_MSIL2A_20221215T162701_R040_T16RDU_20221216T092433,2022-12-15,0.0,65400,"['2017-03-09', '2017-04-18', '2019-10-05']"
1376,30.43076311,-87.38499373,S2B_MSIL2A_20181012T162219_R040_T16RDU_20201009T105633,2018-10-12,0.0,65372,"['2017-03-09', '2017-04-18', '2019-10-05']"
1376,30.43076311,-87.38499373,S2A_MSIL2A_20190306T162131_R040_T16RDU_20201030T181527,2019-03-06,0.0,65328,"['2017-03-09', '2017-04-18', '2019-10-05']"
1376,30.43076311,-87.38499373,S2B_MSIL2A_20220213T162349_R040_T16RDU_20220222T202655,2022-02-13,0.0,65340,"['2017-03-09', '2017-04-18', '2019-10-05']"
1376,30.43076311,-87.38499373,S2A_MSIL2A_20180304T163151_R083_T16RDU_20201013T062443,2018-03-04,0.0,65324,"['2017-03-09', '2017-04-18', '2019-10-05']"
1378,30.43455507,-87.3586599,S2A_MSIL2A_20220817T161841_R040_T16RDU_20220818T060212,2022-08-17,0.0,63828,"['2017-03-09', '2017-04-18']"
1378,30.43455507,-87.3586599,S2B_MSIL2A_20200424T161829_R040_T16RDU_20200921T233309,2020-04-24,0.0,63836,"['2017-03-09', '2017-04-18']"
1378,30.43455507,-87.3586599,S2B_MSIL2A_20231105T162449_R040_T16RDU_20231105T201932,2023-11-05,0.0,63732,"['2017-03-09', '2017-04-18']"
1378,30.43455507,-87.3586599,S2A_MSIL2A_20241114T162541_R040_T16RDU_20241114T201412,2024-11-14,0.0,63852,"['2017-03-09', '2017-04-18']"
1378,30.43455507,-87.3586599,S2B_MSIL2A_20190410T161839_R040_T16RDU_20201007T003717,2019-04-10,0.0,63836,"['2017-03-09', '2017-04-18']"
1382,26.07541,-97.15683,S2B_MSIL2A_20250209T170349_R069_T14RPP_20250209T210433,2025-02-09,0.14,45604,"['2015-10-05', '2016-09-09']"
1382,26.07541,-97.15683,S2B_MSIL2A_20241211T170629_R069_T14RPP_20241211T224323,2024-12-11,1.13,45260,"['2015-10-05', '2016-09-09']"
1382,26.07541,-97.15683,S2B_MSIL2A_20210220T170329_R069_T14RPP_20210221T054738,2021-02-20,1.35,45664,"['2015-10-05', '2016-09-09']"
1382,26.07541,-97.15683,S2B_MSIL2A_20181004T170139_R069_T14RPP_20201009T081130,2018-10-04,1.54,45860,"['2015-10-05', '2016-09-09']"
1382,26.07541,-97.15683,S2A_MSIL2A_20171123T170621_R069_T14RPP_20201014T214713,2017-11-23,1.82,45820,"['2015-10-05', '2016-09-09']"
1383,26.09851415,-97.1564679,S2A_MSIL2A_20221227T170721_R069_T14RPP_20221228T020257,2022-12-27,0.0,49040,"['2015-10-05', '2016-09-09']"
1383,26.09851415,-97.1564679,S2C_MSIL2A_20251211T170731_R069_T14RPP_20251211T204509,2025-12-11,0.0,48912,"['2015-10-05', '2016-09-09']"
1383,26.09851415,-97.1564679,S2A_MSIL2A_20220730T165901_R069_T14RPP_20220731T200137,2022-07-30,0.34,47804,"['2015-10-05', '2016-09-09']"
1383,26.09851415,-97.1564679,S2A_MSIL2A_20190328T170201_R069_T14RPP_20201007T113730,2019-03-28,1.21,48988,"['2015-10-05', '2016-09-09']"
1383,26.09851415,-97.1564679,S2A_MSIL2A_20170206T170451_R069_T14RPP_20210208T073951,2017-02-06,1.7,49012,"['2015-10-05', '2016-09-09']"
1384,26.09883903,-97.18205634,S2B_MSIL2A_20231217T170719_R069_T14RPP_20231220T074818,2023-12-17,0.0,64704,['2015-10-05']
1384,26.09883903,-97.18205634,S2B_MSIL2A_20240326T165849_R069_T14RPP_20240327T001645,2024-03-26,0.01,64916,['2015-10-05']
1384,26.09883903,-97.18205634,S2A_MSIL2A_20201217T170721_R069_T14RPP_20201220T113452,2020-12-17,0.08,65032,['2015-10-05']
1384,26.09883903,-97.18205634,S2B_MSIL2A_20171029T170409_R069_T14RPP_20201015T030438,2017-10-29,0.09,64892,['2015-10-05']
1384,26.09883903,-97.18205634,S2B_MSIL2A_20180216T170349_R069_T14RPP_20201013T220743,2018-02-16,0.09,65008,['2015-10-05']
1385,30.2221,-88.0057,S2A_MSIL2A_20230815T162901_R083_T16RCU_20230816T001251,2023-08-15,0.02,45112,['2015-11-25']
1385,30.2221,-88.0057,S2B_MSIL2A_20231128T163629_R083_T16RDU_20231128T210635,2023-11-28,0.12,47204,['2015-11-25']
1385,30.2221,-88.0057,S2A_MSIL2A_20170727T162901_R083_T16RCU_20210210T151431,2017-07-27,1.02,45600,['2015-11-25']
1385,30.2221,-88.0057,S2A_MSIL2A_20210924T163021_R083_T16RCU_20210925T141522,2021-09-24,2.24,46708,['2015-11-25']
1385,30.2221,-88.0057,S2A_MSIL2A_20170418T163321_R083_T16RDU_20210209T084532,2017-04-18,3.56,44820,['2015-11-25']
1386,30.24519861,-88.00593516,S2B_MSIL2A_20240516T162829_R083_T16RCU_20240517T164925,2024-05-16,0.0,66328,['2015-11-25']
1386,30.24519861,-88.00593516,S2A_MSIL2A_20190227T163221_R083_T16RDU_20201007T211116,2019-02-27,0.01,66556,['2015-11-25']
1386,30.24519861,-88.00593516,S2A_MSIL2A_20201029T163421_R083_T16RCU_20201101T094656,2020-10-29,0.02,66552,['2015-11-25']
1386,30.24519861,-88.00593516,S2B_MSIL2A_20210412T162829_R083_T16RCU_20210413T100158,2021-04-12,0.02,66552,['2015-11-25']
1386,30.24519861,-88.00593516,S2B_MSIL2A_20180118T163609_R083_T16RDU_20201014T064813,2018-01-18,0.02,66552,['2015-11-25']
1387,30.2218932,-88.03229807,S2A_MSIL2A_20241008T163201_R083_T16RDU_20241008T222853,2024-10-08,0.0,44828,['2015-11-25']
1387,30.2218932,-88.03229807,S2B_MSIL2A_20240814T162839_R083_T16RCU_20240814T203450,2024-08-14,0.0,60312,['2015-11-25']
1387,30.2218932,-88.03229807,S2A_MSIL2A_20231103T163441_R083_T16RDU_20241028T203059,2023-11-03,0.05,44868,['2015-11-25']
1387,30.2218932,-88.03229807,S2B_MSIL2A_20230701T162839_R083_T16RCU_20230701T212215,2023-07-01,0.25,60120,['2015-11-25']
1387,30.2218932,-88.03229807,S2A_MSIL2A_20181030T163411_R083_T16RDU_20201009T164713,2018-10-30,1.1,44876,['2015-11-25']
1388,30.22230141,-87.97910165,S2C_MSIL2A_20251013T163241_R083_T16RDU_20251013T195717,2025-10-13,0.02,52140,['2015-11-25']
1388,30.22230141,-87.97910165,S2B_MSIL2A_20221103T163439_R083_T16RDU_20221104T085412,2022-11-03,0.09,52056,['2015-11-25']
1388,30.22230141,-87.97910165,S2A_MSIL2A_20200222T163301_R083_T16RDU_20200927T185541,2020-02-22,1.4,51672,['2015-11-25']
1388,30.22230141,-87.97910165,S2A_MSIL2A_20211223T163711_R083_T16RDU_20211224T130633,2021-12-23,2.59,51860,['2015-11-25']
1388,30.22230141,-87.97910165,S2A_MSIL2A_20210308T163121_R083_T16RDU_20210309T092513,2021-03-08,3.23,51124,['2015-11-25']
1389,30.2382,-87.736,S2C_MSIL2A_20251013T163241_R083_T16RDU_20251013T195717,2025-10-13,0.0,56776,['2018-11-16']
1389,30.2382,-87.736,S2A_MSIL2A_20231014T163231_R083_T16RDU_20231015T001149,2023-10-14,0.0,56288,['2018-11-16']
1389,30.2382,-87.736,S2A_MSIL2A_20220817T161841_R040_T16RDU_20220818T060212,2022-08-17,0.51,56404,['2018-11-16']
1389,30.2382,-87.736,S2B_MSIL2A_20220325T161829_R040_T16RDU_20220326T041832,2022-03-25,1.59,55952,['2018-11-16']
1389,30.2382,-87.736,S2C_MSIL2A_20250202T162531_R040_T16RDU_20250204T172110,2025-02-02,1.6,55924,['2018-11-16']
1390,30.23804786,-87.76260435,S2B_MSIL2A_20240811T161829_R040_T16RDU_20240811T202049,2024-08-11,0.45,54824,['2018-11-16']
1390,30.23804786,-87.76260435,S2B_MSIL2A_20241020T162219_R040_T16RDU_20241020T201902,2024-10-20,0.79,54896,['2018-11-16']
1390,30.23804786,-87.76260435,S2B_MSIL2A_20240327T162839_R083_T16RDU_20240330T021301,2024-03-27,0.95,54292,['2018-11-16']
1390,30.23804786,-87.76260435,S2B_MSIL2A_20250727T161829_R040_T16RDU_20250727T202049,2025-07-27,1.21,54820,['2018-11-16']
1390,30.23804786,-87.76260435,S2B_MSIL2A_20211009T163109_R083_T16RDU_20211010T064531,2021-10-09,3.09,54056,['2018-11-16']
1395,30.2694,-87.582,S2A_MSIL2A_20240607T161831_R040_T16RDU_20240608T001902,2024-06-07,0.3,32376,['2023-09-19']
1395,30.2694,-87.582,S2B_MSIL2A_20250816T161829_R040_T16RDU_20250816T201128,2025-08-16,1.07,32420,['2023-09-19']
1395,30.2694,-87.582,S2A_MSIL2A_20230613T161831_R040_T16RDU_20240909T041501,2023-06-13,1.59,32204,['2023-09-19']
1395,30.2694,-87.582,S2A_MSIL2A_20191002T162111_R040_T16RDU_20201003T214259,2019-10-02,4.67,32008,['2023-09-19']
1395,30.2694,-87.582,S2B_MSIL2A_20210807T161829_R040_T16RDU_20210808T064621,2021-08-07,6.86,32232,['2023-09-19']
1396,30.26951558,-87.55538623,S2C_MSIL2A_20251013T163241_R083_T16RDU_20251013T195717,2025-10-13,1.53,50748,['2023-09-19']
1396,30.26951558,-87.55538623,S2A_MSIL2A_20240221T163311_R083_T16RDU_20240221T232918,2024-02-21,2.12,50116,['2023-09-19']
1396,30.26951558,-87.55538623,S2B_MSIL2A_20190917T161909_R040_T16RDU_20201004T142033,2019-09-17,4.39,50608,['2023-09-19']
1396,30.26951558,-87.55538623,S2A_MSIL2A_20180520T161901_R040_T16RDU_20201012T120526,2018-05-20,4.43,49820,['2023-09-19']
1396,30.26951558,-87.55538623,S2B_MSIL2A_20171126T162609_R040_T16RDU_20201014T222312,2017-11-26,5.07,50452,['2023-09-19']
1399,26.06905334,-97.18877205,S2A_MSIL2A_20260313T170721_R069_T14RPP_20260314T025810,2026-03-13,0.0,57960,['2016-09-09']
1399,26.06905334,-97.18877205,S2B_MSIL2A_20240205T170509_R069_T14RPP_20240205T221442,2024-02-05,0.0,58116,['2016-09-09']
1399,26.06905334,-97.18877205,S2B_MSIL2A_20241111T170439_R069_T14RPP_20241111T211142,2024-11-11,0.03,60084,['2016-09-09']
1399,26.06905334,-97.18877205,S2B_MSIL2A_20230312T170119_R069_T14RPP_20240819T000024,2023-03-12,0.04,57996,['2016-09-09']
1399,26.06905334,-97.18877205,S2A_MSIL2A_20220730T165901_R069_T14RPP_20220731T200137,2022-07-30,0.05,57684,['2016-09-09']
1400,28.94897,-95.28603,S2A_MSIL2A_20230205T170511_R069_T15RTN_20230206T144430,2023-02-05,0.0,38892,['2023-09-20']
1400,28.94897,-95.28603,S2C_MSIL2A_20251211T170731_R069_T15RTN_20251211T204509,2025-12-11,0.07,38952,['2023-09-20']
1400,28.94897,-95.28603,S2A_MSIL2A_20260313T170721_R069_T15RTN_20260314T025810,2026-03-13,0.1,37740,['2023-09-20']
1400,28.94897,-95.28603,S2B_MSIL2A_20210131T170529_R069_T15RTN_20210210T132012,2021-01-31,1.81,36556,['2023-09-20']
1400,28.94897,-95.28603,S2A_MSIL2A_20180916T164921_R026_T15RTN_20201009T014026,2018-09-16,2.36,37684,['2023-09-20']
1401,26.6049,-97.2919,S2B_MSIL2A_20231117T170559_R069_T14RPQ_20231117T211322,2023-11-17,0.0,34560,['2015-10-05']
1401,26.6049,-97.2919,S2A_MSIL2A_20230106T170711_R069_T14RPQ_20230107T074910,2023-01-06,0.01,33952,['2015-10-05']
1401,26.6049,-97.2919,S2B_MSIL2A_20181213T170709_R069_T14RPQ_20201008T095345,2018-12-13,0.56,36480,['2015-10-05']
1401,26.6049,-97.2919,S2B_MSIL2A_20241211T170629_R069_T14RPQ_20241211T224323,2024-12-11,0.79,32116,['2015-10-05']
1401,26.6049,-97.2919,S2B_MSIL2A_20181004T170139_R069_T14RPQ_20201009T081125,2018-10-04,0.86,34244,['2015-10-05']
1402,26.62800414,-97.29155655,S2B_MSIL2A_20241121T170529_R069_T14RPQ_20241121T205234,2024-11-21,0.01,55244,['2015-10-05']
1402,26.62800414,-97.29155655,S2B_MSIL2A_20240823T165849_R069_T14RPQ_20240823T230009,2024-08-23,0.08,54264,['2015-10-05']
1402,26.62800414,-97.29155655,S2B_MSIL2A_20240405T165849_R069_T14RPQ_20240406T004522,2024-04-05,0.09,54248,['2015-10-05']
1402,26.62800414,-97.29155655,S2C_MSIL2A_20260209T170441_R069_T14RPQ_20260209T204020,2026-02-09,0.35,54672,['2015-10-05']
1402,26.62800414,-97.29155655,S2B_MSIL2A_20230501T165849_R069_T14RPQ_20240831T081957,2023-05-01,0.45,54576,['2015-10-05']
1404,26.7731,-97.343,S2B_MSIL2A_20231028T170419_R069_T14RPQ_20240909T111155,2023-10-28,0.0,32084,['2015-10-05']
1404,26.7731,-97.343,S2B_MSIL2A_20220625T165849_R069_T14RPQ_20240629T103210,2022-06-25,0.03,33656,['2015-10-05']
1404,26.7731,-97.343,S2A_MSIL2A_20230106T170711_R069_T14RPQ_20230107T074910,2023-01-06,0.1,34508,['2015-10-05']
1404,26.7731,-97.343,S2B_MSIL2A_20260115T170549_R069_T14RPQ_20260115T222637,2026-01-15,0.56,32504,['2015-10-05']
1404,26.7731,-97.343,S2B_MSIL2A_20200127T170549_R069_T14RPQ_20201002T130450,2020-01-27,1.43,33308,['2015-10-05']
1405,26.7962042,-97.34266438,S2B_MSIL2A_20231217T170719_R069_T14RPQ_20231220T075135,2023-12-17,0.0,48604,['2015-10-05']
1405,26.7962042,-97.34266438,S2A_MSIL2A_20230205T170511_R069_T14RPQ_20230206T131612,2023-02-05,0.51,47928,['2015-10-05']
1405,26.7962042,-97.34266438,S2A_MSIL2A_20191014T170251_R069_T14RPQ_20201004T021154,2019-10-14,0.56,48464,['2015-10-05']
1405,26.7962042,-97.34266438,S2A_MSIL2A_20220710T165911_R069_T14RPQ_20220712T175712,2022-07-10,0.56,47812,['2015-10-05']
1405,26.7962042,-97.34266438,S2B_MSIL2A_20200814T165849_R069_T14RPQ_20200815T164001,2020-08-14,0.67,48056,['2015-10-05']
1408,27.82218,-97.22526,S2B_MSIL2A_20221013T170239_R069_T14RPR_20240801T025423,2022-10-13,0.07,46808,['2016-10-19']
1408,27.82218,-97.22526,S2B_MSIL2A_20220605T165849_R069_T14RPR_20220606T030217,2022-06-05,0.15,46416,['2016-10-19']
1408,27.82218,-97.22526,S2B_MSIL2A_20191208T170709_R069_T14RPR_20201003T022953,2019-12-08,1.31,46660,['2016-10-19']
1408,27.82218,-97.22526,S2A_MSIL2A_20160601T170312_R069_T14RPR_20210211T154856,2016-06-01,1.42,45944,['2016-10-19']
1408,27.82218,-97.22526,S2A_MSIL2A_20160711T170312_R069_T14RPR_20210212T033923,2016-07-11,2.03,45928,['2016-10-19']
1409,27.84561124,-97.25087145,S2C_MSIL2A_20260209T170441_R069_T14RPR_20260209T204020,2026-02-09,0.61,50408,['2016-10-19']
1409,27.84561124,-97.25087145,S2B_MSIL2A_20210411T165839_R069_T14RPR_20210412T112139,2021-04-11,1.03,49772,['2016-10-19']
1409,27.84561124,-97.25087145,S2A_MSIL2A_20170127T170551_R069_T14RPR_20210207T220814,2017-01-27,1.03,49508,['2016-10-19']
1409,27.84561124,-97.25087145,S2B_MSIL2A_20231217T170719_R069_T14RPR_20231220T075856,2023-12-17,1.05,51704,['2016-10-19']
1409,27.84561124,-97.25087145,S2B_MSIL2A_20200814T165849_R069_T14RPR_20200815T163949,2020-08-14,1.26,49092,['2016-10-19']
1410,27.4006984,-97.29796417,S2A_MSIL2A_20250716T170721_R069_T14RPR_20250716T231757,2025-07-16,0.05,55804,['2016-09-09']
1410,27.4006984,-97.29796417,S2B_MSIL2A_20230411T165849_R069_T14RPR_20240827T133521,2023-04-11,0.38,55732,['2016-09-09']
1410,27.4006984,-97.29796417,S2A_MSIL2A_20220710T165911_R069_T14RPR_20220712T161629,2022-07-10,0.43,55516,['2016-09-09']
1410,27.4006984,-97.29796417,S2B_MSIL2A_20180507T165849_R069_T14RPR_20201012T070720,2018-05-07,0.82,55588,['2016-09-09']
1410,27.4006984,-97.29796417,S2A_MSIL2A_20201018T170331_R069_T14RPR_20201019T174910,2020-10-18,1.09,55648,['2016-09-09']
1413,27.12582661,-97.37258469,S2C_MSIL2A_20260321T170011_R069_T14RPR_20260321T234211,2026-03-21,0.34,38044,"['2016-09-09', '2016-09-29']"
1413,27.12582661,-97.37258469,S2B_MSIL2A_20190323T165949_R069_T14RPR_20201007T095413,2019-03-23,0.81,38584,"['2016-09-09', '2016-09-29']"
1413,27.12582661,-97.37258469,S2B_MSIL2A_20220804T165849_R069_T14RPR_20220805T035347,2022-08-04,0.84,37556,"['2016-09-09', '2016-09-29']"
1413,27.12582661,-97.37258469,S2A_MSIL2A_20191014T170251_R069_T14RPR_20201004T021156,2019-10-14,0.9,39256,"['2016-09-09', '2016-09-29']"
1413,27.12582661,-97.37258469,S2A_MSIL2A_20200501T165901_R069_T14RPR_20200920T013440,2020-05-01,2.09,37256,"['2016-09-09', '2016-09-29']"
1416,27.11033654,-97.3743341,S2B_MSIL2A_20260115T170549_R069_T14RPR_20260115T222637,2026-01-15,0.01,37512,['2016-09-29']
1416,27.11033654,-97.3743341,S2B_MSIL2A_20191208T170709_R069_T14RPR_20201003T022953,2019-12-08,0.64,37388,['2016-09-29']
1416,27.11033654,-97.3743341,S2A_MSIL2A_20210116T170641_R069_T14RPR_20210119T050325,2021-01-16,0.85,36768,['2016-09-29']
1416,27.11033654,-97.3743341,S2B_MSIL2A_20171009T170249_R069_T14RPR_20210202T160805,2017-10-09,1.14,38296,['2016-09-29']
1416,27.11033654,-97.3743341,S2B_MSIL2A_20200226T170249_R069_T14RPR_20200928T151610,2020-02-26,1.2,37028,['2016-09-29']
1418,28.07513,-97.10716,S2A_MSIL2A_20220710T165911_R069_T14RPS_20220712T162612,2022-07-10,0.0,53984,['2015-10-05']
1418,28.07513,-97.10716,S2B_MSIL2A_20241221T170629_R069_T14RPS_20241221T223839,2024-12-21,0.01,55464,['2015-10-05']
1418,28.07513,-97.10716,S2B_MSIL2A_20170830T165849_R069_T14RPS_20210201T152652,2017-08-30,0.45,54524,['2015-10-05']
1418,28.07513,-97.10716,S2A_MSIL2A_20250914T170711_R069_T14RPS_20250914T230915,2025-09-14,0.95,53968,['2015-10-05']
1418,28.07513,-97.10716,S2B_MSIL2A_20181103T170449_R069_T14RPS_20201008T153303,2018-11-03,1.35,54156,['2015-10-05']
1419,28.09822693,-97.10675474,S2B_MSIL2A_20200426T165839_R069_T14RPS_20200922T060214,2020-04-26,0.0,66564,['2015-10-05']
1419,28.09822693,-97.10675474,S2A_MSIL2A_20170107T170701_R069_T14RPS_20210530T020731,2017-01-07,0.0,66564,['2015-10-05']
1419,28.09822693,-97.10675474,S2B_MSIL2A_20241121T170529_R069_T14RPS_20241121T205234,2024-11-21,0.0,66564,['2015-10-05']
1419,28.09822693,-97.10675474,S2A_MSIL2A_20161128T170642_R069_T14RPS_20210415T041144,2016-11-28,0.0,66564,['2015-10-05']
1419,28.09822693,-97.10675474,S2C_MSIL2A_20251002T170141_R069_T14RPS_20251002T215413,2025-10-02,0.0,66564,['2015-10-05']
1420,28.09858404,-97.13280112,S2A_MSIL2A_20200501T165901_R069_T14RPS_20200920T013440,2020-05-01,0.0,66564,['2015-10-05']
1420,28.09858404,-97.13280112,S2B_MSIL2A_20200206T170459_R069_T14RPS_20201001T035249,2020-02-06,0.0,66564,['2015-10-05']
1420,28.09858404,-97.13280112,S2A_MSIL2A_20260102T170721_R069_T14RPS_20260102T204416,2026-01-02,0.0,66564,['2015-10-05']
1420,28.09858404,-97.13280112,S2B_MSIL2A_20241121T170529_R069_T14RPS_20241121T205234,2024-11-21,0.0,66564,['2015-10-05']
1420,28.09858404,-97.13280112,S2B_MSIL2A_20231117T170559_R069_T14RPS_20231117T211329,2023-11-17,0.0,65868,['2015-10-05']
1421,28.07548677,-97.13320082,S2B_MSIL2A_20230411T165849_R069_T14RPS_20240827T133521,2023-04-11,0.0,66564,['2015-10-05']
1421,28.07548677,-97.13320082,S2B_MSIL2A_20241121T170529_R069_T14RPS_20241121T205234,2024-11-21,0.0,66564,['2015-10-05']
1421,28.07548677,-97.13320082,S2B_MSIL2A_20240803T165849_R069_T14RPS_20240804T084346,2024-08-03,0.0,66564,['2015-10-05']
1421,28.07548677,-97.13320082,S2B_MSIL2A_20210220T170329_R069_T14RPS_20210221T082122,2021-02-20,0.0,66564,['2015-10-05']
1421,28.07548677,-97.13320082,S2B_MSIL2A_20231227T170729_R069_T14RPS_20231227T223230,2023-12-27,0.0,66560,['2015-10-05']
1422,29.34397744,-94.82901115,S2B_MSIL2A_20220910T164849_R026_T15RUN_20220912T052335,2022-09-10,0.09,57544,"['2016-09-06', '2023-09-20']"
1422,29.34397744,-94.82901115,S2A_MSIL2A_20230304T165201_R026_T15RUN_20240819T113811,2023-03-04,0.16,56212,"['2016-09-06', '2023-09-20']"
1422,29.34397744,-94.82901115,S2A_MSIL2A_20230622T164841_R026_T15RUN_20230623T032546,2023-06-22,0.18,55508,"['2016-09-06', '2023-09-20']"
1422,29.34397744,-94.82901115,S2A_MSIL2A_20240328T164911_R026_T15RUN_20240330T062258,2024-03-28,0.73,56116,"['2016-09-06', '2023-09-20']"
1422,29.34397744,-94.82901115,S2B_MSIL2A_20190708T164849_R026_T15RUN_20201005T111645,2019-07-08,0.79,54780,"['2016-09-06', '2023-09-20']"
1423,29.36778392,-94.77669566,S2A_MSIL2A_20231229T165721_R026_T15RUN_20231229T212831,2023-12-29,0.0,48368,['2023-09-20']
1423,29.36778392,-94.77669566,S2B_MSIL2A_20220324T164839_R026_T15RUN_20240522T034216,2022-03-24,0.0,48408,['2023-09-20']
1423,29.36778392,-94.77669566,S2B_MSIL2A_20240929T165019_R026_T15RUN_20240929T211103,2024-09-29,0.0,46884,['2023-09-20']
1423,29.36778392,-94.77669566,S2C_MSIL2A_20250201T165551_R026_T15RUN_20250201T205612,2025-02-01,0.0,47068,['2023-09-20']
1423,29.36778392,-94.77669566,S2B_MSIL2A_20190409T164849_R026_T15RUN_20201007T001405,2019-04-09,0.4,48604,['2023-09-20']
1424,29.39087793,-94.77709696,S2B_MSIL2A_20221030T165429_R026_T15RUN_20221031T041006,2022-10-30,0.0,57164,['2023-09-20']
1424,29.39087793,-94.77709696,S2B_MSIL2A_20251103T165359_R026_T15RUN_20251103T203609,2025-11-03,0.01,56468,['2023-09-20']
1424,29.39087793,-94.77709696,S2B_MSIL2A_20211114T165549_R026_T15RUN_20211115T030615,2021-11-14,0.12,56804,['2023-09-20']
1424,29.39087793,-94.77709696,S2A_MSIL2A_20171130T165641_R026_T15RUN_20201014T230558,2017-11-30,0.43,56836,['2023-09-20']
1424,29.39087793,-94.77709696,S2A_MSIL2A_20190812T164901_R026_T15RUN_20201004T232758,2019-08-12,0.47,54388,['2023-09-20']
1425,29.34009,-94.68816,S2A_MSIL2A_20230304T165201_R026_T15RUN_20240819T113811,2023-03-04,0.0,66564,['2023-09-10']
1425,29.34009,-94.68816,S2B_MSIL2A_20210319T164919_R026_T15RUN_20210320T032224,2021-03-19,0.0,66564,['2023-09-10']
1425,29.34009,-94.68816,S2A_MSIL2A_20161225T170522_R026_T15RUN_20210214T003840,2016-12-25,0.0,66564,['2023-09-10']
1425,29.34009,-94.68816,S2A_MSIL2A_20200208T165441_R026_T15RUN_20201001T090017,2020-02-08,0.0,66564,['2023-09-10']
1425,29.34009,-94.68816,S2B_MSIL2A_20190906T164849_R026_T15RUN_20201004T100851,2019-09-06,0.0,66564,['2023-09-10']
1426,29.3631852,-94.68854088,S2B_MSIL2A_20210428T164839_R026_T15RUN_20210429T131604,2021-04-28,0.0,66564,['2023-09-10']
1426,29.3631852,-94.68854088,S2A_MSIL2A_20170911T164851_R026_T15RUN_20210202T001137,2017-09-11,0.0,66564,['2023-09-10']
1426,29.3631852,-94.68854088,S2C_MSIL2A_20250201T165551_R026_T15RUN_20250201T205612,2025-02-01,0.0,66564,['2023-09-10']
1426,29.3631852,-94.68854088,S2A_MSIL2A_20250723T165711_R026_T15RUN_20250724T012216,2025-07-23,0.0,66564,['2023-09-10']
1426,29.3631852,-94.68854088,S2B_MSIL2A_20231104T165459_R026_T15RUN_20231104T210806,2023-11-04,0.0,66564,['2023-09-10']
1427,29.36284875,-94.71490527,S2B_MSIL2A_20220324T164839_R026_T15RUN_20240522T034216,2022-03-24,0.0,66248,['2023-09-10']
1427,29.36284875,-94.71490527,S2A_MSIL2A_20220528T164851_R026_T15RUN_20240628T235733,2022-05-28,0.01,66220,['2023-09-10']
1427,29.36284875,-94.71490527,S2A_MSIL2A_20180509T164901_R026_T15RUN_20201012T074231,2018-05-09,0.07,66208,['2023-09-10']
1427,29.36284875,-94.71490527,S2A_MSIL2A_20160320T165302_R026_T15RUN_20210528T172001,2016-03-20,0.08,65068,['2023-09-10']
1427,29.36284875,-94.71490527,S2A_MSIL2A_20161115T170522_R026_T15RUN_20210414T104504,2016-11-15,0.16,66184,['2023-09-10']
1428,29.33975387,-94.71451845,S2B_MSIL2A_20260313T164959_R026_T15RUN_20260313T221903,2026-03-13,0.01,66460,['2023-09-10']
1428,29.33975387,-94.71451845,S2A_MSIL2A_20230304T165201_R026_T15RUN_20240819T113811,2023-03-04,0.01,66332,['2023-09-10']
1428,29.33975387,-94.71451845,S2A_MSIL2A_20180728T164901_R026_T15RUN_20201011T205932,2018-07-28,0.01,66056,['2023-09-10']
1428,29.33975387,-94.71451845,S2A_MSIL2A_20220207T165451_R026_T15RUN_20220220T035632,2022-02-07,0.01,66520,['2023-09-10']
1428,29.33975387,-94.71451845,S2A_MSIL2A_20160906T170522_R026_T15RUN_20210212T221004,2016-09-06,0.04,66208,['2023-09-10']
1429,29.3433,-94.74221,S2A_MSIL2A_20251230T165741_R026_T15RUN_20251230T202215,2025-12-30,0.16,56920,"['2015-09-22', '2023-08-26']"
1429,29.3433,-94.74221,S2B_MSIL2A_20260313T164959_R026_T15RUN_20260313T221903,2026-03-13,0.23,56956,"['2015-09-22', '2023-08-26']"
1429,29.3433,-94.74221,S2B_MSIL2A_20190608T164849_R026_T15RUN_20201005T234903,2019-06-08,0.27,57216,"['2015-09-22', '2023-08-26']"
1429,29.3433,-94.74221,S2A_MSIL2A_20211010T165221_R026_T15RUN_20211011T035820,2021-10-10,0.27,56944,"['2015-09-22', '2023-08-26']"
1429,29.3433,-94.74221,S2C_MSIL2A_20250621T164901_R026_T15RUN_20250621T222006,2025-06-21,0.52,56116,"['2015-09-22', '2023-08-26']"
1430,29.34295316,-94.76856853,S2B_MSIL2A_20231104T165459_R026_T15RUN_20231104T210806,2023-11-04,0.06,56780,"['2015-09-22', '2023-08-26']"
1430,29.34295316,-94.76856853,S2A_MSIL2A_20161125T165632_R026_T15RUN_20210415T000736,2016-11-25,0.24,56632,"['2015-09-22', '2023-08-26']"
1430,29.34295316,-94.76856853,S2A_MSIL2A_20180509T164901_R026_T15RUN_20201012T074231,2018-05-09,0.27,56056,"['2015-09-22', '2023-08-26']"
1430,29.34295316,-94.76856853,S2B_MSIL2A_20201209T165709_R026_T15RUN_20201210T202920,2020-12-09,0.29,56576,"['2015-09-22', '2023-08-26']"
1430,29.34295316,-94.76856853,S2A_MSIL2A_20240427T170051_R026_T15RUN_20240428T011412,2024-04-27,0.63,56000,"['2015-09-22', '2023-08-26']"
1433,29.29740572,-94.77511021,S2B_MSIL2A_20231104T165459_R026_T15RUN_20231104T210806,2023-11-04,0.0,38588,['2015-09-22']
1433,29.29740572,-94.77511021,S2B_MSIL2A_20200324T164839_R026_T15RUN_20201018T182939,2020-03-24,0.52,38292,['2015-09-22']
1433,29.29740572,-94.77511021,S2B_MSIL2A_20211005T165049_R026_T15RUN_20211006T060729,2021-10-05,0.93,38952,['2015-09-22']
1433,29.29740572,-94.77511021,S2B_MSIL2A_20210617T164839_R026_T15RUN_20210618T113432,2021-06-17,0.96,38136,['2015-09-22']
1433,29.29740572,-94.77511021,S2A_MSIL2A_20240427T170051_R026_T15RUN_20240428T011412,2024-04-27,2.66,36096,['2015-09-22']
1434,29.29775336,-94.74876348,S2A_MSIL2A_20181115T165541_R026_T15RUN_20201008T184604,2018-11-15,0.0,66524,['2015-09-22']
1434,29.29775336,-94.74876348,S2A_MSIL2A_20180509T164901_R026_T15RUN_20201012T074231,2018-05-09,0.0,66512,['2015-09-22']
1434,29.29775336,-94.74876348,S2B_MSIL2A_20251103T165359_R026_T15RUN_20251103T203609,2025-11-03,0.0,66476,['2015-09-22']
1434,29.29775336,-94.74876348,S2A_MSIL2A_20160807T165322_R026_T15RUN_20210212T120513,2016-08-07,0.0,66536,['2015-09-22']
1434,29.29775336,-94.74876348,S2B_MSIL2A_20200811T164849_R026_T15RUN_20201025T114937,2020-08-11,0.0,66484,['2015-09-22']
1435,29.3128,-94.82073,S2B_MSIL2A_20230816T164849_R026_T15RUN_20241025T114639,2023-08-16,0.07,33548,['2016-09-06']
1435,29.3128,-94.82073,S2B_MSIL2A_20200124T165559_R026_T15RUN_20201002T093040,2020-01-24,3.45,34160,['2016-09-06']
1435,29.3128,-94.82073,S2A_MSIL2A_20181115T165541_R026_T15RUN_20201008T184604,2018-11-15,3.58,33824,['2016-09-06']
1435,29.3128,-94.82073,S2A_MSIL2A_20171130T165641_R026_T15RUN_20201014T230558,2017-11-30,3.59,33904,['2016-09-06']
1435,29.3128,-94.82073,S2A_MSIL2A_20170124T165551_R026_T15RUN_20210207T183434,2017-01-24,3.7,33936,['2016-09-06']
1437,29.312438,-94.84707955,S2B_MSIL2A_20221020T165329_R026_T15RUN_20221021T034612,2022-10-20,0.0,66268,['2016-09-06']
1437,29.312438,-94.84707955,S2B_MSIL2A_20241009T165119_R026_T15RUN_20241009T211130,2024-10-09,0.0,66352,['2016-09-06']
1437,29.312438,-94.84707955,S2C_MSIL2A_20250909T164901_R026_T15RUN_20250909T202215,2025-09-09,0.0,66352,['2016-09-06']
1437,29.312438,-94.84707955,S2A_MSIL2A_20231229T165721_R026_T15RUN_20231229T212831,2023-12-29,0.0,66000,['2016-09-06']
1437,29.312438,-94.84707955,S2A_MSIL2A_20170911T164851_R026_T15RUN_20210202T001137,2017-09-11,0.12,66340,['2016-09-06']
1438,29.63356397,-94.95560102,S2A_MSIL2A_20230304T165201_R026_T15RUN_20240819T113811,2023-03-04,0.0,41204,['2016-09-06']
1438,29.63356397,-94.95560102,S2A_MSIL2A_20240616T164851_R026_T15RUN_20240617T010758,2024-06-16,0.21,40952,['2016-09-06']
1438,29.63356397,-94.95560102,S2B_MSIL2A_20171029T170409_R069_T15RUN_20201015T030431,2017-10-29,0.5,41656,['2016-09-06']
1438,29.63356397,-94.95560102,S2B_MSIL2A_20220113T165639_R026_T15RUN_20220114T063038,2022-01-13,0.6,42388,['2016-09-06']
1438,29.63356397,-94.95560102,S2C_MSIL2A_20250201T165551_R026_T15RUN_20250201T205612,2025-02-01,0.71,41704,['2016-09-06']
1439,29.61047315,-94.95515505,S2C_MSIL2A_20250909T164901_R026_T15RUN_20250909T202215,2025-09-09,0.02,57492,['2016-09-06']
1439,29.61047315,-94.95515505,S2B_MSIL2A_20240212T165429_R026_T15RUN_20240212T221753,2024-02-12,0.05,57924,['2016-09-06']
1439,29.61047315,-94.95515505,S2B_MSIL2A_20170929T171509_R069_T15RUN_20210202T114745,2017-09-29,0.06,57940,['2016-09-06']
1439,29.61047315,-94.95515505,S2A_MSIL2A_20211212T170721_R069_T15RUN_20230130T135212,2021-12-12,0.13,59860,['2016-09-06']
1439,29.61047315,-94.95515505,S2B_MSIL2A_20191115T165549_R026_T15RUN_20201003T165359,2019-11-15,0.23,57756,['2016-09-06']
1440,29.58776873,-94.92829056,S2A_MSIL2A_20200221T170321_R069_T15RUN_20200927T144613,2020-02-21,0.06,43904,['2016-09-06']
1440,29.58776873,-94.92829056,S2A_MSIL2A_20161026T165402_R026_T15RUN_20210213T145007,2016-10-26,0.07,54772,['2016-09-06']
1440,29.58776873,-94.92829056,S2B_MSIL2A_20220324T164839_R026_T15RUN_20240522T034216,2022-03-24,0.14,57720,['2016-09-06']
1440,29.58776873,-94.92829056,S2A_MSIL2A_20170315T165301_R026_T15RUN_20210208T224658,2017-03-15,0.2,66068,['2016-09-06']
1440,29.58776873,-94.92829056,S2B_MSIL2A_20220113T165639_R026_T15RUN_20220114T063038,2022-01-13,0.21,59156,['2016-09-06']
1441,29.58814997,-94.90187101,S2A_MSIL2A_20180330T164851_R026_T15RUN_20201013T163600,2018-03-30,0.0,66332,['2016-09-06']
1441,29.58814997,-94.90187101,S2A_MSIL2A_20231020T165321_R026_T15RUN_20241102T132728,2023-10-20,0.0,64688,['2016-09-06']
1441,29.58814997,-94.90187101,S2A_MSIL2A_20230304T165201_R026_T15RUN_20240819T113811,2023-03-04,0.0,64636,['2016-09-06']
1441,29.58814997,-94.90187101,S2A_MSIL2A_20181215T165711_R026_T15RUN_20201008T101833,2018-12-15,0.01,66324,['2016-09-06']
1441,29.58814997,-94.90187101,S2B_MSIL2A_20191205T165649_R026_T15RUN_20201003T011404,2019-12-05,0.01,65028,['2016-09-06']
1442,29.63433313,-94.90273838,S2B_MSIL2A_20211005T165049_R026_T15RUN_20211006T060729,2021-10-05,0.0,66564,['2016-09-06']
1442,29.63433313,-94.90273838,S2B_MSIL2A_20200413T164839_R026_T15RUN_20200923T100247,2020-04-13,0.0,66564,['2016-09-06']
1442,29.63433313,-94.90273838,S2B_MSIL2A_20201209T165709_R026_T15RUN_20201210T202920,2020-12-09,0.0,66564,['2016-09-06']
1442,29.63433313,-94.90273838,S2B_MSIL2A_20170817T164859_R026_T15RUN_20210201T041820,2017-08-17,0.0,66564,['2016-09-06']
1442,29.63433313,-94.90273838,S2A_MSIL2A_20170124T165551_R026_T15RUN_20210207T183434,2017-01-24,0.0,66564,['2016-09-06']
1443,29.2170837,-95.02683233,S2A_MSIL2A_20161026T165402_R026_T15RUN_20210213T145007,2016-10-26,0.0,52648,['2023-09-20']
1443,29.2170837,-95.02683233,S2B_MSIL2A_20220622T164849_R026_T15RUN_20220623T062158,2022-06-22,0.0,52268,['2023-09-20']
1443,29.2170837,-95.02683233,S2C_MSIL2A_20250909T164901_R026_T15RUN_20250909T202215,2025-09-09,0.04,54020,['2023-09-20']
1443,29.2170837,-95.02683233,S2A_MSIL2A_20220418T164851_R026_T15RTN_20220419T030550,2022-04-18,0.09,52856,['2023-09-20']
1443,29.2170837,-95.02683233,S2A_MSIL2A_20200228T165231_R026_T15RTN_20200928T232208,2020-02-28,0.12,52824,['2023-09-20']
1444,29.19438836,-95.00006146,S2B_MSIL2A_20240701T164849_R026_T15RTN_20240702T005951,2024-07-01,0.0,63036,['2023-09-20']
1444,29.19438836,-95.00006146,S2B_MSIL2A_20220324T164839_R026_T15RUN_20240522T034216,2022-03-24,0.0,63044,['2023-09-20']
1444,29.19438836,-95.00006146,S2B_MSIL2A_20200612T164849_R026_T15RUN_20200827T040834,2020-06-12,0.12,62972,['2023-09-20']
1444,29.19438836,-95.00006146,S2A_MSIL2A_20170124T165551_R026_T15RUN_20210207T183434,2017-01-24,0.2,63268,['2023-09-20']
1444,29.19438836,-95.00006146,S2A_MSIL2A_20160807T165322_R026_T15RUN_20210212T120513,2016-08-07,0.26,62508,['2023-09-20']
1447,28.58846,-95.98296,S2C_MSIL2A_20251111T170551_R069_T15RTM_20251111T205111,2025-11-11,0.0,50628,['2015-10-05']
1447,28.58846,-95.98296,S2B_MSIL2A_20260326T165849_R069_T15RTM_20260326T222755,2026-03-26,0.71,47784,['2015-10-05']
1447,28.58846,-95.98296,S2B_MSIL2A_20201003T170049_R069_T15RTM_20201005T070229,2020-10-03,1.14,49624,['2015-10-05']
1447,28.58846,-95.98296,S2B_MSIL2A_20211107T170519_R069_T14RQS_20211117T075229,2021-11-07,1.39,49972,['2015-10-05']
1447,28.58846,-95.98296,S2A_MSIL2A_20210116T170641_R069_T14RQS_20210202T055520,2021-01-16,4.4,44652,['2015-10-05']
1448,28.5878755,-95.95681646,S2A_MSIL2A_20240808T165851_R069_T14RQS_20240809T005549,2024-08-08,0.0,66312,['2015-10-05']
1448,28.5878755,-95.95681646,S2B_MSIL2A_20241121T170529_R069_T15RTM_20241121T205234,2024-11-21,0.02,66476,['2015-10-05']
1448,28.5878755,-95.95681646,S2A_MSIL2A_20260102T170721_R069_T15RTM_20260102T204416,2026-01-02,0.03,66468,['2015-10-05']
1448,28.5878755,-95.95681646,S2B_MSIL2A_20181004T170139_R069_T15RTM_20201009T081124,2018-10-04,0.15,66404,['2015-10-05']
1448,28.5878755,-95.95681646,S2B_MSIL2A_20200804T165849_R069_T14RQS_20200816T044038,2020-08-04,0.35,66104,['2015-10-05']
1449,28.66886976,-96.27020483,S2B_MSIL2A_20200206T170459_R069_T14RQS_20201001T035257,2020-02-06,0.09,65896,['2023-09-23']
1449,28.66886976,-96.27020483,S2C_MSIL2A_20251121T170631_R069_T14RQS_20251121T210118,2025-11-21,0.12,65992,['2023-09-23']
1449,28.66886976,-96.27020483,S2A_MSIL2A_20221227T170721_R069_T14RQS_20221228T013850,2022-12-27,0.2,65468,['2023-09-23']
1449,28.66886976,-96.27020483,S2A_MSIL2A_20210725T165901_R069_T14RQS_20210726T151126,2021-07-25,0.34,65608,['2023-09-23']
1449,28.66886976,-96.27020483,S2B_MSIL2A_20190820T165849_R069_T14RQS_20201005T025201,2019-08-20,0.93,65308,['2023-09-23']
1450,28.66833926,-96.24403471,S2A_MSIL2A_20220411T165851_R069_T14RQS_20240604T133546,2022-04-11,0.0,66564,['2023-09-23']
1450,28.66833926,-96.24403471,S2A_MSIL2A_20210923T170031_R069_T14RQS_20210924T140025,2021-09-23,0.0,66564,['2023-09-23']
1450,28.66833926,-96.24403471,S2A_MSIL2A_20221127T170641_R069_T14RQS_20221130T215332,2022-11-27,0.0,66228,['2023-09-23']
1450,28.66833926,-96.24403471,S2B_MSIL2A_20191218T170719_R069_T14RQS_20201003T064443,2019-12-18,0.0,66564,['2023-09-23']
1450,28.66833926,-96.24403471,S2C_MSIL2A_20251121T170631_R069_T14RQS_20251121T210118,2025-11-21,0.0,66564,['2023-09-23']
1455,28.49445387,-96.4454307,S2B_MSIL2A_20241121T170529_R069_T14RQS_20241121T205234,2024-11-21,0.0,56456,"['2023-09-08', '2023-10-03']"
1455,28.49445387,-96.4454307,S2B_MSIL2A_20240405T165849_R069_T14RQS_20240406T004918,2024-04-05,0.21,54940,"['2023-09-08', '2023-10-03']"
1455,28.49445387,-96.4454307,S2B_MSIL2A_20190402T165849_R069_T14RQS_20201006T213257,2019-04-02,0.51,55384,"['2023-09-08', '2023-10-03']"
1455,28.49445387,-96.4454307,S2B_MSIL2A_20211008T170119_R069_T14RQS_20211009T081918,2021-10-08,0.61,55996,"['2023-09-08', '2023-10-03']"
1455,28.49445387,-96.4454307,S2B_MSIL2A_20180517T165849_R069_T14RQS_20201012T110743,2018-05-17,5.02,52132,"['2023-09-08', '2023-10-03']"
1456,28.47087528,-96.41986154,S2A_MSIL2A_20240220T170331_R069_T14RQS_20240220T231049,2024-02-20,0.11,49648,"['2023-09-08', '2023-10-03']"
1456,28.47087528,-96.41986154,S2C_MSIL2A_20251012T170251_R069_T14RQS_20251012T214201,2025-10-12,0.13,50428,"['2023-09-08', '2023-10-03']"
1456,28.47087528,-96.41986154,S2A_MSIL2A_20190914T165921_R069_T14RQS_20201004T130258,2019-09-14,0.5,49944,"['2023-09-08', '2023-10-03']"
1456,28.47087528,-96.41986154,S2A_MSIL2A_20160929T170302_R069_T14RQS_20210213T055130,2016-09-29,0.51,49784,"['2023-09-08', '2023-10-03']"
1456,28.47087528,-96.41986154,S2A_MSIL2A_20210923T170031_R069_T14RQS_20210924T140025,2021-09-23,0.98,49764,"['2023-09-08', '2023-10-03']"
1468,27.61782343,-97.18682702,S2A_MSIL2A_20221227T170721_R069_T14RPR_20221228T005207,2022-12-27,0.0,63576,['2023-08-24']
1468,27.61782343,-97.18682702,S2B_MSIL2A_20240803T165849_R069_T14RPR_20240804T084346,2024-08-03,0.0,63684,['2023-08-24']
1468,27.61782343,-97.18682702,S2B_MSIL2A_20220215T170359_R069_T14RPR_20220223T185307,2022-02-15,0.22,63568,['2023-08-24']
1468,27.61782343,-97.18682702,S2A_MSIL2A_20210923T170031_R069_T14RPR_20210924T153424,2021-09-23,0.65,63316,['2023-08-24']
1468,27.61782343,-97.18682702,S2A_MSIL2A_20170216T170351_R069_T14RPR_20210208T132647,2017-02-16,0.68,63348,['2023-08-24']
1471,27.7741,-97.3875,S2C_MSIL2A_20250306T170211_R069_T14RPR_20250306T222015,2025-03-06,0.0,36532,['2023-10-03']
1471,27.7741,-97.3875,S2A_MSIL2A_20240220T170331_R069_T14RPR_20240220T231052,2024-02-20,0.01,36584,['2023-10-03']
1471,27.7741,-97.3875,S2C_MSIL2A_20251012T170251_R069_T14RPR_20251012T214201,2025-10-12,0.03,36620,['2023-10-03']
1471,27.7741,-97.3875,S2B_MSIL2A_20220605T165849_R069_T14RPR_20220606T030217,2022-06-05,0.24,36160,['2023-10-03']
1471,27.7741,-97.3875,S2B_MSIL2A_20190810T165849_R069_T14RPR_20201004T225237,2019-08-10,6.65,34452,['2023-10-03']
1472,27.79720141,-97.38715909,S2A_MSIL2A_20240410T165851_R069_T14RPR_20240411T012448,2024-04-10,0.01,43080,['2023-10-03']
1472,27.79720141,-97.38715909,S2B_MSIL2A_20231117T170559_R069_T14RPR_20231117T211325,2023-11-17,0.01,42964,['2023-10-03']
1472,27.79720141,-97.38715909,S2A_MSIL2A_20171123T170621_R069_T14RPR_20201014T214712,2017-11-23,0.72,43192,['2023-10-03']
1472,27.79720141,-97.38715909,S2B_MSIL2A_20170830T165849_R069_T14RPR_20210201T152652,2017-08-30,0.89,42900,['2023-10-03']
1472,27.79720141,-97.38715909,S2A_MSIL2A_20191014T170251_R069_T14RPR_20201004T021156,2019-10-14,1.1,42976,['2023-10-03']
1476,59.02088575,18.34905624,S2C_MSIL2A_20250922T101741_R065_T34VCL_20250922T155314,2025-09-22,0.0,36628,['2021-06-29']
1476,59.02088575,18.34905624,S2A_MSIL2A_20220624T100041_R122_T34VCL_20240714T162313,2022-06-24,0.0,36556,['2021-06-29']
1476,59.02088575,18.34905624,S2A_MSIL2A_20240504T100031_R122_T34VCL_20240504T154514,2024-05-04,0.0,36700,['2021-06-29']
1476,59.02088575,18.34905624,S2A_MSIL2A_20220518T100601_R022_T33VXF_20220520T090345,2022-05-18,0.0,36808,['2021-06-29']
1476,59.02088575,18.34905624,S2B_MSIL2A_20221023T102029_R065_T33VXF_20221024T052237,2022-10-23,0.01,36112,['2021-06-29']
1479,58.35325289,16.87112999,S2A_MSIL2A_20200319T101021_R022_T33VXE_20201012T164319,2020-03-19,0.0,45068,"['2021-06-27', '2021-07-17']"
1479,58.35325289,16.87112999,S2A_MSIL2A_20241017T102021_R065_T33VXE_20241017T143350,2024-10-17,0.0,44332,"['2021-06-27', '2021-07-17']"
1479,58.35325289,16.87112999,S2A_MSIL2A_20190424T101031_R022_T33VXE_20201105T165735,2019-04-24,0.01,44572,"['2021-06-27', '2021-07-17']"
1479,58.35325289,16.87112999,S2B_MSIL2A_20191029T102039_R065_T33VWE_20201004T072729,2019-10-29,0.01,32000,"['2021-06-27', '2021-07-17']"
1479,58.35325289,16.87112999,S2A_MSIL2A_20220302T101941_R065_T33VWE_20220304T050612,2022-03-02,0.01,32008,"['2021-06-27', '2021-07-17']"
1491,59.64302444,18.73871897,S2A_MSIL2A_20160502T102032_R065_T34VCM_20210211T075627,2016-05-02,0.0,48696,"['2021-07-02', '2021-07-14']"
1491,59.64302444,18.73871897,S2B_MSIL2A_20230316T100029_R122_T34VCM_20240827T115615,2023-03-16,0.0,33256,"['2021-07-02', '2021-07-14']"
1491,59.64302444,18.73871897,S2B_MSIL2A_20230131T102149_R065_T34VCM_20230201T004155,2023-01-31,0.0,49152,"['2021-07-02', '2021-07-14']"
1491,59.64302444,18.73871897,S2A_MSIL2A_20170524T101031_R022_T34VCM_20210209T174811,2017-05-24,0.01,48208,"['2021-07-02', '2021-07-14']"
1491,59.64302444,18.73871897,S2B_MSIL2A_20171019T102019_R065_T34VCM_20201015T010010,2017-10-19,0.1,48360,"['2021-07-02', '2021-07-14']"
1492,59.62005413,18.74026374,S2A_MSIL2A_20190901T101031_R022_T34VCM_20201004T075755,2019-09-01,0.0,38552,['2021-07-02']
1492,59.62005413,18.74026374,S2A_MSIL2A_20260327T100051_R122_T34VCM_20260327T165916,2026-03-27,0.0,39704,['2021-07-02']
1492,59.62005413,18.74026374,S2B_MSIL2A_20231012T095849_R122_T34VCM_20241102T165148,2023-10-12,0.0,39112,['2021-07-02']
1492,59.62005413,18.74026374,S2A_MSIL2A_20251018T100041_R122_T34VCM_20251018T115256,2025-10-18,0.0,39204,['2021-07-02']
1492,59.62005413,18.74026374,S2B_MSIL2A_20200927T100029_R122_T34VCM_20200929T024513,2020-09-27,0.0,38736,['2021-07-02']
1493,59.62082825,18.78560685,S2B_MSIL2A_20200725T101559_R065_T34VCM_20200817T130712,2020-07-25,0.0,51600,['2021-07-02']
1493,59.62082825,18.78560685,S2B_MSIL2A_20170830T102019_R065_T34VCM_20210201T152001,2017-08-30,0.06,52000,['2021-07-02']
1493,59.62082825,18.78560685,S2B_MSIL2A_20200530T100029_R122_T34VCM_20200911T133225,2020-05-30,0.5,52264,['2021-07-02']
1493,59.62082825,18.78560685,S2A_MSIL2A_20170213T101121_R022_T34VCM_20210208T115147,2017-02-13,6.47,53880,['2021-07-02']
1493,59.62082825,18.78560685,S2C_MSIL2A_20251115T100311_R122_T34VCM_20251115T114609,2025-11-15,7.44,49624,['2021-07-02']
1494,59.64379927,18.78409302,S2A_MSIL2A_20230709T100031_R122_T34VCM_20230709T153926,2023-07-09,0.0,34396,"['2021-07-02', '2021-07-14']"
1494,59.64379927,18.78409302,S2A_MSIL2A_20240716T100601_R022_T34VCM_20240716T155947,2024-07-16,0.0,34144,"['2021-07-02', '2021-07-14']"
1494,59.64379927,18.78409302,S2B_MSIL2A_20190416T100029_R122_T34VCM_20201007T025604,2019-04-16,0.0,36540,"['2021-07-02', '2021-07-14']"
1494,59.64379927,18.78409302,S2A_MSIL2A_20200306T100021_R122_T34VCM_20200929T103645,2020-03-06,0.01,36932,"['2021-07-02', '2021-07-14']"
1494,59.64379927,18.78409302,S2A_MSIL2A_20180807T101021_R022_T34VCM_20201010T222050,2018-08-07,0.01,34860,"['2021-07-02', '2021-07-14']"
1495,59.66677018,18.78257676,S2B_MSIL2A_20240330T095559_R122_T34VCM_20240330T143607,2024-03-30,0.0,42064,"['2021-07-02', '2021-07-14']"
1495,59.66677018,18.78257676,S2A_MSIL2A_20230513T100551_R022_T34VCM_20230513T183005,2023-05-13,0.0,41288,"['2021-07-02', '2021-07-14']"
1495,59.66677018,18.78257676,S2B_MSIL2A_20200609T100029_R122_T34VCM_20200826T185059,2020-06-09,0.0,40796,"['2021-07-02', '2021-07-14']"
1495,59.66677018,18.78257676,S2A_MSIL2A_20180119T101331_R022_T34VCM_20201025T211436,2018-01-19,0.98,42340,"['2021-07-02', '2021-07-14']"
1495,59.66677018,18.78257676,S2B_MSIL2A_20200104T101319_R022_T34VCM_20201002T225710,2020-01-04,1.3,44408,"['2021-07-02', '2021-07-14']"
1498,59.07433371,18.48203363,S2A_MSIL2A_20190901T101031_R022_T34VCL_20201004T075754,2019-09-01,0.0,45012,['2021-06-29']
1498,59.07433371,18.48203363,S2A_MSIL2A_20160317T100012_R122_T34VCL_20210528T155920,2016-03-17,0.0,42888,['2021-06-29']
1498,59.07433371,18.48203363,S2B_MSIL2A_20181024T102059_R065_T33VXF_20201009T145815,2018-10-24,0.0,45448,['2021-06-29']
1498,59.07433371,18.48203363,S2B_MSIL2A_20180511T100029_R122_T34VCL_20201012T084118,2018-05-11,0.0,45112,['2021-06-29']
1498,59.07433371,18.48203363,S2A_MSIL2A_20190213T101131_R022_T34VCL_20201007T162330,2019-02-13,1.1,45884,['2021-06-29']
1502,56.16543169,15.60475489,S2B_MSIL2A_20230508T100559_R022_T33VWC_20240908T113907,2023-05-08,0.0,41248,"['2021-03-02', '2021-07-05', '2021-07-22']"
1502,56.16543169,15.60475489,S2B_MSIL2A_20231018T101939_R065_T33VWC_20231019T141957,2023-10-18,0.0,41740,"['2021-03-02', '2021-07-05', '2021-07-22']"
1502,56.16543169,15.60475489,S2B_MSIL2A_20260306T102019_R065_T33VWC_20260306T155115,2026-03-06,0.0,41836,"['2021-03-02', '2021-07-05', '2021-07-22']"
1502,56.16543169,15.60475489,S2A_MSIL2A_20220319T100731_R022_T33VWC_20240601T184653,2022-03-19,0.04,41820,"['2021-03-02', '2021-07-05', '2021-07-22']"
1502,56.16543169,15.60475489,S2A_MSIL2A_20190726T102031_R065_T33VWC_20201106T020401,2019-07-26,0.85,40984,"['2021-03-02', '2021-07-05', '2021-07-22']"
1506,55.42426642,13.78494526,S2B_MSIL2A_20230908T101559_R065_T33UVB_20241023T202405,2023-09-08,0.03,33868,['2021-07-05']
1506,55.42426642,13.78494526,S2A_MSIL2A_20200521T102031_R065_T33UVB_20200910T103844,2020-05-21,0.05,34032,['2021-07-05']
1506,55.42426642,13.78494526,S2B_MSIL2A_20170731T102019_R065_T33UVB_20210210T173314,2017-07-31,0.15,33688,['2021-07-05']
1506,55.42426642,13.78494526,S2A_MSIL2A_20160909T102022_R065_T33UVB_20210212T230634,2016-09-09,0.31,33692,['2021-07-05']
1506,55.42426642,13.78494526,S2B_MSIL2A_20181103T102159_R065_T33UVB_20201008T153057,2018-11-03,0.33,33776,['2021-07-05']
1507,55.4238581,13.74450728,S2A_MSIL2A_20200829T102031_R065_T33UVB_20200907T150015,2020-08-29,0.0,39432,['2021-07-05']
1507,55.4238581,13.74450728,S2B_MSIL2A_20260415T101559_R065_T33UVB_20260415T153336,2026-04-15,0.0,39268,['2021-07-05']
1507,55.4238581,13.74450728,S2B_MSIL2A_20230908T101559_R065_T33UVB_20241023T202405,2023-09-08,0.01,39312,['2021-07-05']
1507,55.4238581,13.74450728,S2A_MSIL2A_20170527T102031_R065_T33UVB_20210712T214033,2017-05-27,0.05,39156,['2021-07-05']
1507,55.4238581,13.74450728,S2B_MSIL2A_20240714T101559_R065_T33UVB_20240714T151229,2024-07-14,0.16,39372,['2021-07-05']
1508,60.15112796,18.6418569,S2A_MSIL2A_20170404T101021_R022_T34VCM_20210209T044018,2017-04-04,0.0,55060,['2021-07-02']
1508,60.15112796,18.6418569,S2A_MSIL2A_20240626T101031_R022_T33VXG_20240626T194237,2024-06-26,0.0,53804,['2021-07-02']
1508,60.15112796,18.6418569,S2A_MSIL2A_20220128T101301_R022_T33VXG_20220213T064134,2022-01-28,0.12,32216,['2021-07-02']
1508,60.15112796,18.6418569,S2A_MSIL2A_20240217T101101_R022_T33VXG_20240217T133839,2024-02-17,0.47,35808,['2021-07-02']
1508,60.15112796,18.6418569,S2A_MSIL2A_20160412T102022_R065_T34VCM_20210211T032432,2016-04-12,2.34,54636,['2021-07-02']
1509,60.15029963,18.59579036,S2B_MSIL2A_20260306T102019_R065_T34VCM_20260306T155115,2026-03-06,0.0,51932,['2021-07-02']
1509,60.15029963,18.59579036,S2B_MSIL2A_20190628T101039_R022_T34VCM_20201006T073443,2019-06-28,0.0,48884,['2021-07-02']
1509,60.15029963,18.59579036,S2A_MSIL2A_20160608T101032_R022_T34VCM_20210211T173914,2016-06-08,0.01,49232,['2021-07-02']
1509,60.15029963,18.59579036,S2A_MSIL2A_20170325T101021_R022_T34VCM_20210209T013530,2017-03-25,0.15,50760,['2021-07-02']
1509,60.15029963,18.59579036,S2B_MSIL2A_20200314T101019_R022_T34VCM_20201009T234915,2020-03-14,1.44,50076,['2021-07-02']
1510,60.12897257,18.68953816,S2C_MSIL2A_20260410T102021_R065_T33VXG_20260410T160212,2026-04-10,0.0,39256,['2021-07-02']
1510,60.12897257,18.68953816,S2B_MSIL2A_20240525T101559_R065_T33VXG_20240525T141839,2024-05-25,0.0,38432,['2021-07-02']
1510,60.12897257,18.68953816,S2B_MSIL2A_20210227T101029_R022_T34VCM_20210227T195959,2021-02-27,0.2,39720,['2021-07-02']
1510,60.12897257,18.68953816,S2A_MSIL2A_20210831T101031_R022_T33VXG_20210831T222142,2021-08-31,0.76,38152,['2021-07-02']
1510,60.12897257,18.68953816,S2B_MSIL2A_20211217T102329_R065_T33VXG_20211217T230515,2021-12-17,1.4,40924,['2021-07-02']
1511,60.15194028,18.68792611,S2A_MSIL2A_20230126T102311_R065_T33VXG_20240810T093409,2023-01-26,0.0,65592,['2021-07-02']
1511,60.15194028,18.68792611,S2B_MSIL2A_20191105T101119_R022_T33VXG_20201003T132759,2019-11-05,0.0,65548,['2021-07-02']
1511,60.15194028,18.68792611,S2B_MSIL2A_20190608T101029_R022_T34VCM_20201005T234619,2019-06-08,0.0,64884,['2021-07-02']
1511,60.15194028,18.68792611,S2B_MSIL2A_20220814T101559_R065_T33VXG_20240707T220121,2022-08-14,0.0,64888,['2021-07-02']
1511,60.15194028,18.68792611,S2A_MSIL2A_20160721T102032_R065_T33VXG_20210212T064123,2016-07-21,0.0,64928,['2021-07-02']
1512,59.53103019,18.83162219,S2B_MSIL2A_20180511T100029_R122_T34VCM_20201012T084116,2018-05-11,0.0,58104,['2021-07-02']
1512,59.53103019,18.83162219,S2B_MSIL2A_20230131T102149_R065_T34VCM_20230201T004155,2023-01-31,0.0,58916,['2021-07-02']
1512,59.53103019,18.83162219,S2C_MSIL2A_20260410T102021_R065_T34VCM_20260410T160212,2026-04-10,0.0,58220,['2021-07-02']
1512,59.53103019,18.83162219,S2B_MSIL2A_20240409T095549_R122_T34VCM_20240411T002009,2024-04-09,0.0,58268,['2021-07-02']
1512,59.53103019,18.83162219,S2A_MSIL2A_20230513T100551_R022_T34VCM_20230513T183005,2023-05-13,0.0,57852,['2021-07-02']
1513,59.55400223,18.83014511,S2B_MSIL2A_20230415T100029_R122_T34VCM_20230415T143849,2023-04-15,0.0,49236,['2021-07-02']
1513,59.55400223,18.83014511,S2B_MSIL2A_20231012T095849_R122_T34VCM_20241102T165148,2023-10-12,0.0,49044,['2021-07-02']
1513,59.55400223,18.83014511,S2A_MSIL2A_20160827T101022_R022_T34VCM_20210212T183805,2016-08-27,0.0,48472,['2021-07-02']
1513,59.55400223,18.83014511,S2A_MSIL2A_20160502T102032_R065_T34VCM_20210211T075627,2016-05-02,0.0,49428,['2021-07-02']
1513,59.55400223,18.83014511,S2A_MSIL2A_20240626T101031_R022_T34VCM_20240626T194051,2024-06-26,0.0,48060,['2021-07-02']
1514,59.53027269,18.78639829,S2A_MSIL2A_20190720T100031_R122_T34VCM_20201005T165119,2019-07-20,0.0,57696,['2021-07-02']
1514,59.53027269,18.78639829,S2A_MSIL2A_20240626T101031_R022_T34VCM_20240626T194051,2024-06-26,0.0,57728,['2021-07-02']
1514,59.53027269,18.78639829,S2B_MSIL2A_20220814T101559_R065_T34VCM_20240707T220121,2022-08-14,0.0,57676,['2021-07-02']
1514,59.53027269,18.78639829,S2A_MSIL2A_20160725T100032_R122_T34VCM_20210212T075312,2016-07-25,0.01,57820,['2021-07-02']
1514,59.53027269,18.78639829,S2B_MSIL2A_20220314T101019_R022_T34VCM_20220314T224605,2022-03-14,0.04,56652,['2021-07-02']
1515,59.50730124,18.78790372,S2A_MSIL2A_20240626T101031_R022_T34VCM_20240626T194051,2024-06-26,0.0,62992,['2021-07-02']
1515,59.50730124,18.78790372,S2A_MSIL2A_20200306T100021_R122_T34VCL_20200929T103641,2020-03-06,0.01,63988,['2021-07-02']
1515,59.50730124,18.78790372,S2B_MSIL2A_20180726T102019_R065_T34VCL_20201011T202306,2018-07-26,0.02,63152,['2021-07-02']
1515,59.50730124,18.78790372,S2A_MSIL2A_20241017T102021_R065_T34VCL_20241017T143350,2024-10-17,0.02,63800,['2021-07-02']
1515,59.50730124,18.78790372,S2B_MSIL2A_20181014T102019_R065_T34VCM_20201009T113351,2018-10-14,0.04,64128,['2021-07-02']
1516,59.50805804,18.83309692,S2B_MSIL2A_20231012T095849_R122_T34VCL_20241102T165148,2023-10-12,0.0,48936,['2021-07-02']
1516,59.50805804,18.83309692,S2A_MSIL2A_20241017T102021_R065_T34VCL_20241017T143350,2024-10-17,0.0,49180,['2021-07-02']
1516,59.50805804,18.83309692,S2A_MSIL2A_20251018T100041_R122_T34VCM_20251018T115256,2025-10-18,0.0,49016,['2021-07-02']
1516,59.50805804,18.83309692,S2C_MSIL2A_20250718T100051_R122_T34VCL_20250718T152418,2025-07-18,0.0,48220,['2021-07-02']
1516,59.50805804,18.83309692,S2B_MSIL2A_20190416T100029_R122_T34VCM_20201007T025604,2019-04-16,0.02,49220,['2021-07-02']
1517,59.50879924,18.87829247,S2B_MSIL2A_20221020T100939_R022_T34VCM_20221020T212111,2022-10-20,0.01,60684,['2021-07-02']
1517,59.50879924,18.87829247,S2A_MSIL2A_20230513T100551_R022_T34VCM_20230513T183005,2023-05-13,0.01,61016,['2021-07-02']
1517,59.50879924,18.87829247,S2A_MSIL2A_20230709T100031_R122_T34VCL_20241018T161204,2023-07-09,0.01,60892,['2021-07-02']
1517,59.50879924,18.87829247,S2A_MSIL2A_20171004T102021_R065_T34VCM_20210202T134623,2017-10-04,0.01,61188,['2021-07-02']
1517,59.50879924,18.87829247,S2A_MSIL2A_20160317T100012_R122_T34VCM_20210528T155916,2016-03-17,0.02,57920,['2021-07-02']
1518,59.53177206,18.87684844,S2C_MSIL2A_20250323T100711_R022_T34VCM_20250323T160703,2025-03-23,0.0,61464,['2021-07-02']
1518,59.53177206,18.87684844,S2B_MSIL2A_20191029T102039_R065_T34VCM_20201004T072730,2019-10-29,0.0,61820,['2021-07-02']
1518,59.53177206,18.87684844,S2B_MSIL2A_20220814T101559_R065_T34VCM_20240707T220121,2022-08-14,0.01,61164,['2021-07-02']
1518,59.53177206,18.87684844,S2B_MSIL2A_20170824T100019_R122_T34VCM_20210201T092021,2017-08-24,0.01,61220,['2021-07-02']
1518,59.53177206,18.87684844,S2B_MSIL2A_20180531T100029_R122_T34VCM_20201012T162423,2018-05-31,0.07,61080,['2021-07-02']
1519,59.56928837,19.0626122,S2B_MSIL2A_20170715T100029_R122_T34VCM_20210210T093340,2017-07-15,0.0,42488,['2021-07-02']
1519,59.56928837,19.0626122,S2A_MSIL2A_20260327T100051_R122_T34VCM_20260327T165916,2026-03-27,0.0,43156,['2021-07-02']
1519,59.56928837,19.0626122,S2B_MSIL2A_20180511T100029_R122_T34VCM_20201012T084116,2018-05-11,0.01,42760,['2021-07-02']
1519,59.56928837,19.0626122,S2C_MSIL2A_20250323T100711_R022_T34VCM_20250323T160703,2025-03-23,0.02,43040,['2021-07-02']
1519,59.56928837,19.0626122,S2A_MSIL2A_20160317T100012_R122_T34VCM_20210528T155916,2016-03-17,0.05,39524,['2021-07-02']
1520,59.56861043,19.01733033,S2B_MSIL2A_20220814T101559_R065_T34VCM_20240707T220121,2022-08-14,0.0,41648,['2021-07-02']
1520,59.56861043,19.01733033,S2B_MSIL2A_20191029T102039_R065_T34VCM_20201004T072730,2019-10-29,0.0,46148,['2021-07-02']
1520,59.56861043,19.01733033,S2A_MSIL2A_20210513T101021_R022_T34VCM_20210514T152342,2021-05-13,0.0,50372,['2021-07-02']
1520,59.56861043,19.01733033,S2A_MSIL2A_20171103T102201_R065_T34VCM_20201014T180752,2017-11-03,0.0,44464,['2021-07-02']
1520,59.56861043,19.01733033,S2A_MSIL2A_20160412T102022_R065_T34VCM_20210211T032432,2016-04-12,0.0,49672,['2021-07-02']
1524,56.00604341,14.85817774,S2B_MSIL2A_20200625T101559_R065_T33VVC_20200824T024436,2020-06-25,0.0,47220,['2021-07-12']
1524,56.00604341,14.85817774,S2A_MSIL2A_20240308T100841_R022_T33VVC_20240308T130854,2024-03-08,0.0,47412,['2021-07-12']
1524,56.00604341,14.85817774,S2A_MSIL2A_20230612T100601_R022_T33VVC_20230612T172722,2023-06-12,0.0,47220,['2021-07-12']
1524,56.00604341,14.85817774,S2B_MSIL2A_20250808T101559_R065_T33VVC_20250808T125057,2025-08-08,0.0,47292,['2021-07-12']
1524,56.00604341,14.85817774,S2B_MSIL2A_20240721T100559_R022_T33VVC_20240721T144000,2024-07-21,0.0,47112,['2021-07-12']
1528,58.65159857,17.07013619,S2A_MSIL2A_20240626T101031_R022_T33VXF_20240626T194218,2024-06-26,0.0,46808,['2021-07-12']
1528,58.65159857,17.07013619,S2B_MSIL2A_20221023T102029_R065_T33VXF_20221024T052237,2022-10-23,0.0,48784,['2021-07-12']
1528,58.65159857,17.07013619,S2B_MSIL2A_20250719T101559_R065_T33VXF_20250719T130235,2025-07-19,0.0,47140,['2021-07-12']
1528,58.65159857,17.07013619,S2B_MSIL2A_20220625T101559_R065_T33VXF_20240629T115118,2022-06-25,0.0,46840,['2021-07-12']
1528,58.65159857,17.07013619,S2A_MSIL2A_20161128T102352_R065_T33VXF_20210415T034923,2016-11-28,0.16,49936,['2021-07-12']
1533,59.28610894,18.73256309,S2A_MSIL2A_20220624T100041_R122_T34VCL_20240714T162313,2022-06-24,0.0,43396,['2021-07-12']
1533,59.28610894,18.73256309,S2B_MSIL2A_20190608T101029_R022_T34VCL_20201005T234617,2019-06-08,0.0,43840,['2021-07-12']
1533,59.28610894,18.73256309,S2A_MSIL2A_20200614T100031_R122_T34VCL_20200919T033509,2020-06-14,0.01,43656,['2021-07-12']
1533,59.28610894,18.73256309,S2A_MSIL2A_20180628T101031_R022_T34VCL_20201012T032119,2018-06-28,0.01,43796,['2021-07-12']
1533,59.28610894,18.73256309,S2A_MSIL2A_20230416T101601_R065_T34VCL_20240904T172156,2023-04-16,0.01,43764,['2021-07-12']
1534,59.26234847,18.68922479,S2B_MSIL2A_20210227T101029_R022_T34VCL_20210227T214401,2021-02-27,0.0,53656,['2021-07-12']
1534,59.26234847,18.68922479,S2B_MSIL2A_20250818T101559_R065_T34VCL_20250818T125628,2025-08-18,0.0,53484,['2021-07-12']
1534,59.26234847,18.68922479,S2C_MSIL2A_20260410T102021_R065_T34VCL_20260410T160212,2026-04-10,0.0,53728,['2021-07-12']
1534,59.26234847,18.68922479,S2B_MSIL2A_20200910T100559_R022_T34VCL_20200912T024653,2020-09-10,0.01,53388,['2021-07-12']
1534,59.26234847,18.68922479,S2A_MSIL2A_20160412T102022_R065_T34VCL_20210211T032429,2016-04-12,0.01,53548,['2021-07-12']
1535,59.24016588,18.73561491,S2A_MSIL2A_20210420T100021_R122_T34VCL_20210421T164654,2021-04-20,0.0,49324,['2021-07-12']
1535,59.24016588,18.73561491,S2A_MSIL2A_20230612T100601_R022_T34VCL_20240911T004021,2023-06-12,0.0,48288,['2021-07-12']
1535,59.24016588,18.73561491,S2B_MSIL2A_20210227T101029_R022_T34VCL_20210227T214401,2021-02-27,0.0,49844,['2021-07-12']
1535,59.24016588,18.73561491,S2B_MSIL2A_20230316T100029_R122_T34VCL_20240827T115615,2023-03-16,0.07,50012,['2021-07-12']
1535,59.24016588,18.73561491,S2A_MSIL2A_20190213T101131_R022_T34VCL_20201007T162330,2019-02-13,0.31,50532,['2021-07-12']
1536,59.2409387,18.78045262,S2B_MSIL2A_20230101T102339_R065_T34VCL_20240806T223544,2023-01-01,0.0,42544,['2021-07-12']
1536,59.2409387,18.78045262,S2C_MSIL2A_20250718T100051_R122_T34VCL_20250718T152418,2025-07-18,0.0,52096,['2021-07-12']
1536,59.2409387,18.78045262,S2B_MSIL2A_20181127T100339_R122_T34VCL_20201008T221418,2018-11-27,0.21,55032,['2021-07-12']
1536,59.2409387,18.78045262,S2A_MSIL2A_20251117T100321_R122_T34VCL_20251117T113612,2025-11-17,0.6,54504,['2021-07-12']
1536,59.2409387,18.78045262,S2A_MSIL2A_20160117T100342_R122_T34VCL_20210527T191219,2016-01-17,6.49,38544,['2021-07-12']
1537,59.15013713,18.7986362,S2A_MSIL2A_20230530T100031_R122_T34VCL_20240906T093135,2023-05-30,0.0,49936,['2021-07-12']
1537,59.15013713,18.7986362,S2B_MSIL2A_20230316T100029_R122_T34VCL_20240827T115615,2023-03-16,0.03,52204,['2021-07-12']
1537,59.15013713,18.7986362,S2A_MSIL2A_20220115T100351_R122_T34VCL_20220115T213410,2022-01-15,0.06,52972,['2021-07-12']
1537,59.15013713,18.7986362,S2A_MSIL2A_20210907T100031_R122_T34VCL_20210907T191209,2021-09-07,0.25,50440,['2021-07-12']
1537,59.15013713,18.7986362,S2A_MSIL2A_20160216T100102_R122_T34VCL_20210528T072108,2016-02-16,0.51,47624,['2021-07-12']
1538,59.1723435,18.75240979,S2C_MSIL2A_20250919T101041_R022_T34VCL_20250919T150924,2025-09-19,0.0,52956,['2021-07-12']
1538,59.1723435,18.75240979,S2B_MSIL2A_20240906T095549_R122_T34VCL_20240906T160538,2024-09-06,0.0,52572,['2021-07-12']
1538,59.1723435,18.75240979,S2B_MSIL2A_20200927T100029_R122_T34VCL_20200929T024525,2020-09-27,0.0,53284,['2021-07-12']
1538,59.1723435,18.75240979,S2B_MSIL2A_20221020T100939_R022_T34VCL_20221020T211327,2022-10-20,0.01,53248,['2021-07-12']
1538,59.1723435,18.75240979,S2A_MSIL2A_20200415T100031_R122_T34VCL_20200923T143300,2020-04-15,0.02,53144,['2021-07-12']
1539,59.1493713,18.75391674,S2B_MSIL2A_20210227T101029_R022_T34VCL_20210227T214401,2021-02-27,0.0,64972,['2021-07-12']
1539,59.1493713,18.75391674,S2C_MSIL2A_20251009T100941_R022_T34VCL_20251009T170113,2025-10-09,0.01,64960,['2021-07-12']
1539,59.1493713,18.75391674,S2B_MSIL2A_20230118T101239_R022_T34VCL_20230120T055956,2023-01-18,0.01,66220,['2021-07-12']
1539,59.1493713,18.75391674,S2A_MSIL2A_20190312T100021_R122_T34VCL_20201007T054959,2019-03-12,0.01,65008,['2021-07-12']
1539,59.1493713,18.75391674,S2B_MSIL2A_20260412T101019_R022_T34VCL_20260412T140343,2026-04-12,0.01,64568,['2021-07-12']
1540,59.12716414,18.80011087,S2B_MSIL2A_20250603T100029_R122_T34VCL_20250603T121119,2025-06-03,0.0,57796,['2021-07-12']
1540,59.12716414,18.80011087,S2B_MSIL2A_20230905T100559_R022_T34VCL_20241102T142635,2023-09-05,0.0,58024,['2021-07-12']
1540,59.12716414,18.80011087,S2B_MSIL2A_20240330T095559_R122_T34VCL_20240330T145329,2024-03-30,0.0,58060,['2021-07-12']
1540,59.12716414,18.80011087,S2A_MSIL2A_20180923T100021_R122_T34VCL_20201009T040004,2018-09-23,0.0,58472,['2021-07-12']
1540,59.12716414,18.80011087,S2A_MSIL2A_20190213T101131_R022_T34VCL_20201007T162330,2019-02-13,0.03,59132,['2021-07-12']
1541,58.54456987,16.92739843,S2A_MSIL2A_20160827T101022_R022_T33VXF_20210212T183759,2016-08-27,0.0,44728,['2021-07-12']
1541,58.54456987,16.92739843,S2A_MSIL2A_20230615T102031_R065_T33VXE_20240912T065622,2023-06-15,0.0,55692,['2021-07-12']
1541,58.54456987,16.92739843,S2B_MSIL2A_20220811T100559_R022_T33VXE_20220812T075624,2022-08-11,0.0,55564,['2021-07-12']
1541,58.54456987,16.92739843,S2B_MSIL2A_20250520T101559_R065_T33VXE_20250520T130619,2025-05-20,0.0,56148,['2021-07-12']
1541,58.54456987,16.92739843,S2B_MSIL2A_20190402T102029_R065_T33VXF_20201006T213014,2019-04-02,0.0,46276,['2021-07-12']
1542,58.52159075,16.92613762,S2A_MSIL2A_20200521T102031_R065_T33VXE_20200910T103905,2020-05-21,0.0,33988,"['2021-03-07', '2021-07-12']"
1542,58.52159075,16.92613762,S2B_MSIL2A_20240205T102129_R065_T33VXE_20240205T141945,2024-02-05,0.0,36348,"['2021-03-07', '2021-07-12']"
1542,58.52159075,16.92613762,S2C_MSIL2A_20260410T102021_R065_T33VXE_20260410T160212,2026-04-10,0.0,34384,"['2021-03-07', '2021-07-12']"
1542,58.52159075,16.92613762,S2A_MSIL2A_20161128T102352_R065_T33VXE_20210415T034921,2016-11-28,0.49,36228,"['2021-03-07', '2021-07-12']"
1542,58.52159075,16.92613762,S2A_MSIL2A_20191130T101401_R022_T33VXE_20201003T210035,2019-11-30,2.04,35536,"['2021-03-07', '2021-07-12']"
1543,58.52092417,16.97006238,S2B_MSIL2A_20200831T100559_R022_T33VXE_20200907T201621,2020-08-31,0.0,58768,"['2021-03-07', '2021-07-12']"
1543,58.52092417,16.97006238,S2B_MSIL2A_20230302T101839_R065_T33VXE_20240817T235742,2023-03-02,0.0,60084,"['2021-03-07', '2021-07-12']"
1543,58.52092417,16.97006238,S2B_MSIL2A_20231008T101829_R065_T33VXE_20231008T171357,2023-10-08,0.0,59524,"['2021-03-07', '2021-07-12']"
1543,58.52092417,16.97006238,S2C_MSIL2A_20250614T101621_R065_T33VXE_20250614T142405,2025-06-14,0.0,58280,"['2021-03-07', '2021-07-12']"
1543,58.52092417,16.97006238,S2A_MSIL2A_20160827T101022_R022_T33VXE_20210212T183800,2016-08-27,0.0,58668,"['2021-03-07', '2021-07-12']"
1547,59.65745888,18.96066416,S2A_MSIL2A_20220720T101611_R065_T34VCM_20240715T001059,2022-07-20,0.0,50596,['2021-07-14']
1547,59.65745888,18.96066416,S2B_MSIL2A_20240929T100719_R022_T34VCM_20240929T133706,2024-09-29,0.0,51068,['2021-07-14']
1547,59.65745888,18.96066416,S2A_MSIL2A_20260327T100051_R122_T34VCM_20260327T165916,2026-03-27,0.0,51460,['2021-07-14']
1547,59.65745888,18.96066416,S2A_MSIL2A_20240517T100601_R022_T34VCM_20240517T203658,2024-05-17,0.0,50884,['2021-07-14']
1547,59.65745888,18.96066416,S2B_MSIL2A_20230415T100029_R122_T34VCM_20230415T143849,2023-04-15,0.0,51316,['2021-07-14']
1558,58.63888314,16.49171499,S2B_MSIL2A_20240415T101559_R065_T33VWF_20240415T154530,2024-04-15,0.0,61412,['2021-07-17']
1558,58.63888314,16.49171499,S2B_MSIL2A_20180723T101019_R022_T33VWF_20201011T191409,2018-07-23,0.0,61080,['2021-07-17']
1558,58.63888314,16.49171499,S2B_MSIL2A_20210925T101019_R022_T33VWF_20210926T122158,2021-09-25,0.0,61296,['2021-07-17']
1558,58.63888314,16.49171499,S2B_MSIL2A_20250321T101629_R065_T33VWF_20250321T160730,2025-03-21,0.0,61480,['2021-07-17']
1558,58.63888314,16.49171499,S2B_MSIL2A_20230607T100559_R022_T33VWF_20230607T142004,2023-06-07,0.01,61240,['2021-07-17']
1567,55.85173302,14.24996837,S2C_MSIL2A_20251121T102341_R065_T33UVB_20251121T115707,2025-11-21,0.0,59436,['2021-07-17']
1567,55.85173302,14.24996837,S2B_MSIL2A_20250927T101709_R065_T33UVB_20250927T160120,2025-09-27,0.0,59196,['2021-07-17']
1567,55.85173302,14.24996837,S2C_MSIL2A_20250701T101051_R022_T33UVB_20250701T152503,2025-07-01,0.0,59028,['2021-07-17']
1567,55.85173302,14.24996837,S2A_MSIL2A_20200528T101031_R022_T33UVB_20201027T071944,2020-05-28,0.01,59080,['2021-07-17']
1567,55.85173302,14.24996837,S2A_MSIL2A_20160906T101022_R022_T33UVB_20210212T220501,2016-09-06,0.01,59124,['2021-07-17']
1568,55.85197542,14.29085558,S2A_MSIL2A_20211013T101951_R065_T33UVB_20211014T020754,2021-10-13,0.0,66564,['2021-07-17']
1568,55.85197542,14.29085558,S2B_MSIL2A_20250904T100549_R022_T33UVB_20250904T124828,2025-09-04,0.0,66564,['2021-07-17']
1568,55.85197542,14.29085558,S2B_MSIL2A_20230302T101839_R065_T33UVB_20240817T235742,2023-03-02,0.0,66564,['2021-07-17']
1568,55.85197542,14.29085558,S2A_MSIL2A_20160512T102032_R065_T33UVB_20210211T104019,2016-05-12,0.0,66564,['2021-07-17']
1568,55.85197542,14.29085558,S2A_MSIL2A_20250603T101041_R022_T33UVB_20250603T134103,2025-06-03,0.0,66564,['2021-07-17']
1569,55.89797574,14.2900167,S2C_MSIL2A_20250701T101051_R022_T33UVB_20250701T152503,2025-07-01,0.09,50964,['2021-07-17']
1569,55.89797574,14.2900167,S2B_MSIL2A_20210607T100559_R022_T33UVB_20210612T132054,2021-06-07,0.11,50668,['2021-07-17']
1569,55.89797574,14.2900167,S2A_MSIL2A_20210910T101031_R022_T33VVC_20210910T235517,2021-09-10,0.18,50884,['2021-07-17']
1569,55.89797574,14.2900167,S2B_MSIL2A_20200406T101559_R065_T33UVB_20200925T071134,2020-04-06,0.45,50740,['2021-07-17']
1569,55.89797574,14.2900167,S2A_MSIL2A_20250102T101421_R022_T33UVB_20250102T120757,2025-01-02,1.14,50928,['2021-07-17']
1579,58.71095569,17.24322147,S2A_MSIL2A_20160509T101032_R022_T33VXF_20210211T095314,2016-05-09,0.0,56304,['2021-07-17']
1579,58.71095569,17.24322147,S2A_MSIL2A_20200319T101021_R022_T33VXF_20201012T164314,2020-03-19,0.0,57540,['2021-07-17']
1579,58.71095569,17.24322147,S2A_MSIL2A_20201018T102041_R065_T33VXF_20201021T000356,2020-10-18,0.0,56872,['2021-07-17']
1579,58.71095569,17.24322147,S2A_MSIL2A_20220207T101201_R022_T33VXF_20220219T235446,2022-02-07,0.06,57012,['2021-07-17']
1579,58.71095569,17.24322147,S2B_MSIL2A_20180414T101019_R022_T33VXF_20201012T222110,2018-04-14,0.06,57744,['2021-07-17']
1580,58.71171717,17.19906528,S2A_MSIL2A_20170328T102021_R065_T33VXF_20210209T023231,2017-03-28,0.0,58180,['2021-07-17']
1580,58.71171717,17.19906528,S2A_MSIL2A_20220319T100731_R022_T33VXF_20220319T191821,2022-03-19,0.0,57632,['2021-07-17']
1580,58.71171717,17.19906528,S2A_MSIL2A_20220207T101201_R022_T33VXF_20220219T235446,2022-02-07,0.04,58104,['2021-07-17']
1580,58.71171717,17.19906528,S2B_MSIL2A_20211217T102329_R065_T33VXF_20211217T223253,2021-12-17,0.21,59736,['2021-07-17']
1580,58.71171717,17.19906528,S2A_MSIL2A_20250102T101421_R022_T33VXF_20250102T120757,2025-01-02,2.96,56732,['2021-07-17']
1581,58.68798178,17.24174456,S2A_MSIL2A_20240828T102021_R065_T33VXF_20240828T150452,2024-08-28,0.0,63072,['2021-07-17']
1581,58.68798178,17.24174456,S2A_MSIL2A_20220421T101601_R065_T33VXF_20240619T155847,2022-04-21,0.0,63004,['2021-07-17']
1581,58.68798178,17.24174456,S2A_MSIL2A_20210416T102021_R065_T33VXF_20210523T140822,2021-04-16,0.0,62308,['2021-07-17']
1581,58.68798178,17.24174456,S2A_MSIL2A_20160509T101032_R022_T33VXF_20210211T095314,2016-05-09,0.01,62956,['2021-07-17']
1581,58.68798178,17.24174456,S2B_MSIL2A_20180414T101019_R022_T33VXF_20201012T222110,2018-04-14,0.01,62724,['2021-07-17']
1582,58.71017909,17.28737535,S2A_MSIL2A_20220819T101611_R065_T33VXF_20240703T214954,2022-08-19,0.0,49976,['2021-07-17']
1582,58.71017909,17.28737535,S2B_MSIL2A_20240604T101559_R065_T33VXF_20240604T142526,2024-06-04,0.0,49568,['2021-07-17']
1582,58.71017909,17.28737535,S2B_MSIL2A_20200722T100559_R022_T33VXF_20200817T040345,2020-07-22,0.0,49632,['2021-07-17']
1582,58.71017909,17.28737535,S2A_MSIL2A_20160827T101022_R022_T33VXF_20210212T183759,2016-08-27,0.0,49924,['2021-07-17']
1582,58.71017909,17.28737535,S2A_MSIL2A_20211013T101951_R065_T33VXF_20211013T233831,2021-10-13,0.01,50692,['2021-07-17']
1592,58.90096931,17.7594574,S2B_MSIL2A_20170820T102019_R065_T34VCL_20201015T041919,2017-08-20,0.0,39756,['2021-07-17']
1592,58.90096931,17.7594574,S2B_MSIL2A_20190608T101029_R022_T34VCL_20201005T234617,2019-06-08,0.0,40036,['2021-07-17']
1592,58.90096931,17.7594574,S2B_MSIL2A_20210408T100549_R022_T34VCL_20210524T183535,2021-04-08,0.0,39504,['2021-07-17']
1592,58.90096931,17.7594574,S2B_MSIL2A_20220625T101559_R065_T34VCL_20240629T115118,2022-06-25,0.0,39848,['2021-07-17']
1592,58.90096931,17.7594574,S2A_MSIL2A_20160807T101032_R022_T34VCL_20210212T120006,2016-08-07,0.01,39924,['2021-07-17']
1593,58.87801522,17.76160634,S2A_MSIL2A_20240308T100841_R022_T33VXF_20240308T130910,2024-03-08,0.0,56928,['2021-07-17']
1593,58.87801522,17.76160634,S2A_MSIL2A_20210513T101021_R022_T33VXF_20210514T141921,2021-05-13,0.0,56964,['2021-07-17']
1593,58.87801522,17.76160634,S2A_MSIL2A_20161029T102132_R065_T33VXF_20210213T152955,2016-10-29,0.0,56960,['2021-07-17']
1593,58.87801522,17.76160634,S2A_MSIL2A_20180909T102021_R065_T33VXF_20201008T231320,2018-09-09,0.0,56884,['2021-07-17']
1593,58.87801522,17.76160634,S2C_MSIL2A_20260410T102021_R065_T34VCL_20260410T160212,2026-04-10,0.0,56584,['2021-07-17']
1594,58.855061,17.76375192,S2B_MSIL2A_20181014T102019_R065_T33VXF_20201009T113350,2018-10-14,0.0,66080,['2021-07-17']
1594,58.855061,17.76375192,S2A_MSIL2A_20161006T101022_R022_T33VXF_20210213T080106,2016-10-06,0.0,66044,['2021-07-17']
1594,58.855061,17.76375192,S2B_MSIL2A_20221023T102029_R065_T33VXF_20221024T052237,2022-10-23,0.0,65016,['2021-07-17']
1594,58.855061,17.76375192,S2B_MSIL2A_20170807T101029_R022_T34VCL_20210210T211215,2017-08-07,0.0,65980,['2021-07-17']
1594,58.855061,17.76375192,S2B_MSIL2A_20210925T101019_R022_T34VCL_20210926T124559,2021-09-25,0.0,66004,['2021-07-17']
1595,58.85616424,17.80805516,S2B_MSIL2A_20230118T101239_R022_T34VCL_20230120T055956,2023-01-18,0.0,49972,['2021-07-17']
1595,58.85616424,17.80805516,S2A_MSIL2A_20230612T100601_R022_T34VCL_20240911T004021,2023-06-12,0.0,47952,['2021-07-17']
1595,58.85616424,17.80805516,S2B_MSIL2A_20210925T101019_R022_T34VCL_20210926T124559,2021-09-25,0.01,48252,['2021-07-17']
1595,58.85616424,17.80805516,S2A_MSIL2A_20170921T101021_R022_T34VCL_20210202T072244,2017-09-21,0.01,48332,['2021-07-17']
1595,58.85616424,17.80805516,S2B_MSIL2A_20231224T101339_R022_T34VCL_20231224T131149,2023-12-24,0.41,49332,['2021-07-17']
1596,57.62213632,16.69792118,S2A_MSIL2A_20190404T101031_R022_T33VWD_20201006T220241,2019-04-04,0.0,47916,['2021-07-17']
1596,57.62213632,16.69792118,S2A_MSIL2A_20240729T102021_R065_T33VXD_20240729T165653,2024-07-29,0.0,45732,['2021-07-17']
1596,57.62213632,16.69792118,S2A_MSIL2A_20190706T102031_R065_T33VXD_20201005T100314,2019-07-06,0.0,46196,['2021-07-17']
1596,57.62213632,16.69792118,S2A_MSIL2A_20161128T102352_R065_T33VWD_20210415T034902,2016-11-28,0.02,48692,['2021-07-17']
1596,57.62213632,16.69792118,S2B_MSIL2A_20190102T102429_R065_T33VWD_20201007T221616,2019-01-02,1.43,49272,['2021-07-17']
1598,57.2578169,16.4910639,S2A_MSIL2A_20241017T102021_R065_T33VWD_20241017T143350,2024-10-17,0.0,42208,['2021-07-15']
1598,57.2578169,16.4910639,S2A_MSIL2A_20240719T102021_R065_T33VWD_20240719T152326,2024-07-19,0.0,41076,['2021-07-15']
1598,57.2578169,16.4910639,S2A_MSIL2A_20220319T100731_R022_T33VWD_20240601T184653,2022-03-19,0.01,41884,['2021-07-15']
1598,57.2578169,16.4910639,S2B_MSIL2A_20221112T102159_R065_T33VWD_20221112T204117,2022-11-12,0.08,43736,['2021-07-15']
1598,57.2578169,16.4910639,S2A_MSIL2A_20170328T102021_R065_T33VWD_20210209T023228,2017-03-28,0.41,41920,['2021-07-15']
1599,57.28080584,16.49199336,S2B_MSIL2A_20230508T100559_R022_T33VWD_20230508T172844,2023-05-08,0.0,42416,['2021-07-15']
1599,57.28080584,16.49199336,S2A_MSIL2A_20200319T101021_R022_T33VWD_20201012T164318,2020-03-19,0.07,43500,['2021-07-15']
1599,57.28080584,16.49199336,S2B_MSIL2A_20190330T101029_R022_T33VWD_20201007T123103,2019-03-30,0.11,43116,['2021-07-15']
1599,57.28080584,16.49199336,S2B_MSIL2A_20190926T101029_R022_T33VWD_20201004T172704,2019-09-26,0.17,42928,['2021-07-15']
1599,57.28080584,16.49199336,S2B_MSIL2A_20200923T101649_R065_T33VWD_20200926T102819,2020-09-23,0.37,43116,['2021-07-15']
1600,57.23431783,16.53252964,S2A_MSIL2A_20241017T102021_R065_T33VWD_20241017T143350,2024-10-17,0.0,66468,['2021-07-15']
1600,57.23431783,16.53252964,S2B_MSIL2A_20250904T100549_R022_T33VWD_20250904T124828,2025-09-04,0.0,66412,['2021-07-15']
1600,57.23431783,16.53252964,S2A_MSIL2A_20251011T100951_R022_T33VWD_20251011T120013,2025-10-11,0.0,66456,['2021-07-15']
1600,57.23431783,16.53252964,S2C_MSIL2A_20250415T102041_R065_T33VWD_20250415T160234,2025-04-15,0.0,66380,['2021-07-15']
1600,57.23431783,16.53252964,S2A_MSIL2A_20170328T102021_R065_T33VWD_20210209T023228,2017-03-28,0.0,66436,['2021-07-15']
1601,57.25730642,16.53348409,S2A_MSIL2A_20180721T102021_R065_T33VWD_20201011T181759,2018-07-21,0.0,66564,['2021-07-15']
1601,57.25730642,16.53348409,S2A_MSIL2A_20190417T102031_R065_T33VWD_20201007T030917,2019-04-17,0.0,66564,['2021-07-15']
1601,57.25730642,16.53348409,S2A_MSIL2A_20211013T101951_R065_T33VWD_20211014T000756,2021-10-13,0.0,66564,['2021-07-15']
1601,57.25730642,16.53348409,S2A_MSIL2A_20260409T101051_R022_T33VWD_20260409T170912,2026-04-09,0.0,66564,['2021-07-15']
1601,57.25730642,16.53348409,S2A_MSIL2A_20200508T101031_R022_T33VWD_20200921T001046,2020-05-08,0.0,66564,['2021-07-15']
1602,57.28029491,16.53443997,S2A_MSIL2A_20170527T102031_R065_T33VWD_20210209T183128,2017-05-27,0.0,66344,['2021-07-15']
1602,57.28029491,16.53443997,S2A_MSIL2A_20220421T101601_R065_T33VWD_20240619T155847,2022-04-21,0.0,66352,['2021-07-15']
1602,57.28029491,16.53443997,S2B_MSIL2A_20180507T102019_R065_T33VWD_20201012T070449,2018-05-07,0.0,66356,['2021-07-15']
1602,57.28029491,16.53443997,S2B_MSIL2A_20240621T100559_R022_T33VWD_20240621T151136,2024-06-21,0.0,66340,['2021-07-15']
1602,57.28029491,16.53443997,S2A_MSIL2A_20240507T100601_R022_T33VWD_20240507T154716,2024-05-07,0.1,66280,['2021-07-15']
1603,56.99218318,16.48318875,S2A_MSIL2A_20170527T102031_R065_T33VWD_20210209T183128,2017-05-27,0.0,44372,['2021-07-15']
1603,56.99218318,16.48318875,S2A_MSIL2A_20190417T102031_R065_T33VWD_20201007T030917,2019-04-17,0.0,45192,['2021-07-15']
1603,56.99218318,16.48318875,S2B_MSIL2A_20190827T101029_R022_T33VWD_20201005T054034,2019-08-27,0.0,44016,['2021-07-15']
1603,56.99218318,16.48318875,S2A_MSIL2A_20230202T101231_R022_T33VWD_20230203T061240,2023-02-02,0.0,46432,['2021-07-15']
1603,56.99218318,16.48318875,S2A_MSIL2A_20200531T102031_R065_T33VWD_20200911T145721,2020-05-31,0.0,44660,['2021-07-15']
1609,58.82447554,17.68723062,S2A_MSIL2A_20200610T102031_R065_T34VCL_20200826T202820,2020-06-10,0.0,62656,['2021-07-17']
1609,58.82447554,17.68723062,S2A_MSIL2A_20170606T102031_R065_T34VCL_20210209T205452,2017-06-06,0.0,62700,['2021-07-17']
1609,58.82447554,17.68723062,S2A_MSIL2A_20200809T102031_R065_T34VCL_20200815T141753,2020-08-09,0.0,62788,['2021-07-17']
1609,58.82447554,17.68723062,S2B_MSIL2A_20181014T102019_R065_T33VXF_20201009T113350,2018-10-14,0.01,63484,['2021-07-17']
1609,58.82447554,17.68723062,S2B_MSIL2A_20210227T101029_R022_T34VCL_20210227T214401,2021-02-27,0.04,63012,['2021-07-17']
1610,58.84742812,17.68503701,S2B_MSIL2A_20221023T102029_R065_T33VXF_20221024T052237,2022-10-23,0.0,57856,['2021-07-17']
1610,58.84742812,17.68503701,S2B_MSIL2A_20250818T101559_R065_T33VXF_20250818T125628,2025-08-18,0.0,58468,['2021-07-17']
1610,58.84742812,17.68503701,S2B_MSIL2A_20200801T100559_R022_T34VCL_20200815T190934,2020-08-01,0.0,58428,['2021-07-17']
1610,58.84742812,17.68503701,S2A_MSIL2A_20190901T101031_R022_T34VCL_20201004T075754,2019-09-01,0.0,58632,['2021-07-17']
1610,58.84742812,17.68503701,S2A_MSIL2A_20211013T101951_R065_T33VXF_20211013T233831,2021-10-13,0.01,58732,['2021-07-17']
1611,58.87038056,17.68283996,S2B_MSIL2A_20220625T101559_R065_T34VCL_20240629T115118,2022-06-25,0.0,64628,['2021-07-17']
1611,58.87038056,17.68283996,S2B_MSIL2A_20230905T100559_R022_T34VCL_20241102T142635,2023-09-05,0.0,64644,['2021-07-17']
1611,58.87038056,17.68283996,S2A_MSIL2A_20200531T102031_R065_T34VCL_20200919T033507,2020-05-31,0.0,64724,['2021-07-17']
1611,58.87038056,17.68283996,S2A_MSIL2A_20240311T101831_R065_T34VCL_20240313T122800,2024-03-11,0.01,64788,['2021-07-17']
1611,58.87038056,17.68283996,S2B_MSIL2A_20211217T102329_R065_T33VXF_20211217T223253,2021-12-17,0.03,64904,['2021-07-17']
1614,58.36094358,16.89954758,S2C_MSIL2A_20251118T101331_R022_T33VXE_20251118T113508,2025-11-18,0.0,47664,['2021-07-17']
1614,58.36094358,16.89954758,S2A_MSIL2A_20160509T101032_R022_T33VXE_20210211T095250,2016-05-09,0.0,45380,['2021-07-17']
1614,58.36094358,16.89954758,S2A_MSIL2A_20160827T101022_R022_T33VXE_20210212T183800,2016-08-27,0.0,45004,['2021-07-17']
1614,58.36094358,16.89954758,S2B_MSIL2A_20200831T100559_R022_T33VXE_20200907T201621,2020-08-31,0.0,44960,['2021-07-17']
1614,58.36094358,16.89954758,S2A_MSIL2A_20240626T101031_R022_T33VXE_20240626T191138,2024-06-26,0.0,44580,['2021-07-17']
1615,58.38392364,16.90078321,S2A_MSIL2A_20180708T101031_R022_T33VXE_20201011T131950,2018-07-08,0.0,50328,['2021-07-17']
1615,58.38392364,16.90078321,S2A_MSIL2A_20210615T102021_R065_T33VXE_20210624T044143,2021-06-15,0.0,49916,['2021-07-17']
1615,58.38392364,16.90078321,S2A_MSIL2A_20170527T102031_R065_T33VXE_20210209T183124,2017-05-27,0.0,50872,['2021-07-17']
1615,58.38392364,16.90078321,S2C_MSIL2A_20250505T101621_R065_T33VXE_20250505T141459,2025-05-05,0.0,50636,['2021-07-17']
1615,58.38392364,16.90078321,S2A_MSIL2A_20241017T102021_R065_T33VXE_20241017T143350,2024-10-17,0.0,51736,['2021-07-17']
1617,58.33796342,16.89831386,S2A_MSIL2A_20200421T102021_R065_T33VXE_20200921T120445,2020-04-21,0.0,35912,['2021-07-17']
1617,58.33796342,16.89831386,S2B_MSIL2A_20250818T101559_R065_T33VXE_20250818T125628,2025-08-18,0.0,34420,['2021-07-17']
1617,58.33796342,16.89831386,S2A_MSIL2A_20160412T102022_R065_T33VXE_20210211T032435,2016-04-12,0.0,35716,['2021-07-17']
1617,58.33796342,16.89831386,S2A_MSIL2A_20220302T101941_R065_T33VXE_20220304T053415,2022-03-02,0.0,36688,['2021-07-17']
1617,58.33796342,16.89831386,S2A_MSIL2A_20230615T102031_R065_T33VXE_20240912T065622,2023-06-15,0.0,34200,['2021-07-17']
1618,58.33730767,16.94201127,S2A_MSIL2A_20200521T102031_R065_T33VXE_20200910T103905,2020-05-21,0.0,56324,['2021-07-17']
1618,58.33730767,16.94201127,S2B_MSIL2A_20220625T101559_R065_T33VXE_20240629T115118,2022-06-25,0.0,55788,['2021-07-17']
1618,58.33730767,16.94201127,S2C_MSIL2A_20250505T101621_R065_T33VXE_20250505T141459,2025-05-05,0.0,55700,['2021-07-17']
1618,58.33730767,16.94201127,S2B_MSIL2A_20230302T101839_R065_T33VXE_20240817T235742,2023-03-02,0.0,57172,['2021-07-17']
1618,58.33730767,16.94201127,S2A_MSIL2A_20190606T102031_R065_T33VXE_20201005T224531,2019-06-06,0.0,56140,['2021-07-17']
1619,58.38326672,16.94453738,S2B_MSIL2A_20190330T101029_R022_T33VXE_20201007T123103,2019-03-30,0.0,53660,['2021-07-17']
1619,58.38326672,16.94453738,S2B_MSIL2A_20180514T101029_R022_T33VXE_20201012T095327,2018-05-14,0.0,51884,['2021-07-17']
1619,58.38326672,16.94453738,S2B_MSIL2A_20250321T101629_R065_T33VXE_20250321T160730,2025-03-21,0.0,53464,['2021-07-17']
1619,58.38326672,16.94453738,S2A_MSIL2A_20190924T102021_R065_T33VXE_20201004T163359,2019-09-24,0.0,52708,['2021-07-17']
1619,58.38326672,16.94453738,S2A_MSIL2A_20160926T101022_R022_T33VXE_20210213T044937,2016-09-26,0.01,54500,['2021-07-17']
1620,59.13824577,18.42852131,S2B_MSIL2A_20230905T100559_R022_T34VCL_20241102T142635,2023-09-05,0.0,37496,['2021-07-14']
1620,59.13824577,18.42852131,S2A_MSIL2A_20220624T100041_R122_T34VCL_20240714T162313,2022-06-24,0.0,37240,['2021-07-14']
1620,59.13824577,18.42852131,S2B_MSIL2A_20221023T102029_R065_T33VXF_20221024T052237,2022-10-23,0.0,37672,['2021-07-14']
1620,59.13824577,18.42852131,S2A_MSIL2A_20240812T100031_R122_T33VXF_20240812T140649,2024-08-12,0.0,37276,['2021-07-14']
1620,59.13824577,18.42852131,S2B_MSIL2A_20171019T102019_R065_T33VXF_20201015T010006,2017-10-19,0.09,38104,['2021-07-14']
1625,58.65643708,16.34893158,S2B_MSIL2A_20231124T101239_R022_T33VWF_20231124T131658,2023-11-24,0.0,53928,['2021-07-17']
1625,58.65643708,16.34893158,S2A_MSIL2A_20230513T100551_R022_T33VWF_20230513T172643,2023-05-13,0.0,53848,['2021-07-17']
1625,58.65643708,16.34893158,S2B_MSIL2A_20200213T101029_R022_T33VWF_20201001T221700,2020-02-13,0.0,54208,['2021-07-17']
1625,58.65643708,16.34893158,S2B_MSIL2A_20250321T101629_R065_T33VWF_20250321T160730,2025-03-21,0.0,53972,['2021-07-17']
1625,58.65643708,16.34893158,S2B_MSIL2A_20220811T100559_R022_T33VWF_20240713T181910,2022-08-11,0.0,53528,['2021-07-17']
1626,58.63345172,16.34804521,S2A_MSIL2A_20230416T101601_R065_T33VWF_20240904T172156,2023-04-16,0.0,51396,['2021-07-17']
1626,58.63345172,16.34804521,S2A_MSIL2A_20180119T101331_R022_T33VWF_20201014T065535,2018-01-19,0.0,65828,['2021-07-17']
1626,58.63345172,16.34804521,S2C_MSIL2A_20250505T101621_R065_T33VWF_20250505T141459,2025-05-05,0.01,51120,['2021-07-17']
1626,58.63345172,16.34804521,S2A_MSIL2A_20160412T102022_R065_T33VWF_20210211T032434,2016-04-12,0.03,51404,['2021-07-17']
1626,58.63345172,16.34804521,S2B_MSIL2A_20180514T101029_R022_T33VWF_20201012T095326,2018-05-14,0.04,51192,['2021-07-17']
1627,58.63298233,16.39212331,S2A_MSIL2A_20190517T102031_R065_T33VWF_20201006T151431,2019-05-17,0.0,60316,['2021-07-17']
1627,58.63298233,16.39212331,S2B_MSIL2A_20221030T101039_R022_T33VWF_20221030T181952,2022-10-30,0.0,60284,['2021-07-17']
1627,58.63298233,16.39212331,S2B_MSIL2A_20230210T102049_R065_T33VWF_20230211T000222,2023-02-10,0.11,60876,['2021-07-17']
1627,58.63298233,16.39212331,S2B_MSIL2A_20231227T102339_R065_T33VWF_20231227T133854,2023-12-27,0.6,59196,['2021-07-17']
1627,58.63298233,16.39212331,S2A_MSIL2A_20170706T102021_R065_T33VWF_20210210T052418,2017-07-06,0.71,59520,['2021-07-17']
1628,58.63249784,16.43619999,S2B_MSIL2A_20230905T100559_R022_T33VWF_20230905T175440,2023-09-05,0.0,41308,['2021-07-17']
1628,58.63249784,16.43619999,S2B_MSIL2A_20240522T100559_R022_T33VWF_20240522T141057,2024-05-22,0.0,41488,['2021-07-17']
1628,58.63249784,16.43619999,S2B_MSIL2A_20250321T101629_R065_T33VWF_20250321T160730,2025-03-21,0.0,42196,['2021-07-17']
1628,58.63249784,16.43619999,S2A_MSIL2A_20240719T102021_R065_T33VWF_20240719T152328,2024-07-19,0.0,40980,['2021-07-17']
1628,58.63249784,16.43619999,S2A_MSIL2A_20200319T101021_R022_T33VWF_20201012T164320,2020-03-19,0.0,42348,['2021-07-17']
1630,55.41650107,13.67491923,S2B_MSIL2A_20230908T101559_R065_T33UVB_20241023T202405,2023-09-08,0.0,37452,['2021-07-20']
1630,55.41650107,13.67491923,S2A_MSIL2A_20160512T102032_R065_T33UVB_20210211T104019,2016-05-12,0.0,37284,['2021-07-20']
1630,55.41650107,13.67491923,S2A_MSIL2A_20170507T102031_R065_T33UVB_20210712T221743,2017-05-07,0.65,36564,['2021-07-20']
1630,55.41650107,13.67491923,S2A_MSIL2A_20171113T102251_R065_T33UVB_20201014T193608,2017-11-13,0.78,37076,['2021-07-20']
1630,55.41650107,13.67491923,S2B_MSIL2A_20211227T102339_R065_T33UVB_20230126T162437,2021-12-27,1.08,36708,['2021-07-20']
1631,59.68870303,18.85357322,S2A_MSIL2A_20220819T101611_R065_T34VCM_20220820T003251,2022-08-19,0.0,38500,['2021-07-14']
1631,59.68870303,18.85357322,S2A_MSIL2A_20220518T100601_R022_T34VCM_20220520T100518,2022-05-18,0.0,40012,['2021-07-14']
1631,59.68870303,18.85357322,S2A_MSIL2A_20240716T100601_R022_T34VCM_20240716T155947,2024-07-16,0.1,38252,['2021-07-14']
1631,59.68870303,18.85357322,S2C_MSIL2A_20250704T102041_R065_T34VCM_20250704T153115,2025-07-04,0.33,38792,['2021-07-14']
1631,59.68870303,18.85357322,S2A_MSIL2A_20190322T100031_R122_T34VCM_20201007T091748,2019-03-22,2.83,42056,['2021-07-14']
1632,59.68943845,18.89901248,S2A_MSIL2A_20170527T102031_R065_T34VCM_20210209T183126,2017-05-27,0.0,49896,['2021-07-14']
1632,59.68943845,18.89901248,S2A_MSIL2A_20200306T100021_R122_T34VCM_20200929T103645,2020-03-06,0.0,51964,['2021-07-14']
1632,59.68943845,18.89901248,S2A_MSIL2A_20230513T100551_R022_T34VCM_20230513T183005,2023-05-13,0.0,50176,['2021-07-14']
1632,59.68943845,18.89901248,S2C_MSIL2A_20251115T100311_R122_T34VCM_20251115T114609,2025-11-15,0.02,52384,['2021-07-14']
1632,59.68943845,18.89901248,S2B_MSIL2A_20190416T100029_R122_T34VCM_20201007T025604,2019-04-16,0.03,50848,['2021-07-14']
1633,59.69015814,18.94445404,S2A_MSIL2A_20220624T100041_R122_T34VCM_20240714T162313,2022-06-24,0.0,62944,['2021-07-14']
1633,59.69015814,18.94445404,S2B_MSIL2A_20210925T101019_R022_T34VCM_20210926T083537,2021-09-25,0.0,63276,['2021-07-14']
1633,59.69015814,18.94445404,S2B_MSIL2A_20200910T100559_R022_T34VCM_20200912T024629,2020-09-10,0.0,63184,['2021-07-14']
1633,59.69015814,18.94445404,S2A_MSIL2A_20180807T101021_R022_T34VCM_20201010T222050,2018-08-07,0.0,63148,['2021-07-14']
1633,59.69015814,18.94445404,S2B_MSIL2A_20240522T100559_R022_T34VCM_20240522T141309,2024-05-22,0.0,63324,['2021-07-14']
1634,56.14806517,14.75299338,S2B_MSIL2A_20230816T100559_R022_T33VVC_20230816T171656,2023-08-16,0.0,48060,['2021-07-12']
1634,56.14806517,14.75299338,S2A_MSIL2A_20190213T101131_R022_T33VVC_20201007T162323,2019-02-13,0.11,48516,['2021-07-12']
1634,56.14806517,14.75299338,S2A_MSIL2A_20180502T102031_R065_T33VVC_20201012T045607,2018-05-02,0.21,48116,['2021-07-12']
1634,56.14806517,14.75299338,S2B_MSIL2A_20231227T102339_R065_T33VVC_20231227T133801,2023-12-27,0.34,49684,['2021-07-12']
1634,56.14806517,14.75299338,S2A_MSIL2A_20251230T101451_R022_T33VVC_20251230T113318,2025-12-30,0.43,49456,['2021-07-12']
1635,56.14797595,14.71178939,S2A_MSIL2A_20190213T101131_R022_T33VVC_20201007T162323,2019-02-13,0.0,59868,['2021-07-12']
1635,56.14797595,14.71178939,S2C_MSIL2A_20260407T101021_R022_T33VVC_20260407T151515,2026-04-07,0.0,59752,['2021-07-12']
1635,56.14797595,14.71178939,S2B_MSIL2A_20230905T100559_R022_T33VVC_20241102T142635,2023-09-05,0.01,59292,['2021-07-12']
1635,56.14797595,14.71178939,S2A_MSIL2A_20230612T100601_R022_T33VVC_20230612T172722,2023-06-12,0.01,59152,['2021-07-12']
1635,56.14797595,14.71178939,S2A_MSIL2A_20200531T102031_R065_T33VVC_20200911T145710,2020-05-31,0.03,59268,['2021-07-12']
1636,56.14814065,14.79419758,S2C_MSIL2A_20250614T101621_R065_T33VVC_20250614T142405,2025-06-14,0.0,47084,['2021-07-12']
1636,56.14814065,14.79419758,S2B_MSIL2A_20240522T100559_R022_T33VVC_20240522T141051,2024-05-22,0.01,48008,['2021-07-12']
1636,56.14814065,14.79419758,S2A_MSIL2A_20160529T101032_R022_T33VVC_20210211T152009,2016-05-29,0.02,47424,['2021-07-12']
1636,56.14814065,14.79419758,S2B_MSIL2A_20180726T102019_R065_T33VVC_20201011T202309,2018-07-26,0.05,47920,['2021-07-12']
1636,56.14814065,14.79419758,S2B_MSIL2A_20201013T101909_R065_T33VVC_20201019T230241,2020-10-13,0.11,48472,['2021-07-12']
1641,59.6526799,18.83019888,S2A_MSIL2A_20240716T100601_R022_T34VCM_20240716T155947,2024-07-16,0.0,35192,['2021-07-14']
1641,59.6526799,18.83019888,S2A_MSIL2A_20220411T101601_R065_T34VCM_20240524T081910,2022-04-11,0.0,37176,['2021-07-14']
1641,59.6526799,18.83019888,S2A_MSIL2A_20210420T100021_R122_T34VCM_20210421T161559,2021-04-20,0.0,37004,['2021-07-14']
1641,59.6526799,18.83019888,S2B_MSIL2A_20200808T100029_R122_T34VCM_20200815T123431,2020-08-08,0.01,35476,['2021-07-14']
1641,59.6526799,18.83019888,S2A_MSIL2A_20200627T101031_R022_T34VCM_20200824T072043,2020-06-27,0.02,35884,['2021-07-14']
1642,59.48519387,18.62781286,S2B_MSIL2A_20231012T095849_R122_T33VXG_20241102T165148,2023-10-12,0.01,50488,['2021-07-14']
1642,59.48519387,18.62781286,S2B_MSIL2A_20200808T100029_R122_T34VCM_20200815T123431,2020-08-08,0.01,49804,['2021-07-14']
1642,59.48519387,18.62781286,S2A_MSIL2A_20221012T095941_R122_T33VXG_20240821T184725,2022-10-12,0.01,50452,['2021-07-14']
1642,59.48519387,18.62781286,S2C_MSIL2A_20250519T100041_R122_T34VCM_20250519T151359,2025-05-19,0.02,50896,['2021-07-14']
1642,59.48519387,18.62781286,S2B_MSIL2A_20171019T102019_R065_T33VXF_20201015T010006,2017-10-19,0.15,36776,['2021-07-14']
1643,59.4622248,18.62942318,S2B_MSIL2A_20200423T100549_R022_T33VXG_20200921T200100,2020-04-23,0.0,50272,['2021-07-14']
1643,59.4622248,18.62942318,S2B_MSIL2A_20241211T102339_R065_T33VXG_20241211T140605,2024-12-11,0.0,64016,['2021-07-14']
1643,59.4622248,18.62942318,S2B_MSIL2A_20190615T100039_R122_T34VCM_20201006T023835,2019-06-15,0.0,49956,['2021-07-14']
1643,59.4622248,18.62942318,S2B_MSIL2A_20230823T095559_R122_T33VXG_20230823T162529,2023-08-23,0.02,49668,['2021-07-14']
1643,59.4622248,18.62942318,S2A_MSIL2A_20230219T100041_R122_T33VXF_20230221T062143,2023-02-19,0.33,50476,['2021-07-14']
1644,59.463036,18.67455129,S2A_MSIL2A_20230416T101601_R065_T34VCL_20240904T172156,2023-04-16,0.0,39656,['2021-07-14']
1644,59.463036,18.67455129,S2A_MSIL2A_20221012T095941_R122_T33VXG_20240821T184725,2022-10-12,0.0,40128,['2021-07-14']
1644,59.463036,18.67455129,S2B_MSIL2A_20170916T101019_R022_T33VXF_20210202T041721,2017-09-16,0.0,40808,['2021-07-14']
1644,59.463036,18.67455129,S2B_MSIL2A_20200808T100029_R122_T34VCM_20200815T123431,2020-08-08,0.0,38688,['2021-07-14']
1644,59.463036,18.67455129,S2B_MSIL2A_20200423T100549_R022_T33VXG_20200921T200100,2020-04-23,0.0,40588,['2021-07-14']
1645,59.48600581,18.67297155,S2A_MSIL2A_20200319T101021_R022_T34VCL_20201012T164316,2020-03-19,0.0,57832,['2021-07-14']
1645,59.48600581,18.67297155,S2A_MSIL2A_20200614T100031_R122_T34VCL_20200919T033509,2020-06-14,0.0,56624,['2021-07-14']
1645,59.48600581,18.67297155,S2B_MSIL2A_20190725T100039_R122_T33VXG_20201005T193419,2019-07-25,0.0,56884,['2021-07-14']
1645,59.48600581,18.67297155,S2A_MSIL2A_20220411T101601_R065_T34VCM_20240524T081910,2022-04-11,0.0,57492,['2021-07-14']
1645,59.48600581,18.67297155,S2A_MSIL2A_20190424T101031_R022_T34VCL_20201105T165741,2019-04-24,0.0,58084,['2021-07-14']
1646,59.50897551,18.6713893,S2B_MSIL2A_20180511T100029_R122_T34VCL_20201012T084118,2018-05-11,0.0,47812,['2021-07-14']
1646,59.50897551,18.6713893,S2B_MSIL2A_20190615T100039_R122_T34VCM_20201006T023835,2019-06-15,0.0,48748,['2021-07-14']
1646,59.50897551,18.6713893,S2B_MSIL2A_20170814T100029_R122_T34VCL_20201019T221504,2017-08-14,0.0,47080,['2021-07-14']
1646,59.50897551,18.6713893,S2A_MSIL2A_20220720T101611_R065_T34VCL_20220721T003628,2022-07-20,0.0,46668,['2021-07-14']
1646,59.50897551,18.6713893,S2A_MSIL2A_20170421T100031_R122_T34VCL_20210209T092858,2017-04-21,0.0,48048,['2021-07-14']
1647,57.35712201,18.75537462,S2B_MSIL2A_20230418T100559_R022_T34VCJ_20230419T024820,2023-04-18,0.24,43152,['2021-07-17']
1647,57.35712201,18.75537462,S2A_MSIL2A_20241024T101101_R022_T34VCJ_20241024T122648,2024-10-24,0.54,43212,['2021-07-17']
1647,57.35712201,18.75537462,S2A_MSIL2A_20221224T101431_R022_T34VCJ_20221225T123234,2022-12-24,0.68,43076,['2021-07-17']
1647,57.35712201,18.75537462,S2B_MSIL2A_20200403T100549_R022_T34VCJ_20200924T212501,2020-04-03,0.73,43012,['2021-07-17']
1647,57.35712201,18.75537462,S2A_MSIL2A_20151231T101432_R022_T34VCJ_20210527T000737,2015-12-31,1.21,42496,['2021-07-17']
1648,59.59021485,18.6929077,S2C_MSIL2A_20260410T102021_R065_T33VXG_20260410T160212,2026-04-10,0.0,34008,['2021-07-14']
1648,59.59021485,18.6929077,S2B_MSIL2A_20241211T102339_R065_T33VXG_20241211T140605,2024-12-11,0.0,34280,['2021-07-14']
1648,59.59021485,18.6929077,S2A_MSIL2A_20220411T101601_R065_T34VCM_20240524T081910,2022-04-11,0.0,34364,['2021-07-14']
1648,59.59021485,18.6929077,S2A_MSIL2A_20241017T102021_R065_T33VXG_20241017T143350,2024-10-17,0.0,33768,['2021-07-14']
1648,59.59021485,18.6929077,S2A_MSIL2A_20160824T100032_R122_T33VXG_20210212T173657,2016-08-24,0.0,32872,['2021-07-14']
1649,59.54427521,18.69605065,S2A_MSIL2A_20200627T101031_R022_T34VCM_20200824T072043,2020-06-27,0.0,48328,['2021-07-14']
1649,59.54427521,18.69605065,S2B_MSIL2A_20240330T095559_R122_T34VCM_20240330T143607,2024-03-30,0.0,50020,['2021-07-14']
1649,59.54427521,18.69605065,S2A_MSIL2A_20221012T095941_R122_T33VXG_20240821T184725,2022-10-12,0.0,40280,['2021-07-14']
1649,59.54427521,18.69605065,S2A_MSIL2A_20211013T101951_R065_T33VXG_20211013T234403,2021-10-13,1.85,40932,['2021-07-14']
1649,59.54427521,18.69605065,S2A_MSIL2A_20170706T102021_R065_T33VXG_20210210T052425,2017-07-06,3.91,37828,['2021-07-14']
1651,59.09657309,18.38054477,S2A_MSIL2A_20200319T101021_R022_T34VCL_20201012T164316,2020-03-19,0.0,57480,['2021-07-25']
1651,59.09657309,18.38054477,S2A_MSIL2A_20170504T101031_R022_T34VCL_20210209T125813,2017-05-04,0.0,57104,['2021-07-25']
1651,59.09657309,18.38054477,S2B_MSIL2A_20220420T100019_R122_T33VXF_20220420T203235,2022-04-20,0.0,56608,['2021-07-25']
1651,59.09657309,18.38054477,S2B_MSIL2A_20221023T102029_R065_T33VXF_20221024T052237,2022-10-23,0.0,56392,['2021-07-25']
1651,59.09657309,18.38054477,S2B_MSIL2A_20230316T100029_R122_T34VCL_20240827T115615,2023-03-16,0.01,57208,['2021-07-25']
1655,59.01544931,18.05051737,S2A_MSIL2A_20240318T100731_R022_T33VXF_20240318T141608,2024-03-18,0.0,44276,['2021-07-25']
1655,59.01544931,18.05051737,S2A_MSIL2A_20250524T100701_R022_T34VCL_20250524T121822,2025-05-24,0.0,43588,['2021-07-25']
1655,59.01544931,18.05051737,S2A_MSIL2A_20220518T100601_R022_T33VXF_20220520T090345,2022-05-18,0.0,44136,['2021-07-25']
1655,59.01544931,18.05051737,S2A_MSIL2A_20170328T102021_R065_T34VCL_20210209T023252,2017-03-28,0.45,43832,['2021-07-25']
1655,59.01544931,18.05051737,S2A_MSIL2A_20190424T101031_R022_T34VCL_20201105T165741,2019-04-24,0.53,44084,['2021-07-25']
1656,59.03840705,18.05255277,S2A_MSIL2A_20190424T101031_R022_T34VCL_20201105T165741,2019-04-24,0.0,39460,['2021-07-25']
1656,59.03840705,18.05255277,S2B_MSIL2A_20220811T100559_R022_T33VXF_20220812T071706,2022-08-11,0.0,37292,['2021-07-25']
1656,59.03840705,18.05255277,S2A_MSIL2A_20200421T102021_R065_T33VXF_20200921T120451,2020-04-21,0.0,40144,['2021-07-25']
1656,59.03840705,18.05255277,S2A_MSIL2A_20230416T101601_R065_T34VCL_20240904T172156,2023-04-16,0.0,39472,['2021-07-25']
1656,59.03840705,18.05255277,S2B_MSIL2A_20190728T101029_R022_T34VCL_20201106T042807,2019-07-28,0.0,37952,['2021-07-25']
1657,59.0800687,17.66755351,S2B_MSIL2A_20251116T102219_R065_T33VXF_20251116T125013,2025-11-16,0.0,50728,['2021-07-25']
1657,59.0800687,17.66755351,S2A_MSIL2A_20180919T102021_R065_T34VCL_20201009T024410,2018-09-19,0.0,48692,['2021-07-25']
1657,59.0800687,17.66755351,S2B_MSIL2A_20230905T100559_R022_T34VCL_20241102T142635,2023-09-05,0.0,48460,['2021-07-25']
1657,59.0800687,17.66755351,S2B_MSIL2A_20180603T101019_R022_T34VCL_20201026T142638,2018-06-03,0.0,48796,['2021-07-25']
1657,59.0800687,17.66755351,S2B_MSIL2A_20190608T101029_R022_T34VCL_20201005T234617,2019-06-08,0.01,48836,['2021-07-25']
1659,59.05617865,17.71035458,S2B_MSIL2A_20250818T101559_R065_T33VXF_20250818T125628,2025-08-18,0.01,37992,['2021-07-25']
1659,59.05617865,17.71035458,S2B_MSIL2A_20221023T102029_R065_T33VXF_20221024T052237,2022-10-23,0.01,38332,['2021-07-25']
1659,59.05617865,17.71035458,S2B_MSIL2A_20240522T100559_R022_T34VCL_20240522T141101,2024-05-22,0.02,39512,['2021-07-25']
1659,59.05617865,17.71035458,S2A_MSIL2A_20220518T100601_R022_T33VXF_20220520T090345,2022-05-18,0.02,38956,['2021-07-25']
1659,59.05617865,17.71035458,S2A_MSIL2A_20200221T102041_R065_T34VCL_20200927T141110,2020-02-21,0.03,40556,['2021-07-25']
1661,59.42099905,18.55598481,S2A_MSIL2A_20161006T101022_R022_T33VXF_20210213T080106,2016-10-06,0.0,44456,['2021-07-25']
1661,59.42099905,18.55598481,S2B_MSIL2A_20240604T101559_R065_T34VCL_20240604T141121,2024-06-04,0.01,43856,['2021-07-25']
1661,59.42099905,18.55598481,S2A_MSIL2A_20251018T100041_R122_T33VXG_20251018T115256,2025-10-18,0.02,44196,['2021-07-25']
1661,59.42099905,18.55598481,S2A_MSIL2A_20241017T102021_R065_T33VXF_20241017T143350,2024-10-17,0.03,44176,['2021-07-25']
1661,59.42099905,18.55598481,S2A_MSIL2A_20170623T101021_R022_T34VCL_20210210T010900,2017-06-23,0.46,43816,['2021-07-25']
1663,59.41976373,18.60100659,S2A_MSIL2A_20170706T102021_R065_T34VCL_20210210T052446,2017-07-06,0.0,39728,['2021-07-25']
1663,59.41976373,18.60100659,S2B_MSIL2A_20180716T102019_R065_T34VCL_20201011T163705,2018-07-16,0.0,39836,['2021-07-25']
1663,59.41976373,18.60100659,S2A_MSIL2A_20170501T100031_R122_T33VXG_20210209T121351,2017-05-01,0.0,40748,['2021-07-25']
1663,59.41976373,18.60100659,S2B_MSIL2A_20230710T101609_R065_T33VXF_20230710T162051,2023-07-10,0.0,38884,['2021-07-25']
1663,59.41976373,18.60100659,S2A_MSIL2A_20220518T100601_R022_T33VXG_20220520T092550,2022-05-18,0.01,40064,['2021-07-25']
1667,59.35320328,18.95295337,S2B_MSIL2A_20200910T100559_R022_T34VCL_20200912T024653,2020-09-10,0.0,50020,['2021-07-29']
1667,59.35320328,18.95295337,S2A_MSIL2A_20250809T100041_R122_T34VCL_20250809T122414,2025-08-09,0.0,50628,['2021-07-29']
1667,59.35320328,18.95295337,S2A_MSIL2A_20220724T100041_R122_T34VCL_20240716T191956,2022-07-24,0.0,49852,['2021-07-29']
1667,59.35320328,18.95295337,S2A_MSIL2A_20190720T100031_R122_T34VCL_20201005T165120,2019-07-20,0.0,50000,['2021-07-29']
1667,59.35320328,18.95295337,S2A_MSIL2A_20160317T100012_R122_T34VCL_20210528T155920,2016-03-17,0.02,47064,['2021-07-29']
1673,58.76166437,17.4884434,S2B_MSIL2A_20260306T102019_R065_T33VXF_20260306T155115,2026-03-06,0.0,37460,['2021-07-25']
1673,58.76166437,17.4884434,S2A_MSIL2A_20190424T101031_R022_T33VXF_20201105T165739,2019-04-24,0.0,37272,['2021-07-25']
1673,58.76166437,17.4884434,S2B_MSIL2A_20230905T100559_R022_T33VXF_20241102T142635,2023-09-05,0.0,36600,['2021-07-25']
1673,58.76166437,17.4884434,S2A_MSIL2A_20170504T101031_R022_T33VXF_20210209T125813,2017-05-04,0.0,36876,['2021-07-25']
1673,58.76166437,17.4884434,S2A_MSIL2A_20200521T102031_R065_T33VXF_20200910T103914,2020-05-21,0.0,36840,['2021-07-25']
1675,56.16524423,15.5635643,S2A_MSIL2A_20250924T102041_R065_T33VWC_20250924T160513,2025-09-24,0.0,47792,"['2021-03-02', '2021-07-22']"
1675,56.16524423,15.5635643,S2A_MSIL2A_20230910T100601_R022_T33VWC_20230910T182158,2023-09-10,0.01,47776,"['2021-03-02', '2021-07-22']"
1675,56.16524423,15.5635643,S2A_MSIL2A_20240729T102021_R065_T33VWC_20240729T165653,2024-07-29,0.03,47356,"['2021-03-02', '2021-07-22']"
1675,56.16524423,15.5635643,S2B_MSIL2A_20180507T102019_R065_T33VWC_20201012T070447,2018-05-07,0.32,47756,"['2021-03-02', '2021-07-22']"
1675,56.16524423,15.5635643,S2B_MSIL2A_20180822T101019_R022_T33VWC_20201011T053351,2018-08-22,0.49,47612,"['2021-03-02', '2021-07-22']"
1676,56.18824391,15.56390134,S2A_MSIL2A_20230725T101601_R065_T33VWC_20241017T005903,2023-07-25,0.0,40252,"['2021-03-02', '2021-07-22']"
1676,56.18824391,15.56390134,S2B_MSIL2A_20220811T100559_R022_T33VWC_20240713T181910,2022-08-11,0.0,40212,"['2021-03-02', '2021-07-22']"
1676,56.18824391,15.56390134,S2B_MSIL2A_20240621T100559_R022_T33VWC_20240621T150339,2024-06-21,0.0,40096,"['2021-03-02', '2021-07-22']"
1676,56.18824391,15.56390134,S2A_MSIL2A_20251011T100951_R022_T33VWC_20251011T120013,2025-10-11,0.37,40892,"['2021-03-02', '2021-07-22']"
1676,56.18824391,15.56390134,S2A_MSIL2A_20200421T102021_R065_T33VWC_20200921T120431,2020-04-21,0.51,41232,"['2021-03-02', '2021-07-22']"
1677,56.16542528,15.52234318,S2A_MSIL2A_20241017T102021_R065_T33VWC_20241017T143350,2024-10-17,0.0,46664,"['2021-03-02', '2021-07-22']"
1677,56.16542528,15.52234318,S2A_MSIL2A_20251011T100951_R022_T33VWC_20251011T120013,2025-10-11,0.01,46212,"['2021-03-02', '2021-07-22']"
1677,56.16542528,15.52234318,S2B_MSIL2A_20200725T101559_R065_T33VWC_20200817T130656,2020-07-25,0.01,45240,"['2021-03-02', '2021-07-22']"
1677,56.16542528,15.52234318,S2A_MSIL2A_20201018T102041_R065_T33VWC_20201021T000350,2020-10-18,0.02,46676,"['2021-03-02', '2021-07-22']"
1677,56.16542528,15.52234318,S2C_MSIL2A_20250201T101301_R022_T33VWC_20250204T143811,2025-02-01,0.16,52220,"['2021-03-02', '2021-07-22']"
1678,56.14224446,15.56322775,S2B_MSIL2A_20200625T101559_R065_T33VWC_20200919T022448,2020-06-25,0.0,62588,"['2021-03-02', '2021-07-22']"
1678,56.14224446,15.56322775,S2B_MSIL2A_20260306T102019_R065_T33VWC_20260306T155115,2026-03-06,0.01,63412,"['2021-03-02', '2021-07-22']"
1678,56.14224446,15.56322775,S2A_MSIL2A_20250603T101041_R022_T33VWC_20250603T134103,2025-06-03,0.01,62656,"['2021-03-02', '2021-07-22']"
1678,56.14224446,15.56322775,S2B_MSIL2A_20230610T101609_R065_T33VWC_20240909T065358,2023-06-10,0.01,62608,"['2021-03-02', '2021-07-22']"
1678,56.14224446,15.56322775,S2A_MSIL2A_20230202T101231_R022_T33VWC_20230203T061658,2023-02-02,0.06,63656,"['2021-03-02', '2021-07-22']"
1679,56.14204984,15.60442376,S2B_MSIL2A_20240306T101759_R065_T33VWC_20240306T151132,2024-03-06,0.0,64924,"['2021-03-02', '2021-07-22']"
1679,56.14204984,15.60442376,S2B_MSIL2A_20180726T102019_R065_T33VWC_20201011T202307,2018-07-26,0.01,64520,"['2021-03-02', '2021-07-22']"
1679,56.14204984,15.60442376,S2B_MSIL2A_20180507T102019_R065_T33VWC_20201012T070447,2018-05-07,0.02,64528,"['2021-03-02', '2021-07-22']"
1679,56.14204984,15.60442376,S2A_MSIL2A_20211013T101951_R065_T33VWC_20211014T004840,2021-10-13,0.04,64732,"['2021-03-02', '2021-07-22']"
1679,56.14204984,15.60442376,S2A_MSIL2A_20240507T100601_R022_T33VWC_20240507T155607,2024-05-07,0.37,64196,"['2021-03-02', '2021-07-22']"
1681,57.88528447,16.52925175,S2A_MSIL2A_20190726T102031_R065_T33VWE_20201106T020402,2019-07-26,0.01,59204,['2021-07-25']
1681,57.88528447,16.52925175,S2B_MSIL2A_20200801T100559_R022_T33VWE_20200815T190921,2020-08-01,0.01,59076,['2021-07-25']
1681,57.88528447,16.52925175,S2C_MSIL2A_20250415T102041_R065_T33VWE_20250415T160234,2025-04-15,0.01,59768,['2021-07-25']
1681,57.88528447,16.52925175,S2A_MSIL2A_20240904T100551_R022_T33VWE_20240904T154147,2024-09-04,0.01,59316,['2021-07-25']
1681,57.88528447,16.52925175,S2A_MSIL2A_20230513T100551_R022_T33VWE_20230513T172647,2023-05-13,0.02,59680,['2021-07-25']
1683,56.5881149,16.39874234,S2B_MSIL2A_20230816T100559_R022_T33VWC_20230816T171718,2023-08-16,0.0,51564,['2021-07-22']
1683,56.5881149,16.39874234,S2A_MSIL2A_20180721T102021_R065_T33VWC_20201011T181757,2018-07-21,0.0,48644,['2021-07-22']
1683,56.5881149,16.39874234,S2A_MSIL2A_20250713T101051_R022_T33VWC_20250713T120120,2025-07-13,0.0,51512,['2021-07-22']
1683,56.5881149,16.39874234,S2C_MSIL2A_20251228T101441_R022_T33VWC_20251228T112312,2025-12-28,0.45,52900,['2021-07-22']
1683,56.5881149,16.39874234,S2B_MSIL2A_20170817T101019_R022_T33VWC_20210201T040948,2017-08-17,1.17,49840,['2021-07-22']
1803,56.9462029,16.48136243,S2A_MSIL2A_20221227T102431_R065_T33VWD_20221227T200909,2022-12-27,0.0,50496,['2021-03-17']
1803,56.9462029,16.48136243,S2A_MSIL2A_20240517T100601_R022_T33VWD_20240517T203705,2024-05-17,0.0,46860,['2021-03-17']
1803,56.9462029,16.48136243,S2A_MSIL2A_20190417T102031_R065_T33VWD_20201007T030917,2019-04-17,0.0,47996,['2021-03-17']
1803,56.9462029,16.48136243,S2A_MSIL2A_20170527T102031_R065_T33VWD_20210209T183128,2017-05-27,0.0,46388,['2021-03-17']
1803,56.9462029,16.48136243,S2B_MSIL2A_20221020T100939_R022_T33VWD_20221020T191717,2022-10-20,0.0,47632,['2021-03-17']
1844,58.87166955,-3.215218183,S2A_MSIL2A_20200731T113331_R080_T30VVL_20200818T064659,2020-07-31,0.0,32680,"['2022-06-01', '2022-09-19']"
1844,58.87166955,-3.215218183,S2A_MSIL2A_20191107T114351_R123_T30VVL_20201003T140018,2019-11-07,0.0,34260,"['2022-06-01', '2022-09-19']"
1844,58.87166955,-3.215218183,S2B_MSIL2A_20200207T113309_R080_T30VVL_20201001T070851,2020-02-07,0.0,34512,"['2022-06-01', '2022-09-19']"
1844,58.87166955,-3.215218183,S2B_MSIL2A_20240625T113319_R080_T30VVL_20240625T141618,2024-06-25,0.0,34008,"['2022-06-01', '2022-09-19']"
1844,58.87166955,-3.215218183,S2B_MSIL2A_20200420T114349_R123_T30VVL_20200924T084119,2020-04-20,0.0,32940,"['2022-06-01', '2022-09-19']"
1846,31.96006244,-116.776264,S2B_MSIL2A_20221027T182449_R127_T11SNR_20240802T124847,2022-10-27,0.0,63744,['2016-07-05']
1846,31.96006244,-116.776264,S2C_MSIL2A_20251016T182351_R127_T11SNR_20251016T212415,2025-10-16,0.0,63768,['2016-07-05']
1846,31.96006244,-116.776264,S2A_MSIL2A_20170302T183301_R127_T11SNR_20210208T190101,2017-03-02,0.03,63920,['2016-07-05']
1846,31.96006244,-116.776264,S2A_MSIL2A_20200415T181921_R127_T11SNR_20200923T150116,2020-04-15,0.04,63828,['2016-07-05']
1846,31.96006244,-116.776264,S2A_MSIL2A_20201221T182801_R127_T11SNR_20210104T041422,2020-12-21,0.05,63808,['2016-07-05']
1852,49.27102414,-125.9055613,S2A_MSIL2A_20201202T193801_R142_T09UYQ_20201203T184513,2020-12-02,0.0,43724,"['2016-07-06', '2016-08-15', '2020-07-20']"
1852,49.27102414,-125.9055613,S2B_MSIL2A_20260117T192639_R099_T09UYQ_20260117T224817,2026-01-17,0.0,44636,"['2016-07-06', '2016-08-15', '2020-07-20']"
1852,49.27102414,-125.9055613,S2A_MSIL2A_20210727T191911_R099_T09UYQ_20210728T084629,2021-07-27,0.0,41928,"['2016-07-06', '2016-08-15', '2020-07-20']"
1852,49.27102414,-125.9055613,S2B_MSIL2A_20190318T193129_R142_T09UYQ_20201007T080404,2019-03-18,0.0,43324,"['2016-07-06', '2016-08-15', '2020-07-20']"
1852,49.27102414,-125.9055613,S2A_MSIL2A_20161230T192812_R099_T09UYQ_20210214T015629,2016-12-30,0.05,43944,"['2016-07-06', '2016-08-15', '2020-07-20']"
1857,49.24708341,-125.8718771,S2A_MSIL2A_20220212T192521_R099_T09UYQ_20220222T110942,2022-02-12,0.0,45244,['2016-08-15']
1857,49.24708341,-125.8718771,S2B_MSIL2A_20200720T192909_R142_T09UYQ_20200816T222310,2020-07-20,0.0,44952,['2016-08-15']
1857,49.24708341,-125.8718771,S2A_MSIL2A_20230428T191911_R099_T09UYQ_20230429T022610,2023-04-28,0.0,45044,['2016-08-15']
1857,49.24708341,-125.8718771,S2B_MSIL2A_20241017T193319_R142_T09UYQ_20241017T212814,2024-10-17,0.0,46700,['2016-08-15']
1857,49.24708341,-125.8718771,S2B_MSIL2A_20180926T192139_R099_T09UYQ_20201009T051844,2018-09-26,0.0,44268,['2016-08-15']
1859,50.8195,-127.556,S2B_MSIL2A_20240413T193909_R042_T09UXS_20240413T234438,2024-04-13,0.0,56768,['2017-09-27']
1859,50.8195,-127.556,S2A_MSIL2A_20251012T194841_R042_T09UXS_20251012T235902,2025-10-12,0.0,57268,['2017-09-27']
1859,50.8195,-127.556,S2B_MSIL2A_20250607T193859_R042_T09UXS_20250607T215408,2025-06-07,0.0,57052,['2017-09-27']
1859,50.8195,-127.556,S2A_MSIL2A_20230703T193911_R042_T09UXS_20230704T031906,2023-07-03,0.0,57244,['2017-09-27']
1859,50.8195,-127.556,S2B_MSIL2A_20220521T192909_R142_T09UXS_20220523T003409,2022-05-21,0.0,55872,['2017-09-27']
1860,49.86799,-126.757,S2A_MSIL2A_20240830T191911_R099_T09UXR_20240831T012649,2024-08-30,0.0,33460,"['2018-08-07', '2020-05-26']"
1860,49.86799,-126.757,S2A_MSIL2A_20230826T191911_R099_T09UXR_20230827T044536,2023-08-26,0.0,33520,"['2018-08-07', '2020-05-26']"
1860,49.86799,-126.757,S2B_MSIL2A_20180618T191909_R099_T09UXR_20201011T234621,2018-06-18,0.0,33384,"['2018-08-07', '2020-05-26']"
1860,49.86799,-126.757,S2B_MSIL2A_20240510T192909_R142_T09UXR_20240514T161213,2024-05-10,0.0,33496,"['2018-08-07', '2020-05-26']"
1860,49.86799,-126.757,S2A_MSIL2A_20191026T192511_R099_T09UXR_20201004T062205,2019-10-26,0.0,33340,"['2018-08-07', '2020-05-26']"
1866,49.6466,-126.432,S2A_MSIL2A_20240316T193141_R142_T09UXR_20240317T022536,2024-03-16,0.0,47380,['2020-07-20']
1866,49.6466,-126.432,S2C_MSIL2A_20250729T192931_R142_T09UXR_20250729T235655,2025-07-29,0.0,48000,['2020-07-20']
1866,49.6466,-126.432,S2A_MSIL2A_20230428T191911_R099_T09UXR_20240901T041749,2023-04-28,0.0,48228,['2020-07-20']
1866,49.6466,-126.432,S2A_MSIL2A_20231214T192821_R099_T09UXR_20231219T214654,2023-12-14,0.01,48948,['2020-07-20']
1866,49.6466,-126.432,S2A_MSIL2A_20210329T192001_R099_T09UXR_20210330T122703,2021-03-29,0.04,47752,['2020-07-20']
1867,50.63156936,-126.3264806,S2A_MSIL2A_20240316T193141_R142_T09UXS_20240317T024113,2024-03-16,0.0,46380,['2021-07-30']
1867,50.63156936,-126.3264806,S2B_MSIL2A_20220521T192909_R142_T09UXS_20220523T003409,2022-05-21,0.0,46568,['2021-07-30']
1867,50.63156936,-126.3264806,S2B_MSIL2A_20180402T192939_R142_T09UXS_20201012T173649,2018-04-02,0.0,46336,['2021-07-30']
1867,50.63156936,-126.3264806,S2B_MSIL2A_20240619T192909_R142_T09UXS_20240620T001502,2024-06-19,0.0,46640,['2021-07-30']
1867,50.63156936,-126.3264806,S2A_MSIL2A_20230309T192221_R099_T09UXS_20240806T001824,2023-03-09,0.0,45172,['2021-07-30']
1868,50.63073356,-126.2903237,S2B_MSIL2A_20170706T192909_R142_T09UXS_20210210T054200,2017-07-06,0.0,46652,['2021-07-30']
1868,50.63073356,-126.2903237,S2C_MSIL2A_20251014T192401_R099_T09UXS_20251014T222816,2025-10-14,0.0,47424,['2021-07-30']
1868,50.63073356,-126.2903237,S2B_MSIL2A_20200218T192439_R099_T09UXS_20200929T220135,2020-02-18,0.0,45828,['2021-07-30']
1868,50.63073356,-126.2903237,S2A_MSIL2A_20240113T192741_R099_T09UXS_20240113T230918,2024-01-13,0.0,47068,['2021-07-30']
1868,50.63073356,-126.2903237,S2B_MSIL2A_20221117T193709_R142_T09UXS_20221118T090713,2022-11-17,0.01,46444,['2021-07-30']
1869,50.65288231,-126.2528273,S2B_MSIL2A_20230605T192909_R142_T09UXS_20240816T140400,2023-06-05,0.0,52608,['2021-07-30']
1869,50.65288231,-126.2528273,S2B_MSIL2A_20200908T192939_R142_T09UXS_20200911T200712,2020-09-08,0.0,55228,['2021-07-30']
1869,50.65288231,-126.2528273,S2B_MSIL2A_20260117T192639_R099_T09UXS_20260117T224817,2026-01-17,0.0,55720,['2021-07-30']
1869,50.65288231,-126.2528273,S2A_MSIL2A_20180517T193021_R142_T09UXS_20201012T105619,2018-05-17,0.0,55608,['2021-07-30']
1869,50.65288231,-126.2528273,S2B_MSIL2A_20260301T193229_R142_T09UXS_20260301T231106,2026-03-01,0.0,55632,['2021-07-30']
1870,50.67587794,-126.2514842,S2A_MSIL2A_20240803T192911_R142_T09UXS_20240804T025548,2024-08-03,0.0,47328,['2021-07-30']
1870,50.67587794,-126.2514842,S2A_MSIL2A_20170201T193621_R142_T09UXS_20210208T034510,2017-02-01,0.0,46824,['2021-07-30']
1870,50.67587794,-126.2514842,S2A_MSIL2A_20240316T193141_R142_T09UXS_20240317T024113,2024-03-16,0.0,46608,['2021-07-30']
1870,50.67587794,-126.2514842,S2A_MSIL2A_20230309T192221_R099_T09UXS_20240806T001824,2023-03-09,0.0,46716,['2021-07-30']
1870,50.67587794,-126.2514842,S2A_MSIL2A_20210121T193721_R142_T09UXS_20210202T065812,2021-01-21,0.0,46860,['2021-07-30']
1871,50.85200559,-126.7206606,S2B_MSIL2A_20220809T192909_R142_T09UXS_20240703T011545,2022-08-09,0.0,52472,['2021-07-30']
1871,50.85200559,-126.7206606,S2C_MSIL2A_20250430T192931_R142_T09UXS_20250501T003107,2025-04-30,0.0,52224,['2021-07-30']
1871,50.85200559,-126.7206606,S2A_MSIL2A_20201202T193801_R142_T09UXS_20201203T184552,2020-12-02,0.0,51372,['2021-07-30']
1871,50.85200559,-126.7206606,S2B_MSIL2A_20210317T193039_R142_T09UXS_20210319T003003,2021-03-17,0.0,51160,['2021-07-30']
1871,50.85200559,-126.7206606,S2B_MSIL2A_20190626T192919_R142_T09UXS_20201006T064926,2019-06-26,0.0,52220,['2021-07-30']
1872,50.87500869,-126.7195382,S2B_MSIL2A_20220809T192909_R142_T09UXS_20240703T011545,2022-08-09,0.0,34036,['2021-07-30']
1872,50.87500869,-126.7195382,S2B_MSIL2A_20240619T192909_R142_T09UXS_20240620T001502,2024-06-19,0.0,33928,['2021-07-30']
1872,50.87500869,-126.7195382,S2A_MSIL2A_20191128T193751_R142_T09UXS_20201003T202741,2019-11-28,0.01,33596,['2021-07-30']
1872,50.87500869,-126.7195382,S2A_MSIL2A_20240215T193511_R142_T09UXS_20240216T001737,2024-02-15,0.16,33152,['2021-07-30']
1872,50.87500869,-126.7195382,S2B_MSIL2A_20190226T193349_R142_T09UXS_20201007T210134,2019-02-26,10.77,32536,['2021-07-30']
1874,50.85998811,-126.6255066,S2A_MSIL2A_20221003T193251_R142_T09UXS_20221004T120344,2022-10-03,0.0,65760,['2023-04-28']
1874,50.85998811,-126.6255066,S2A_MSIL2A_20180616T192911_R142_T09UXS_20201011T224846,2018-06-16,0.0,65848,['2023-04-28']
1874,50.85998811,-126.6255066,S2B_MSIL2A_20210416T192859_R142_T09UXS_20210417T090806,2021-04-16,0.0,65872,['2023-04-28']
1874,50.85998811,-126.6255066,S2A_MSIL2A_20210730T192911_R142_T09UXS_20210801T051530,2021-07-30,0.0,65880,['2023-04-28']
1874,50.85998811,-126.6255066,S2A_MSIL2A_20220416T192911_R142_T09UXS_20220417T061800,2022-04-16,0.0,65532,['2023-04-28']
1878,58.87173585,-3.170824771,S2B_MSIL2A_20210415T114349_R123_T30VVL_20210524T214655,2021-04-15,0.0,56772,['2022-06-01']
1878,58.87173585,-3.170824771,S2B_MSIL2A_20260119T114349_R123_T30VVL_20260119T152429,2026-01-19,0.0,58068,['2022-06-01']
1878,58.87173585,-3.170824771,S2A_MSIL2A_20180605T114351_R123_T30VVL_20201026T161407,2018-06-05,0.01,56832,['2022-06-01']
1878,58.87173585,-3.170824771,S2A_MSIL2A_20170730T114351_R123_T30VVL_20210210T164358,2017-07-30,0.27,57004,['2022-06-01']
1878,58.87173585,-3.170824771,S2B_MSIL2A_20180111T114439_R123_T30VVL_20201014T050141,2018-01-11,5.99,54116,['2022-06-01']
1890,50.84785,-126.319,S2B_MSIL2A_20230327T193029_R142_T09UXS_20230328T002404,2023-03-27,0.0,33532,['2017-08-10']
1890,50.84785,-126.319,S2C_MSIL2A_20250729T192931_R142_T09UXS_20250729T235655,2025-07-29,0.0,34352,['2017-08-10']
1890,50.84785,-126.319,S2B_MSIL2A_20230712T191919_R099_T09UXS_20240911T140832,2023-07-12,0.0,33672,['2017-08-10']
1890,50.84785,-126.319,S2B_MSIL2A_20200508T191909_R099_T09UXS_20200921T021551,2020-05-08,0.01,34180,['2017-08-10']
1890,50.84785,-126.319,S2A_MSIL2A_20190320T192111_R099_T09UXS_20201007T083655,2019-03-20,0.11,34332,['2017-08-10']
1891,50.82568249,-126.3566256,S2B_MSIL2A_20230702T191919_R099_T09UXS_20240911T015823,2023-07-02,0.0,41544,['2017-08-10']
1891,50.82568249,-126.3566256,S2A_MSIL2A_20180427T192911_R142_T09UXS_20201013T032035,2018-04-27,0.0,43024,['2017-08-10']
1891,50.82568249,-126.3566256,S2C_MSIL2A_20250828T192931_R142_T09UXS_20250828T225113,2025-08-28,0.0,44260,['2017-08-10']
1891,50.82568249,-126.3566256,S2B_MSIL2A_20240904T191919_R099_T09UXS_20240904T234505,2024-09-04,0.0,44044,['2017-08-10']
1891,50.82568249,-126.3566256,S2B_MSIL2A_20220309T192229_R099_T09UXS_20220310T155923,2022-03-09,0.27,44068,['2017-08-10']
1892,50.46260154,-127.8765457,S2B_MSIL2A_20230605T192909_R142_T09UWS_20240816T140400,2023-06-05,0.0,42488,['2019-02-04']
1892,50.46260154,-127.8765457,S2C_MSIL2A_20260329T194021_R042_T09UWR_20260330T003331,2026-03-29,0.0,46692,['2019-02-04']
1892,50.46260154,-127.8765457,S2B_MSIL2A_20231115T194659_R042_T09UWS_20240929T032516,2023-11-15,0.0,42116,['2019-02-04']
1892,50.46260154,-127.8765457,S2B_MSIL2A_20200315T194149_R042_T09UWR_20201010T084529,2020-03-15,0.01,46408,['2019-02-04']
1892,50.46260154,-127.8765457,S2A_MSIL2A_20220506T192911_R142_T09UWS_20220507T114234,2022-05-06,0.01,43128,['2019-02-04']
1893,50.485266,-127.8399218,S2B_MSIL2A_20190828T193909_R042_T09UWR_20201005T061101,2019-08-28,0.0,47556,['2019-02-04']
1893,50.485266,-127.8399218,S2B_MSIL2A_20210416T192859_R142_T09UWS_20210417T094203,2021-04-16,0.0,47240,['2019-02-04']
1893,50.485266,-127.8399218,S2B_MSIL2A_20180714T193859_R042_T09UWR_20201011T155347,2018-07-14,0.0,47348,['2019-02-04']
1893,50.485266,-127.8399218,S2A_MSIL2A_20200728T193911_R042_T09UWR_20200918T171426,2020-07-28,0.0,47232,['2019-02-04']
1893,50.485266,-127.8399218,S2B_MSIL2A_20201107T193619_R142_T09UWS_20201108T143430,2020-11-07,0.0,47124,['2019-02-04']
1896,52.78538,-128.331,S2C_MSIL2A_20250403T194001_R042_T09UWU_20250404T003817,2025-04-03,0.0,47340,['2017-08-03']
1896,52.78538,-128.331,S2B_MSIL2A_20220521T192909_R142_T09UWU_20220522T225212,2022-05-21,0.0,47748,['2017-08-03']
1896,52.78538,-128.331,S2B_MSIL2A_20210817T193859_R042_T09UWU_20210818T024815,2021-08-17,0.0,47504,['2017-08-03']
1896,52.78538,-128.331,S2B_MSIL2A_20240619T192909_R142_T09UWU_20240620T001455,2024-06-19,0.0,47788,['2017-08-03']
1896,52.78538,-128.331,S2A_MSIL2A_20190522T192911_R142_T09UWU_20201006T170446,2019-05-22,0.0,47752,['2017-08-03']
1897,52.80860026,-128.3686226,S2A_MSIL2A_20230703T193911_R042_T09UWU_20230704T031938,2023-07-03,0.0,32460,['2017-08-03']
1897,52.80860026,-128.3686226,S2B_MSIL2A_20240114T194759_R042_T09UWU_20240114T234317,2024-01-14,0.0,32096,['2017-08-03']
1897,52.80860026,-128.3686226,S2B_MSIL2A_20171206T194759_R042_T09UWU_20201014T122616,2017-12-06,0.17,32012,['2017-08-03']
1898,52.78515994,-128.2930447,S2B_MSIL2A_20250607T193859_R042_T09UWU_20250607T215408,2025-06-07,0.0,43644,['2017-08-03']
1898,52.78515994,-128.2930447,S2B_MSIL2A_20210625T192909_R142_T09UWU_20210626T104748,2021-06-25,0.09,43836,['2017-08-03']
1898,52.78515994,-128.2930447,S2C_MSIL2A_20260214T193511_R142_T09UWU_20260214T210609,2026-02-14,0.27,43736,['2017-08-03']
1898,52.78515994,-128.2930447,S2B_MSIL2A_20221220T194829_R042_T09UWU_20221221T110233,2022-12-20,1.14,42904,['2017-08-03']
1898,52.78515994,-128.2930447,S2B_MSIL2A_20180323T193049_R142_T09UWU_20201013T131802,2018-03-23,1.19,43360,['2017-08-03']
1902,50.23128312,1.474504644,S2B_MSIL2A_20200902T104629_R051_T31UCR_20201027T065057,2020-09-02,0.0,49988,"['2018-06-03', '2021-04-23']"
1902,50.23128312,1.474504644,S2B_MSIL2A_20181225T110449_R094_T31UCR_20201008T130013,2018-12-25,0.0,66564,"['2018-06-03', '2021-04-23']"
1902,50.23128312,1.474504644,S2B_MSIL2A_20250218T105009_R051_T31UCR_20250218T131407,2025-02-18,0.0,64796,"['2018-06-03', '2021-04-23']"
1902,50.23128312,1.474504644,S2B_MSIL2A_20200624T104629_R051_T31UCR_20200823T234244,2020-06-24,0.0,43012,"['2018-06-03', '2021-04-23']"
1902,50.23128312,1.474504644,S2B_MSIL2A_20210301T104859_R051_T31UCR_20210301T223645,2021-03-01,0.0,46716,"['2018-06-03', '2021-04-23']"
1903,50.20826738,1.475238628,S2A_MSIL2A_20231111T105301_R051_T31UCR_20241102T005953,2023-11-11,0.0,66564,['2018-06-03']
1903,50.20826738,1.475238628,S2A_MSIL2A_20160322T105042_R051_T31UCR_20210528T180011,2016-03-22,0.0,36544,['2018-06-03']
1903,50.20826738,1.475238628,S2B_MSIL2A_20180218T110109_R094_T31UCR_20201013T225211,2018-02-18,0.0,66564,['2018-06-03']
1903,50.20826738,1.475238628,S2A_MSIL2A_20180411T105031_R051_T31UCR_20201012T205635,2018-04-11,0.0,63300,['2018-06-03']
1903,50.20826738,1.475238628,S2A_MSIL2A_20200420T105031_R051_T31UCR_20200924T065930,2020-04-20,0.0,62812,['2018-06-03']
1904,50.20873259,1.51110233,S2A_MSIL2A_20240512T105621_R094_T31UCR_20240512T160859,2024-05-12,0.0,53104,"['2018-06-03', '2021-04-23']"
1904,50.20873259,1.51110233,S2B_MSIL2A_20230403T105629_R094_T31UCR_20240825T005452,2023-04-03,0.05,53112,"['2018-06-03', '2021-04-23']"
1904,50.20873259,1.51110233,S2A_MSIL2A_20220612T105631_R094_T31UCR_20240630T112009,2022-06-12,0.19,53052,"['2018-06-03', '2021-04-23']"
1904,50.20873259,1.51110233,S2B_MSIL2A_20220505T104619_R051_T31UCR_20220505T230911,2022-05-05,0.36,53000,"['2018-06-03', '2021-04-23']"
1904,50.20873259,1.51110233,S2A_MSIL2A_20200917T105031_R051_T31UCR_20200921T061802,2020-09-17,2.29,52072,"['2018-06-03', '2021-04-23']"
1906,50.25476472,1.509667927,S2B_MSIL2A_20171107T105229_R051_T31UCR_20201014T184625,2017-11-07,0.0,62564,"['2018-06-03', '2021-04-23']"
1906,50.25476472,1.509667927,S2A_MSIL2A_20170126T105321_R051_T31UCR_20210207T203722,2017-01-26,0.07,53940,"['2018-06-03', '2021-04-23']"
1906,50.25476472,1.509667927,S2B_MSIL2A_20250711T105619_R094_T31UCR_20250711T132409,2025-07-11,0.11,66492,"['2018-06-03', '2021-04-23']"
1906,50.25476472,1.509667927,S2A_MSIL2A_20210125T105331_R051_T31UCR_20210610T221658,2021-01-25,0.13,65816,"['2018-06-03', '2021-04-23']"
1906,50.25476472,1.509667927,S2B_MSIL2A_20201104T110229_R094_T31UCR_20201106T125954,2020-11-04,0.23,66412,"['2018-06-03', '2021-04-23']"
1908,50.21367918,1.562805266,S2A_MSIL2A_20220729T104631_R051_T31UCR_20240718T071744,2022-07-29,0.9,35816,['2016-07-20']
1908,50.21367918,1.562805266,S2A_MSIL2A_20211221T105451_R051_T31UCR_20211222T123006,2021-12-21,0.99,37000,['2016-07-20']
1908,50.21367918,1.562805266,S2B_MSIL2A_20200902T104629_R051_T31UCR_20201027T065057,2020-09-02,1.28,38644,['2016-07-20']
1908,50.21367918,1.562805266,S2A_MSIL2A_20200622T105631_R094_T31UCR_20200823T160701,2020-06-22,1.5,36800,['2016-07-20']
1908,50.21367918,1.562805266,S2A_MSIL2A_20170409T105651_R094_T31UCR_20210209T060933,2017-04-09,1.54,35800,['2016-07-20']
1911,49.651367,0.151624,S2A_MSIL2A_20230710T110621_R137_T30UYA_20230710T193227,2023-07-10,0.0,34608,['2016-08-22']
1911,49.651367,0.151624,S2B_MSIL2A_20240111T111329_R137_T30UYA_20240115T141730,2024-01-11,0.09,35004,['2016-08-22']
1911,49.651367,0.151624,S2A_MSIL2A_20180114T110411_R094_T30UYA_20201014T053930,2018-01-14,0.86,35128,['2016-08-22']
1911,49.651367,0.151624,S2A_MSIL2A_20160417T110652_R137_T30UYA_20210211T042832,2016-04-17,0.99,34488,['2016-08-22']
1911,49.651367,0.151624,S2B_MSIL2A_20231202T111329_R137_T30UYA_20231202T155738,2023-12-02,1.42,34292,['2016-08-22']
1912,49.67435824,0.153110942,S2B_MSIL2A_20181009T110939_R137_T30UYA_20201030T223028,2018-10-09,0.0,46832,['2016-08-22']
1912,49.67435824,0.153110942,S2B_MSIL2A_20190822T105629_R094_T30UYA_20201005T033703,2019-08-22,0.02,47168,['2016-08-22']
1912,49.67435824,0.153110942,S2B_MSIL2A_20200312T110739_R137_T30UYA_20201006T153847,2020-03-12,0.21,46664,['2016-08-22']
1912,49.67435824,0.153110942,S2B_MSIL2A_20180218T110109_R094_T30UYA_20201013T225210,2018-02-18,1.26,46200,['2016-08-22']
1912,49.67435824,0.153110942,S2A_MSIL2A_20240323T105721_R094_T30UYA_20240323T181038,2024-03-23,3.83,47176,['2016-08-22']
1913,49.67531841,0.117682126,S2A_MSIL2A_20240525T110621_R137_T30UYA_20240525T181007,2024-05-25,0.0,66272,['2016-08-22']
1913,49.67531841,0.117682126,S2B_MSIL2A_20251101T111119_R137_T30UYA_20251101T132005,2025-11-01,0.0,66564,['2016-08-22']
1913,49.67531841,0.117682126,S2B_MSIL2A_20250306T110829_R137_T30UYA_20250306T133711,2025-03-06,0.0,66480,['2016-08-22']
1913,49.67531841,0.117682126,S2B_MSIL2A_20190822T105629_R094_T30UYA_20201005T033703,2019-08-22,0.01,66464,['2016-08-22']
1913,49.67531841,0.117682126,S2A_MSIL2A_20210210T111211_R137_T30UYA_20210211T225022,2021-02-10,0.01,66544,['2016-08-22']
1914,49.65232639,0.116211825,S2B_MSIL2A_20210615T110619_R137_T30UYA_20210615T225029,2021-06-15,0.0,66528,['2016-08-22']
1914,49.65232639,0.116211825,S2A_MSIL2A_20220416T110621_R137_T30UYA_20220416T212035,2022-04-16,0.0,66540,['2016-08-22']
1914,49.65232639,0.116211825,S2B_MSIL2A_20250919T105629_R094_T30UYA_20250919T132150,2025-09-19,0.0,66556,['2016-08-22']
1914,49.65232639,0.116211825,S2A_MSIL2A_20200913T110701_R137_T30UYA_20200918T161656,2020-09-13,0.0,66560,['2016-08-22']
1914,49.65232639,0.116211825,S2A_MSIL2A_20241128T110411_R094_T30UYA_20241128T152055,2024-11-28,0.0,66564,['2016-08-22']
1915,49.62933425,0.114743409,S2A_MSIL2A_20210210T111211_R137_T30UYA_20210211T225022,2021-02-10,0.0,66564,['2016-08-22']
1915,49.62933425,0.114743409,S2A_MSIL2A_20180325T105701_R094_T30UYA_20201013T135737,2018-03-25,0.0,66564,['2016-08-22']
1915,49.62933425,0.114743409,S2A_MSIL2A_20251205T110451_R094_T30UYA_20251205T144908,2025-12-05,0.0,66564,['2016-08-22']
1915,49.62933425,0.114743409,S2A_MSIL2A_20201023T111131_R137_T30UYA_20201029T005712,2020-10-23,0.0,66564,['2016-08-22']
1915,49.62933425,0.114743409,S2C_MSIL2A_20250825T105641_R094_T30UYA_20250825T154713,2025-08-25,0.0,66564,['2016-08-22']
1916,49.31090475,-0.242838816,S2A_MSIL2A_20170618T105621_R094_T30UYV_20210209T235437,2017-06-18,0.0,44376,['2018-06-13']
1916,49.31090475,-0.242838816,S2A_MSIL2A_20160921T105732_R094_T30UYV_20210213T031200,2016-09-21,0.0,44376,['2018-06-13']
1916,49.31090475,-0.242838816,S2B_MSIL2A_20191203T111329_R137_T30UXV_20201003T001945,2019-12-03,0.0,66564,['2018-06-13']
1916,49.31090475,-0.242838816,S2B_MSIL2A_20200518T105619_R094_T30UYV_20200919T003340,2020-05-18,0.0,44376,['2018-06-13']
1916,49.31090475,-0.242838816,S2B_MSIL2A_20210903T110619_R137_T30UYV_20210903T200958,2021-09-03,0.0,44376,['2018-06-13']
1917,49.31173932,-0.278018708,S2A_MSIL2A_20181021T110101_R094_T30UXV_20201009T134652,2018-10-21,0.0,66564,['2018-06-13']
1917,49.31173932,-0.278018708,S2B_MSIL2A_20260407T105619_R094_T30UXV_20260407T133134,2026-04-07,0.0,66564,['2018-06-13']
1917,49.31173932,-0.278018708,S2A_MSIL2A_20180901T105621_R094_T30UXV_20201011T070449,2018-09-01,0.0,66564,['2018-06-13']
1917,49.31173932,-0.278018708,S2A_MSIL2A_20210210T111211_R137_T30UXV_20210522T202514,2021-02-10,0.0,66564,['2018-06-13']
1917,49.31173932,-0.278018708,S2B_MSIL2A_20240729T110619_R137_T30UXV_20240729T135102,2024-07-29,0.0,66564,['2018-06-13']
1918,49.31005948,-0.207660563,S2A_MSIL2A_20230528T105621_R094_T30UYV_20240908T090134,2023-05-28,0.0,66564,['2018-06-13']
1918,49.31005948,-0.207660563,S2B_MSIL2A_20220617T105629_R094_T30UXV_20220619T093713,2022-06-17,0.0,66564,['2018-06-13']
1918,49.31005948,-0.207660563,S2B_MSIL2A_20190226T111049_R137_T30UXV_20201007T205847,2019-02-26,0.0,66564,['2018-06-13']
1918,49.31005948,-0.207660563,S2A_MSIL2A_20170509T105621_R094_T30UYV_20210209T141559,2017-05-09,0.0,66564,['2018-06-13']
1918,49.31005948,-0.207660563,S2B_MSIL2A_20210423T105619_R094_T30UYV_20210525T005449,2021-04-23,0.0,66564,['2018-06-13']
1919,49.28790385,-0.244122626,S2B_MSIL2A_20220809T110629_R137_T30UYV_20220810T221329,2022-08-09,0.0,35268,"['2018-06-13', '2020-06-22', '2021-07-17']"
1919,49.28790385,-0.244122626,S2A_MSIL2A_20160921T105732_R094_T30UYV_20210213T031200,2016-09-21,0.06,37604,"['2018-06-13', '2020-06-22', '2021-07-17']"
1919,49.28790385,-0.244122626,S2B_MSIL2A_20240507T105619_R094_T30UYV_20240507T143742,2024-05-07,0.1,37012,"['2018-06-13', '2020-06-22', '2021-07-17']"
1919,49.28790385,-0.244122626,S2B_MSIL2A_20220617T105629_R094_T30UXV_20220619T093713,2022-06-17,0.13,43816,"['2018-06-13', '2020-06-22', '2021-07-17']"
1919,49.28790385,-0.244122626,S2B_MSIL2A_20200809T110629_R137_T30UYV_20200815T154703,2020-08-09,0.61,36320,"['2018-06-13', '2020-06-22', '2021-07-17']"
1920,49.28705926,-0.208960702,S2B_MSIL2A_20230625T110619_R137_T30UYV_20230625T164634,2023-06-25,0.0,32872,"['2018-06-13', '2020-06-22']"
1920,49.28705926,-0.208960702,S2A_MSIL2A_20170827T105651_R094_T30UXV_20210201T121158,2017-08-27,0.54,34544,"['2018-06-13', '2020-06-22']"
1920,49.28705926,-0.208960702,S2B_MSIL2A_20210426T110619_R137_T30UYV_20210427T033604,2021-04-26,1.31,34140,"['2018-06-13', '2020-06-22']"
1920,49.28705926,-0.208960702,S2A_MSIL2A_20201003T110911_R137_T30UYV_20201005T073316,2020-10-03,1.39,35312,"['2018-06-13', '2020-06-22']"
1920,49.28705926,-0.208960702,S2B_MSIL2A_20210903T110619_R137_T30UYV_20210903T200958,2021-09-03,1.91,32380,"['2018-06-13', '2020-06-22']"
1927,49.50871546,-1.277520943,S2C_MSIL2A_20250130T111341_R137_T30UXV_20250206T165811,2025-01-30,0.0,35448,['2019-07-11']
1927,49.50871546,-1.277520943,S2B_MSIL2A_20250402T105619_R094_T30UXV_20250402T150540,2025-04-02,0.0,34800,['2019-07-11']
1927,49.50871546,-1.277520943,S2A_MSIL2A_20160822T105652_R094_T30UXV_20210212T165508,2016-08-22,0.46,35292,['2019-07-11']
1927,49.50871546,-1.277520943,S2B_MSIL2A_20210920T105639_R094_T30UXV_20210921T001558,2021-09-20,1.0,34988,['2019-07-11']
1927,49.50871546,-1.277520943,S2A_MSIL2A_20170601T110651_R137_T30UXV_20210209T194233,2017-06-01,1.33,34116,['2019-07-11']
1928,49.67242529,-1.698038668,S2C_MSIL2A_20250430T110641_R137_T30UWA_20250430T153612,2025-04-30,0.0,34016,['2018-09-04']
1928,49.67242529,-1.698038668,S2A_MSIL2A_20221112T111321_R137_T30UWA_20221112T230427,2022-11-12,0.01,34376,['2018-09-04']
1928,49.67242529,-1.698038668,S2A_MSIL2A_20260318T110731_R137_T30UWA_20260318T180922,2026-03-18,0.31,32900,['2018-09-04']
1928,49.67242529,-1.698038668,S2B_MSIL2A_20210416T110619_R137_T30UWA_20210524T221242,2021-04-16,1.21,33188,['2018-09-04']
1928,49.67242529,-1.698038668,S2A_MSIL2A_20190701T110621_R137_T30UWA_20201005T074113,2019-07-01,2.9,32032,['2018-09-04']
1929,48.55846505,-1.97215012,S2B_MSIL2A_20240729T110619_R137_T30UWU_20240729T135102,2024-07-29,0.0,37516,"['2018-07-06', '2019-06-26']"
1929,48.55846505,-1.97215012,S2B_MSIL2A_20220710T110629_R137_T30UWU_20220712T113419,2022-07-10,0.0,36892,"['2018-07-06', '2019-06-26']"
1929,48.55846505,-1.97215012,S2B_MSIL2A_20240111T111329_R137_T30UWU_20240112T201128,2024-01-11,0.0,38068,"['2018-07-06', '2019-06-26']"
1929,48.55846505,-1.97215012,S2B_MSIL2A_20250204T111149_R137_T30UWU_20250204T121632,2025-02-04,0.0,38488,"['2018-07-06', '2019-06-26']"
1929,48.55846505,-1.97215012,S2B_MSIL2A_20210615T110619_R137_T30UWU_20210623T120526,2021-06-15,0.01,37840,"['2018-07-06', '2019-06-26']"
1931,48.10991,-4.298194,S2A_MSIL2A_20230121T111351_R137_T30UUU_20230123T005322,2023-01-21,0.0,54840,['2019-05-22']
1931,48.10991,-4.298194,S2B_MSIL2A_20200730T110619_R137_T30UVU_20200818T050358,2020-07-30,0.0,57400,['2019-05-22']
1931,48.10991,-4.298194,S2B_MSIL2A_20210718T112119_R037_T30UVU_20210719T003804,2021-07-18,0.04,56784,['2019-05-22']
1931,48.10991,-4.298194,S2C_MSIL2A_20260224T111051_R137_T30UVU_20260224T145311,2026-02-24,0.1,56140,['2019-05-22']
1931,48.10991,-4.298194,S2B_MSIL2A_20171113T111309_R137_T30UUU_20201014T194019,2017-11-13,0.1,57552,['2019-05-22']
1932,47.71191534,-3.367162791,S2A_MSIL2A_20220807T112131_R037_T30TVT_20240708T184258,2022-08-07,0.0,42556,"['2019-06-26', '2022-06-13']"
1932,47.71191534,-3.367162791,S2A_MSIL2A_20190412T110621_R137_T30TVT_20201007T011012,2019-04-12,0.76,41576,"['2019-06-26', '2022-06-13']"
1932,47.71191534,-3.367162791,S2B_MSIL2A_20170716T110649_R137_T30TVT_20210210T100259,2017-07-16,0.78,41436,"['2019-06-26', '2022-06-13']"
1932,47.71191534,-3.367162791,S2A_MSIL2A_20170412T110621_R137_T30TVT_20210209T070121,2017-04-12,1.2,38152,"['2019-06-26', '2022-06-13']"
1932,47.71191534,-3.367162791,S2B_MSIL2A_20190117T111409_R137_T30TVT_20201008T022423,2019-01-17,1.31,43064,"['2019-06-26', '2022-06-13']"
1934,47.43228,-2.47915,S2B_MSIL2A_20220521T110619_R137_T30TWT_20220522T152540,2022-05-21,0.0,65720,['2019-07-16']
1934,47.43228,-2.47915,S2B_MSIL2A_20230903T110629_R137_T30TWT_20241023T081939,2023-09-03,0.0,64144,['2019-07-16']
1934,47.43228,-2.47915,S2A_MSIL2A_20160815T110652_R137_T30TWT_20210212T143741,2016-08-15,0.01,65708,['2019-07-16']
1934,47.43228,-2.47915,S2A_MSIL2A_20211008T110951_R137_T30TWT_20211009T003319,2021-10-08,0.09,64640,['2019-07-16']
1934,47.43228,-2.47915,S2B_MSIL2A_20220121T111249_R137_T30TWT_20220122T085701,2022-01-21,0.18,65208,['2019-07-16']
1935,47.4554634,-2.512883789,S2B_MSIL2A_20251012T110919_R137_T30TWT_20251012T133527,2025-10-12,0.0,64644,"['2019-07-16', '2020-07-30', '2022-04-16']"
1935,47.4554634,-2.512883789,S2B_MSIL2A_20170716T110649_R137_T30TWT_20210210T100306,2017-07-16,0.02,64784,"['2019-07-16', '2020-07-30', '2022-04-16']"
1935,47.4554634,-2.512883789,S2A_MSIL2A_20190412T110621_R137_T30TWT_20201007T011015,2019-04-12,0.03,64896,"['2019-07-16', '2020-07-30', '2022-04-16']"
1935,47.4554634,-2.512883789,S2A_MSIL2A_20201122T111401_R137_T30TWT_20201123T133239,2020-11-22,0.07,65128,"['2019-07-16', '2020-07-30', '2022-04-16']"
1935,47.4554634,-2.512883789,S2A_MSIL2A_20171128T111411_R137_T30TWT_20201014T223848,2017-11-28,0.15,65168,"['2019-07-16', '2020-07-30', '2022-04-16']"
1936,47.40939489,-2.513308719,S2C_MSIL2A_20250410T110641_R137_T30TWT_20250410T164104,2025-04-10,0.0,60532,['2019-07-16']
1936,47.40939489,-2.513308719,S2A_MSIL2A_20211008T110951_R137_T30TWT_20211009T003319,2021-10-08,0.0,59944,['2019-07-16']
1936,47.40939489,-2.513308719,S2A_MSIL2A_20250810T110701_R137_T30TWT_20250810T151608,2025-08-10,0.0,59916,['2019-07-16']
1936,47.40939489,-2.513308719,S2B_MSIL2A_20230903T110629_R137_T30TWT_20241023T081939,2023-09-03,0.0,59764,['2019-07-16']
1936,47.40939489,-2.513308719,S2B_MSIL2A_20170716T110649_R137_T30TWT_20210210T100306,2017-07-16,0.0,60668,['2019-07-16']
1938,47.50600421,-2.491186049,S2B_MSIL2A_20250115T111319_R137_T30TWT_20250115T133241,2025-01-15,0.0,56128,"['2019-06-26', '2022-05-31']"
1938,47.50600421,-2.491186049,S2A_MSIL2A_20241022T111121_R137_T30TWT_20241022T153359,2024-10-22,0.0,56472,"['2019-06-26', '2022-05-31']"
1938,47.50600421,-2.491186049,S2A_MSIL2A_20211217T111451_R137_T30TWT_20211218T005420,2021-12-17,0.7,56896,"['2019-06-26', '2022-05-31']"
1938,47.50600421,-2.491186049,S2A_MSIL2A_20170313T110831_R137_T30TWT_20210208T220904,2017-03-13,3.14,54156,"['2019-06-26', '2022-05-31']"
1938,47.50600421,-2.491186049,S2A_MSIL2A_20191118T111341_R137_T30TWT_20201003T173902,2019-11-18,3.58,54956,"['2019-06-26', '2022-05-31']"
1940,47.32302832,-2.513952205,S2B_MSIL2A_20230625T110619_R137_T30TWT_20230625T165523,2023-06-25,0.0,52104,"['2019-07-16', '2022-06-15', '2022-07-30']"
1940,47.32302832,-2.513952205,S2B_MSIL2A_20251012T110919_R137_T30TWT_20251012T133527,2025-10-12,0.1,52348,"['2019-07-16', '2022-06-15', '2022-07-30']"
1940,47.32302832,-2.513952205,S2B_MSIL2A_20240530T110619_R137_T30TWT_20240530T153417,2024-05-30,0.1,52172,"['2019-07-16', '2022-06-15', '2022-07-30']"
1940,47.32302832,-2.513952205,S2B_MSIL2A_20171014T110959_R137_T30TWT_20201019T212310,2017-10-14,0.38,52552,"['2019-07-16', '2022-06-15', '2022-07-30']"
1940,47.32302832,-2.513952205,S2B_MSIL2A_20181118T111339_R137_T30TWT_20201008T194450,2018-11-18,1.55,52664,"['2019-07-16', '2022-06-15', '2022-07-30']"
1943,47.24108512,-2.261143636,S2C_MSIL2A_20250410T110641_R137_T30TWT_20250410T164104,2025-04-10,0.0,45716,"['2016-07-16', '2022-06-15']"
1943,47.24108512,-2.261143636,S2A_MSIL2A_20190601T110621_R137_T30TWT_20201005T204206,2019-06-01,0.01,45688,"['2016-07-16', '2022-06-15']"
1943,47.24108512,-2.261143636,S2A_MSIL2A_20211008T110951_R137_T30TWT_20211009T003319,2021-10-08,0.01,45444,"['2016-07-16', '2022-06-15']"
1943,47.24108512,-2.261143636,S2A_MSIL2A_20190323T110721_R137_T30TWT_20201007T094107,2019-03-23,0.02,45580,"['2016-07-16', '2022-06-15']"
1943,47.24108512,-2.261143636,S2A_MSIL2A_20180527T110651_R137_T30TWT_20201012T144637,2018-05-27,0.04,45688,"['2016-07-16', '2022-06-15']"
1944,47.21805113,-2.26146369,S2A_MSIL2A_20210720T110621_R137_T30TWT_20210720T213536,2021-07-20,0.0,66564,"['2016-07-16', '2022-06-15']"
1944,47.21805113,-2.26146369,S2A_MSIL2A_20180626T110621_R137_T30TWT_20201012T023417,2018-06-26,0.0,66564,"['2016-07-16', '2022-06-15']"
1944,47.21805113,-2.26146369,S2B_MSIL2A_20250115T111319_R137_T30TWT_20250115T133241,2025-01-15,0.0,66564,"['2016-07-16', '2022-06-15']"
1944,47.21805113,-2.26146369,S2C_MSIL2A_20250609T110641_R137_T30TWT_20250609T150626,2025-06-09,0.0,66564,"['2016-07-16', '2022-06-15']"
1944,47.21805113,-2.26146369,S2A_MSIL2A_20230121T111351_R137_T30TWT_20230123T012452,2023-01-21,0.0,66404,"['2016-07-16', '2022-06-15']"
1946,47.19479431,-2.227990311,S2B_MSIL2A_20260321T110649_R137_T30TWT_20260321T134453,2026-03-21,0.0,66564,"['2016-07-16', '2022-06-15']"
1946,47.19479431,-2.227990311,S2A_MSIL2A_20231107T111251_R137_T30TWT_20241031T101710,2023-11-07,0.0,66564,"['2016-07-16', '2022-06-15']"
1946,47.19479431,-2.227990311,S2C_MSIL2A_20250430T110641_R137_T30TWT_20250430T153612,2025-04-30,0.0,66564,"['2016-07-16', '2022-06-15']"
1946,47.19479431,-2.227990311,S2B_MSIL2A_20170716T110649_R137_T30TWT_20210210T100306,2017-07-16,0.0,66564,"['2016-07-16', '2022-06-15']"
1946,47.19479431,-2.227990311,S2A_MSIL2A_20180117T111401_R137_T30TWT_20201014T062434,2018-01-17,0.04,66540,"['2016-07-16', '2022-06-15']"
1947,47.19456161,-2.194197688,S2B_MSIL2A_20200401T110619_R137_T30TWT_20200924T145133,2020-04-01,0.0,66564,"['2016-07-16', '2022-06-15']"
1947,47.19456161,-2.194197688,S2A_MSIL2A_20221112T111321_R137_T30TWT_20221113T011257,2022-11-12,0.0,66564,"['2016-07-16', '2022-06-15']"
1947,47.19456161,-2.194197688,S2B_MSIL2A_20200122T111249_R137_T30TWT_20201002T060839,2020-01-22,0.0,66564,"['2016-07-16', '2022-06-15']"
1947,47.19456161,-2.194197688,S2B_MSIL2A_20200730T110619_R137_T30TWT_20200919T002703,2020-07-30,0.0,66564,"['2016-07-16', '2022-06-15']"
1947,47.19456161,-2.194197688,S2B_MSIL2A_20171014T110959_R137_T30TWT_20201019T212310,2017-10-14,0.0,66564,"['2016-07-16', '2022-06-15']"
1948,47.21759533,-2.193848772,S2A_MSIL2A_20210531T110621_R137_T30TWT_20210606T054231,2021-05-31,0.0,64964,"['2016-07-16', '2022-06-15']"
1948,47.21759533,-2.193848772,S2A_MSIL2A_20200622T105631_R094_T30TWT_20200823T160553,2020-06-22,0.0,32144,"['2016-07-16', '2022-06-15']"
1948,47.21759533,-2.193848772,S2B_MSIL2A_20250515T110619_R137_T30TWT_20250515T132652,2025-05-15,0.0,64752,"['2016-07-16', '2022-06-15']"
1948,47.21759533,-2.193848772,S2B_MSIL2A_20251012T110919_R137_T30TWT_20251012T133527,2025-10-12,0.0,65320,"['2016-07-16', '2022-06-15']"
1948,47.21759533,-2.193848772,S2A_MSIL2A_20211217T111451_R137_T30TWT_20211218T005420,2021-12-17,0.03,65472,"['2016-07-16', '2022-06-15']"
1949,47.24062896,-2.193499424,S2A_MSIL2A_20180805T110621_R137_T30TWT_20201010T212632,2018-08-05,0.0,61440,"['2016-07-16', '2022-06-15']"
1949,47.24062896,-2.193499424,S2B_MSIL2A_20240210T111119_R137_T30TWT_20240210T143733,2024-02-10,0.0,60720,"['2016-07-16', '2022-06-15']"
1949,47.24062896,-2.193499424,S2B_MSIL2A_20210615T110619_R137_T30TWT_20210623T133736,2021-06-15,0.0,60736,"['2016-07-16', '2022-06-15']"
1949,47.24062896,-2.193499424,S2B_MSIL2A_20200401T110619_R137_T30TWT_20200924T145133,2020-04-01,0.0,61336,"['2016-07-16', '2022-06-15']"
1949,47.24062896,-2.193499424,S2B_MSIL2A_20211122T111259_R137_T30TWT_20211123T023125,2021-11-22,0.22,60640,"['2016-07-16', '2022-06-15']"
1950,47.01930752,-2.233119787,S2A_MSIL2A_20230418T105621_R094_T30TWT_20230419T112911,2023-04-18,0.0,39276,"['2016-04-07', '2018-11-15', '2020-07-12']"
1950,47.01930752,-2.233119787,S2A_MSIL2A_20250409T105701_R094_T30TWT_20250409T173716,2025-04-09,0.0,39652,"['2016-04-07', '2018-11-15', '2020-07-12']"
1950,47.01930752,-2.233119787,S2A_MSIL2A_20160815T110652_R137_T30TWT_20210212T143741,2016-08-15,0.01,39824,"['2016-04-07', '2018-11-15', '2020-07-12']"
1950,47.01930752,-2.233119787,S2A_MSIL2A_20210720T110621_R137_T30TWT_20210720T213536,2021-07-20,0.29,39684,"['2016-04-07', '2018-11-15', '2020-07-12']"
1950,47.01930752,-2.233119787,S2B_MSIL2A_20200518T105619_R094_T30TWT_20200910T034011,2020-05-18,0.34,39860,"['2016-04-07', '2018-11-15', '2020-07-12']"
1952,46.99580221,-2.166115213,S2A_MSIL2A_20210826T105621_R094_T30TWT_20210827T000025,2021-08-26,0.0,63944,['2016-04-07']
1952,46.99580221,-2.166115213,S2A_MSIL2A_20190109T110431_R094_T30TWT_20201008T000341,2019-01-09,0.0,64648,['2016-04-07']
1952,46.99580221,-2.166115213,S2B_MSIL2A_20211122T111259_R137_T30TWT_20211123T023125,2021-11-22,0.0,60944,['2016-04-07']
1952,46.99580221,-2.166115213,S2C_MSIL2A_20260224T111051_R137_T30TWT_20260224T145311,2026-02-24,0.0,66564,['2016-04-07']
1952,46.99580221,-2.166115213,S2A_MSIL2A_20241019T110051_R094_T30TWT_20241019T152252,2024-10-19,0.0,56408,['2016-04-07']
1956,46.26978322,-1.204642907,S2A_MSIL2A_20240624T110641_R137_T30TXS_20240624T160752,2024-06-24,0.0,52268,"['2015-09-10', '2022-07-12']"
1956,46.26978322,-1.204642907,S2C_MSIL2A_20250318T105821_R094_T30TXS_20250318T151218,2025-03-18,0.0,52908,"['2015-09-10', '2022-07-12']"
1956,46.26978322,-1.204642907,S2A_MSIL2A_20190916T105701_R094_T30TXS_20201004T134324,2019-09-16,0.13,52560,"['2015-09-10', '2022-07-12']"
1956,46.26978322,-1.204642907,S2B_MSIL2A_20210814T110619_R137_T30TXS_20210814T230732,2021-08-14,0.27,52752,"['2015-09-10', '2022-07-12']"
1956,46.26978322,-1.204642907,S2A_MSIL2A_20201122T111401_R137_T30TXS_20201123T133326,2020-11-22,0.32,54116,"['2015-09-10', '2022-07-12']"
1959,46.05460035,-1.097532015,S2B_MSIL2A_20260226T105939_R094_T30TXS_20260226T145626,2026-02-26,0.0,54432,['2016-04-04']
1959,46.05460035,-1.097532015,S2A_MSIL2A_20240113T110411_R094_T30TXS_20240113T161144,2024-01-13,0.0,49064,['2016-04-04']
1959,46.05460035,-1.097532015,S2A_MSIL2A_20210717T105621_R094_T30TXS_20210717T231518,2021-07-17,0.18,53356,['2016-04-04']
1959,46.05460035,-1.097532015,S2B_MSIL2A_20190613T105629_R094_T30TXS_20201006T014914,2019-06-13,0.29,53836,['2016-04-04']
1959,46.05460035,-1.097532015,S2B_MSIL2A_20181115T110319_R094_T30TXS_20201008T185254,2018-11-15,0.39,53692,['2016-04-04']
1960,46.07762824,-1.096740501,S2A_MSIL2A_20180822T105621_R094_T30TXS_20201011T051900,2018-08-22,0.04,35100,['2016-04-04']
1960,46.07762824,-1.096740501,S2A_MSIL2A_20200910T105631_R094_T30TXS_20200912T023547,2020-09-10,0.07,34760,['2016-04-04']
1960,46.07762824,-1.096740501,S2A_MSIL2A_20181021T110101_R094_T30TXS_20201009T134651,2018-10-21,0.13,35128,['2016-04-04']
1960,46.07762824,-1.096740501,S2A_MSIL2A_20161031T110202_R094_T30TXS_20210213T160301,2016-10-31,0.2,32396,['2016-04-04']
1960,46.07762824,-1.096740501,S2B_MSIL2A_20190822T105629_R094_T30TXS_20201005T033703,2019-08-22,0.23,33652,['2016-04-04']
1964,45.99847344,-1.077298305,S2A_MSIL2A_20220811T105631_R094_T30TXS_20240712T212751,2022-08-11,0.0,37636,['2019-08-02']
1964,45.99847344,-1.077298305,S2B_MSIL2A_20241113T110219_R094_T30TXR_20241113T122953,2024-11-13,0.03,41100,['2019-08-02']
1964,45.99847344,-1.077298305,S2A_MSIL2A_20200403T105621_R094_T30TXR_20200924T194300,2020-04-03,0.04,41272,['2019-08-02']
1964,45.99847344,-1.077298305,S2B_MSIL2A_20200119T110259_R094_T30TXS_20201002T205259,2020-01-19,0.15,41896,['2019-08-02']
1964,45.99847344,-1.077298305,S2A_MSIL2A_20180901T105621_R094_T30TXR_20201011T070451,2018-09-01,0.23,37308,['2019-08-02']
1965,44.6736148,-1.158577776,S2B_MSIL2A_20250711T105619_R094_T30TXQ_20250711T132409,2025-07-11,0.0,62832,"['2017-04-09', '2017-04-29', '2020-05-28']"
1965,44.6736148,-1.158577776,S2A_MSIL2A_20220920T105741_R094_T30TXQ_20220920T224439,2022-09-20,0.0,62968,"['2017-04-09', '2017-04-29', '2020-05-28']"
1965,44.6736148,-1.158577776,S2B_MSIL2A_20221204T110329_R094_T30TXQ_20221204T204020,2022-12-04,0.1,63324,"['2017-04-09', '2017-04-29', '2020-05-28']"
1965,44.6736148,-1.158577776,S2A_MSIL2A_20210717T105621_R094_T30TXQ_20210717T234343,2021-07-17,0.18,63176,"['2017-04-09', '2017-04-29', '2020-05-28']"
1965,44.6736148,-1.158577776,S2A_MSIL2A_20200203T110241_R094_T30TXQ_20200930T151148,2020-02-03,0.22,63820,"['2017-04-09', '2017-04-29', '2020-05-28']"
1968,44.67308958,-1.126296759,S2B_MSIL2A_20220528T105619_R094_T30TXQ_20220529T065255,2022-05-28,0.0,66564,"['2017-04-09', '2017-04-29', '2020-05-28']"
1968,44.67308958,-1.126296759,S2A_MSIL2A_20230528T105621_R094_T30TXQ_20230528T185333,2023-05-28,0.0,66564,"['2017-04-09', '2017-04-29', '2020-05-28']"
1968,44.67308958,-1.126296759,S2A_MSIL2A_20221119T110341_R094_T30TXQ_20221120T001403,2022-11-19,0.0,66380,"['2017-04-09', '2017-04-29', '2020-05-28']"
1968,44.67308958,-1.126296759,S2A_MSIL2A_20160504T105622_R094_T30TXQ_20210211T082938,2016-05-04,0.0,66564,"['2017-04-09', '2017-04-29', '2020-05-28']"
1968,44.67308958,-1.126296759,S2A_MSIL2A_20200910T105631_R094_T30TXQ_20200912T023608,2020-09-10,0.0,66564,"['2017-04-09', '2017-04-29', '2020-05-28']"
1991,49.33390553,-0.241553366,S2B_MSIL2A_20230625T110619_R137_T30UYV_20230625T164634,2023-06-25,0.0,44376,['2021-07-17']
1991,49.33390553,-0.241553366,S2A_MSIL2A_20160815T110652_R137_T30UYV_20210212T143744,2016-08-15,0.0,44376,['2021-07-17']
1991,49.33390553,-0.241553366,S2A_MSIL2A_20230227T110011_R094_T30UXV_20230301T074040,2023-02-27,0.0,66556,['2021-07-17']
1991,49.33390553,-0.241553366,S2A_MSIL2A_20160507T110702_R137_T30UXV_20210211T092045,2016-05-07,0.0,66564,['2021-07-17']
1991,49.33390553,-0.241553366,S2A_MSIL2A_20180226T111011_R137_T30UYV_20201104T141719,2018-02-26,0.0,44376,['2021-07-17']
1992,49.33474078,-0.276749611,S2C_MSIL2A_20250825T105641_R094_T30UXV_20250825T154713,2025-08-25,0.0,66564,['2021-07-17']
1992,49.33474078,-0.276749611,S2B_MSIL2A_20230821T105629_R094_T30UXV_20230821T182038,2023-08-21,0.0,66564,['2021-07-17']
1992,49.33474078,-0.276749611,S2B_MSIL2A_20190921T105739_R094_T30UXV_20201004T154945,2019-09-21,0.0,66564,['2021-07-17']
1992,49.33474078,-0.276749611,S2A_MSIL2A_20190419T105621_R094_T30UXV_20201007T035512,2019-04-19,0.0,66564,['2021-07-17']
1992,49.33474078,-0.276749611,S2B_MSIL2A_20220207T110119_R094_T30UXV_20220220T004413,2022-02-07,0.0,66564,['2021-07-17']
1994,49.34202443,-0.42543366,S2A_MSIL2A_20170827T105651_R094_T30UXV_20210201T121158,2017-08-27,0.09,51820,['2022-05-28']
1994,49.34202443,-0.42543366,S2A_MSIL2A_20211008T110951_R137_T30UXV_20211009T002152,2021-10-08,0.18,52840,['2022-05-28']
1994,49.34202443,-0.42543366,S2B_MSIL2A_20180419T105619_R094_T30UXV_20201013T001013,2018-04-19,0.34,52424,['2022-05-28']
1994,49.34202443,-0.42543366,S2A_MSIL2A_20230227T110011_R094_T30UXV_20230301T074040,2023-02-27,0.49,50108,['2022-05-28']
1994,49.34202443,-0.42543366,S2A_MSIL2A_20160504T105622_R094_T30UXV_20210211T082927,2016-05-04,3.19,48644,['2022-05-28']
1995,49.35040199,-0.571513131,S2B_MSIL2A_20241004T105819_R094_T30UXV_20241004T134001,2024-10-04,0.0,52668,['2020-07-10']
1995,49.35040199,-0.571513131,S2A_MSIL2A_20220307T110921_R137_T30UXV_20220308T005819,2022-03-07,0.04,52056,['2020-07-10']
1995,49.35040199,-0.571513131,S2A_MSIL2A_20231217T111451_R137_T30UXV_20231220T065839,2023-12-17,0.05,52764,['2020-07-10']
1995,49.35040199,-0.571513131,S2A_MSIL2A_20201129T110421_R094_T30UXV_20201219T223606,2020-11-29,0.72,52568,['2020-07-10']
1995,49.35040199,-0.571513131,S2A_MSIL2A_20191108T111251_R137_T30UXV_20201003T142016,2019-11-08,4.02,50128,['2020-07-10']
1996,49.34965634,-0.536297468,S2A_MSIL2A_20260318T110731_R137_T30UXV_20260318T180922,2026-03-18,0.0,44768,"['2020-07-10', '2022-05-06']"
1996,49.34965634,-0.536297468,S2B_MSIL2A_20220710T110629_R137_T30UXV_20220712T103835,2022-07-10,0.0,43432,"['2020-07-10', '2022-05-06']"
1996,49.34965634,-0.536297468,S2A_MSIL2A_20250509T105651_R094_T30UXV_20250509T161212,2025-05-09,0.0,44276,"['2020-07-10', '2022-05-06']"
1996,49.34965634,-0.536297468,S2A_MSIL2A_20170827T105651_R094_T30UXV_20210201T121158,2017-08-27,0.07,44752,"['2020-07-10', '2022-05-06']"
1996,49.34965634,-0.536297468,S2A_MSIL2A_20200423T105621_R094_T30UXV_20200921T182249,2020-04-23,0.57,44656,"['2020-07-10', '2022-05-06']"
1998,49.35889992,-0.768517285,S2A_MSIL2A_20161130T110422_R094_T30UXV_20210415T063436,2016-11-30,0.0,55576,['2020-07-10']
1998,49.35889992,-0.768517285,S2B_MSIL2A_20260407T105619_R094_T30UXV_20260407T133134,2026-04-07,0.0,56092,['2020-07-10']
1998,49.35889992,-0.768517285,S2B_MSIL2A_20170706T110619_R137_T30UXV_20210210T053755,2017-07-06,0.03,55440,['2020-07-10']
1998,49.35889992,-0.768517285,S2B_MSIL2A_20190514T105629_R094_T30UXV_20201006T141136,2019-05-14,0.09,51936,['2020-07-10']
1998,49.35889992,-0.768517285,S2B_MSIL2A_20190325T105709_R094_T30UXV_20201007T103839,2019-03-25,0.12,55432,['2020-07-10']
1999,49.35957491,-0.803745338,S2B_MSIL2A_20240805T105619_R094_T30UXV_20240805T143427,2024-08-05,0.0,46740,['2020-07-10']
1999,49.35957491,-0.803745338,S2B_MSIL2A_20220227T105859_R094_T30UXV_20220302T193137,2022-02-27,0.0,45428,['2020-07-10']
1999,49.35957491,-0.803745338,S2A_MSIL2A_20241128T110411_R094_T30UXV_20241128T152055,2024-11-28,0.0,48316,['2020-07-10']
1999,49.35957491,-0.803745338,S2B_MSIL2A_20230615T110629_R137_T30UXV_20230615T164314,2023-06-15,0.0,45656,['2020-07-10']
1999,49.35957491,-0.803745338,S2A_MSIL2A_20210329T105631_R094_T30UXV_20210330T045555,2021-03-29,0.01,46252,['2020-07-10']
2000,49.3582142,-0.733290563,S2B_MSIL2A_20180926T110029_R094_T30UXV_20201009T051438,2018-09-26,0.0,62184,['2020-07-10']
2000,49.3582142,-0.733290563,S2B_MSIL2A_20210814T110619_R137_T30UXV_20210814T220055,2021-08-14,0.05,62608,['2020-07-10']
2000,49.3582142,-0.733290563,S2A_MSIL2A_20230905T105621_R094_T30UXV_20241105T134350,2023-09-05,0.06,62808,['2020-07-10']
2000,49.3582142,-0.733290563,S2B_MSIL2A_20190226T111049_R137_T30UXV_20201007T205847,2019-02-26,0.27,62168,['2020-07-10']
2000,49.3582142,-0.733290563,S2A_MSIL2A_20160315T110042_R094_T30UXV_20210528T154019,2016-03-15,0.35,60224,['2020-07-10']
2001,49.39439759,-1.048523809,S2B_MSIL2A_20220826T105619_R094_T30UXV_20240708T050349,2022-08-26,0.0,46100,['2020-06-22']
2001,49.39439759,-1.048523809,S2A_MSIL2A_20231217T111451_R137_T30UXV_20231220T065839,2023-12-17,0.04,46604,['2020-06-22']
2001,49.39439759,-1.048523809,S2B_MSIL2A_20240507T105619_R094_T30UXV_20240507T143114,2024-05-07,0.11,46012,['2020-06-22']
2001,49.39439759,-1.048523809,S2B_MSIL2A_20210814T110619_R137_T30UXV_20210814T220055,2021-08-14,0.12,46336,['2020-06-22']
2001,49.39439759,-1.048523809,S2A_MSIL2A_20190419T105621_R094_T30UXV_20201007T035512,2019-04-19,0.18,46340,['2020-06-22']
2002,49.39498755,-1.083783459,S2C_MSIL2A_20250619T110641_R137_T30UXV_20250619T151116,2025-06-19,0.0,57784,"['2020-06-22', '2021-07-17', '2022-07-05']"
2002,49.39498755,-1.083783459,S2B_MSIL2A_20191230T110349_R094_T30UXV_20201003T112548,2019-12-30,0.01,58488,"['2020-06-22', '2021-07-17', '2022-07-05']"
2002,49.39498755,-1.083783459,S2A_MSIL2A_20220324T105721_R094_T30UXV_20220325T014443,2022-03-24,0.02,58220,"['2020-06-22', '2021-07-17', '2022-07-05']"
2002,49.39498755,-1.083783459,S2A_MSIL2A_20170618T105621_R094_T30UXV_20210209T235439,2017-06-18,0.29,56076,"['2020-06-22', '2021-07-17', '2022-07-05']"
2002,49.39498755,-1.083783459,S2A_MSIL2A_20160524T105622_R094_T30UXV_20210211T135408,2016-05-24,0.36,58056,"['2020-06-22', '2021-07-17', '2022-07-05']"
2003,49.39023012,-1.107358189,S2B_MSIL2A_20231010T105859_R094_T30UXV_20231010T163648,2023-10-10,0.0,66008,"['2021-07-17', '2022-07-05']"
2003,49.39023012,-1.107358189,S2B_MSIL2A_20220207T110119_R094_T30UXV_20220220T004413,2022-02-07,0.0,66084,"['2021-07-17', '2022-07-05']"
2003,49.39023012,-1.107358189,S2A_MSIL2A_20190919T110721_R137_T30UXV_20201004T145231,2019-09-19,0.0,66100,"['2021-07-17', '2022-07-05']"
2003,49.39023012,-1.107358189,S2C_MSIL2A_20250619T110641_R137_T30UXV_20250619T151116,2025-06-19,0.0,65840,"['2021-07-17', '2022-07-05']"
2003,49.39023012,-1.107358189,S2A_MSIL2A_20230207T110221_R094_T30UXV_20240812T164314,2023-02-07,0.0,66140,"['2021-07-17', '2022-07-05']"
2004,49.3908021,-1.142616055,S2B_MSIL2A_20250402T105619_R094_T30UXV_20250402T150540,2025-04-02,0.0,64808,"['2021-07-17', '2022-07-05']"
2004,49.3908021,-1.142616055,S2B_MSIL2A_20200806T105619_R094_T30UXV_20200815T063159,2020-08-06,0.01,63608,"['2021-07-17', '2022-07-05']"
2004,49.3908021,-1.142616055,S2B_MSIL2A_20241024T110039_R094_T30UXV_20241024T133810,2024-10-24,0.58,58656,"['2021-07-17', '2022-07-05']"
2004,49.3908021,-1.142616055,S2B_MSIL2A_20200401T110619_R137_T30UXV_20200924T145151,2020-04-01,1.19,58136,"['2021-07-17', '2022-07-05']"
2004,49.3908021,-1.142616055,S2B_MSIL2A_20211122T111259_R137_T30UXV_20211123T021358,2021-11-22,9.18,59220,"['2021-07-17', '2022-07-05']"
2005,49.36778695,-1.143483525,S2B_MSIL2A_20230821T105629_R094_T30UXV_20230821T182038,2023-08-21,0.02,50284,"['2021-07-17', '2022-07-05']"
2005,49.36778695,-1.143483525,S2A_MSIL2A_20180603T110041_R094_T30UXV_20201103T060943,2018-06-03,0.09,50796,"['2021-07-17', '2022-07-05']"
2005,49.36778695,-1.143483525,S2A_MSIL2A_20210302T110951_R137_T30UXV_20210303T011812,2021-03-02,0.19,53400,"['2021-07-17', '2022-07-05']"
2005,49.36778695,-1.143483525,S2B_MSIL2A_20181118T111339_R137_T30UXV_20201008T194450,2018-11-18,2.59,42760,"['2021-07-17', '2022-07-05']"
2005,49.36778695,-1.143483525,S2B_MSIL2A_20180228T110029_R094_T30UXV_20201014T020337,2018-02-28,2.75,44136,"['2021-07-17', '2022-07-05']"
2010,49.36721543,-1.108242102,S2B_MSIL2A_20231010T105859_R094_T30UXV_20231010T163648,2023-10-10,0.0,32208,['2022-07-05']
2010,49.36721543,-1.108242102,S2B_MSIL2A_20180419T105619_R094_T30UXV_20201013T001013,2018-04-19,0.18,33008,['2022-07-05']
2010,49.36721543,-1.108242102,S2B_MSIL2A_20240131T111209_R137_T30UXV_20240131T151245,2024-01-31,0.21,32904,['2022-07-05']
2010,49.36721543,-1.108242102,S2B_MSIL2A_20240805T105619_R094_T30UXV_20240805T143427,2024-08-05,0.3,32604,['2022-07-05']
2010,49.36721543,-1.108242102,S2B_MSIL2A_20190524T105629_R094_T30UXV_20201006T175620,2019-05-24,0.3,32404,['2022-07-05']
2017,47.7961005,-3.733563673,S2B_MSIL2A_20190914T110649_R137_T30UVU_20201004T131131,2019-09-14,0.01,46824,['2020-06-23']
2017,47.7961005,-3.733563673,S2A_MSIL2A_20211008T110951_R137_T30UVU_20211009T005456,2021-10-08,0.06,46476,['2020-06-23']
2017,47.7961005,-3.733563673,S2A_MSIL2A_20240119T112401_R037_T30UVU_20240119T161200,2024-01-19,0.09,47844,['2020-06-23']
2017,47.7961005,-3.733563673,S2A_MSIL2A_20210404T112111_R037_T30TVT_20210523T082735,2021-04-04,0.18,45824,['2020-06-23']
2017,47.7961005,-3.733563673,S2A_MSIL2A_20200913T110701_R137_T30UVU_20200918T161646,2020-09-13,0.96,46896,['2020-06-23']
2021,47.55776673,-3.127817653,S2B_MSIL2A_20250306T110829_R137_T30TVT_20250306T133711,2025-03-06,0.13,47940,['2020-08-07']
2021,47.55776673,-3.127817653,S2A_MSIL2A_20231008T110941_R137_T30TVT_20231008T191432,2023-10-08,0.2,47872,['2020-08-07']
2021,47.55776673,-3.127817653,S2B_MSIL2A_20250515T110619_R137_T30TVT_20250515T132652,2025-05-15,0.66,46460,['2020-08-07']
2021,47.55776673,-3.127817653,S2B_MSIL2A_20200404T112109_R037_T30TVT_20200925T004206,2020-04-04,0.68,47736,['2020-08-07']
2021,47.55776673,-3.127817653,S2B_MSIL2A_20170914T110639_R137_T30TVT_20210202T024029,2017-09-14,2.48,46688,['2020-08-07']
2022,47.53473215,-3.127761667,S2B_MSIL2A_20230317T110719_R137_T30TVT_20230317T160407,2023-03-17,0.0,47696,"['2019-03-23', '2020-08-07']"
2022,47.53473215,-3.127761667,S2B_MSIL2A_20240503T112119_R037_T30TVT_20240503T144837,2024-05-03,0.0,47548,"['2019-03-23', '2020-08-07']"
2022,47.53473215,-3.127761667,S2B_MSIL2A_20240719T110619_R137_T30TVT_20240719T163420,2024-07-19,0.02,47112,"['2019-03-23', '2020-08-07']"
2022,47.53473215,-3.127761667,S2B_MSIL2A_20190709T112119_R037_T30TVT_20201005T114240,2019-07-09,0.28,47236,"['2019-03-23', '2020-08-07']"
2022,47.53473215,-3.127761667,S2B_MSIL2A_20210814T110619_R137_T30TVT_20210814T230718,2021-08-14,0.32,46844,"['2019-03-23', '2020-08-07']"
2024,47.48048828,-2.504088664,S2A_MSIL2A_20160815T110652_R137_T30TWT_20210212T143741,2016-08-15,0.0,50580,"['2020-07-30', '2022-04-16']"
2024,47.48048828,-2.504088664,S2B_MSIL2A_20230317T110719_R137_T30TWT_20230317T153721,2023-03-17,0.01,50756,"['2020-07-30', '2022-04-16']"
2024,47.48048828,-2.504088664,S2A_MSIL2A_20190601T110621_R137_T30TWT_20201005T204206,2019-06-01,0.04,50404,"['2020-07-30', '2022-04-16']"
2024,47.48048828,-2.504088664,S2A_MSIL2A_20180417T110651_R137_T30TWT_20201012T231809,2018-04-17,0.1,49900,"['2020-07-30', '2022-04-16']"
2024,47.48048828,-2.504088664,S2A_MSIL2A_20171208T111441_R137_T30TWT_20201014T124342,2017-12-08,1.88,49844,"['2020-07-30', '2022-04-16']"
2039,47.21782822,-2.227656024,S2A_MSIL2A_20220307T110921_R137_T30TWT_20220308T015849,2022-03-07,0.0,66564,['2022-06-15']
2039,47.21782822,-2.227656024,S2B_MSIL2A_20171113T111309_R137_T30TWT_20201014T194032,2017-11-13,0.0,66564,['2022-06-15']
2039,47.21782822,-2.227656024,S2B_MSIL2A_20210814T110619_R137_T30TWT_20210814T233629,2021-08-14,0.0,66564,['2022-06-15']
2039,47.21782822,-2.227656024,S2A_MSIL2A_20251228T111521_R137_T30TWT_20251228T131811,2025-12-28,0.0,66564,['2022-06-15']
2039,47.21782822,-2.227656024,S2B_MSIL2A_20211122T111259_R137_T30TWT_20211123T023125,2021-11-22,0.01,66560,['2022-06-15']
2040,47.24086203,-2.227321323,S2B_MSIL2A_20240808T110619_R137_T30TWT_20240808T125104,2024-08-08,0.0,66564,['2022-06-15']
2040,47.24086203,-2.227321323,S2C_MSIL2A_20250609T110641_R137_T30TWT_20250609T150626,2025-06-09,0.0,66564,['2022-06-15']
2040,47.24086203,-2.227321323,S2A_MSIL2A_20210322T110731_R137_T30TWT_20210323T054943,2021-03-22,0.0,66564,['2022-06-15']
2040,47.24086203,-2.227321323,S2A_MSIL2A_20160716T110622_R137_T30TWT_20210212T050713,2016-07-16,0.0,66564,['2022-06-15']
2040,47.24086203,-2.227321323,S2B_MSIL2A_20230903T110629_R137_T30TWT_20241023T081939,2023-09-03,0.0,66564,['2022-06-15']
2051,47.16246635,-2.212056224,S2A_MSIL2A_20251228T111521_R137_T30TWT_20251228T131811,2025-12-28,0.0,51904,['2022-07-30']
2051,47.16246635,-2.212056224,S2B_MSIL2A_20230215T111049_R137_T30TWT_20230215T215821,2023-02-15,0.0,51532,['2022-07-30']
2051,47.16246635,-2.212056224,S2C_MSIL2A_20250609T110641_R137_T30TWT_20250609T150626,2025-06-09,0.0,49068,['2022-07-30']
2051,47.16246635,-2.212056224,S2A_MSIL2A_20181004T110911_R137_T30TWT_20201009T075749,2018-10-04,0.08,51496,['2022-07-30']
2051,47.16246635,-2.212056224,S2B_MSIL2A_20220121T111249_R137_T30TWT_20220122T085701,2022-01-21,0.2,48364,['2022-07-30']
2054,46.68782037,-2.32740526,S2B_MSIL2A_20240609T110619_R137_T30TWS_20240609T154646,2024-06-09,0.0,39876,['2022-05-06']
2054,46.68782037,-2.32740526,S2B_MSIL2A_20230304T105849_R094_T30TWS_20230304T162758,2023-03-04,0.0,40620,['2022-05-06']
2054,46.68782037,-2.32740526,S2B_MSIL2A_20190713T105629_R094_T30TWS_20201005T133618,2019-07-13,0.02,40708,['2022-05-06']
2054,46.68782037,-2.32740526,S2A_MSIL2A_20231224T110451_R094_T30TWS_20231224T161724,2023-12-24,0.07,41052,['2022-05-06']
2054,46.68782037,-2.32740526,S2B_MSIL2A_20171113T111309_R137_T30TWS_20201014T194028,2017-11-13,0.28,40792,['2022-05-06']
2055,46.6876187,-2.293929367,S2A_MSIL2A_20251016T110051_R094_T30TWS_20251016T150118,2025-10-16,0.12,52204,['2022-05-06']
2055,46.6876187,-2.293929367,S2B_MSIL2A_20210423T105619_R094_T30TWS_20210525T005336,2021-04-23,0.17,51200,['2022-05-06']
2055,46.6876187,-2.293929367,S2A_MSIL2A_20201122T111401_R137_T30TWS_20201123T133238,2020-11-22,0.32,52056,['2022-05-06']
2055,46.6876187,-2.293929367,S2A_MSIL2A_20200206T111231_R137_T30TWS_20201001T013629,2020-02-06,0.34,52116,['2022-05-06']
2055,46.6876187,-2.293929367,S2A_MSIL2A_20160315T110042_R094_T30TWS_20210528T153951,2016-03-15,0.39,51664,['2022-05-06']
2063,45.67634721,-1.175251666,S2B_MSIL2A_20230930T105749_R094_T30TXR_20230930T161908,2023-09-30,0.04,35952,['2020-07-27']
2063,45.67634721,-1.175251666,S2B_MSIL2A_20250711T105619_R094_T30TXR_20250711T132409,2025-07-11,0.04,34816,['2020-07-27']
2063,45.67634721,-1.175251666,S2A_MSIL2A_20181021T110101_R094_T30TXR_20201009T134648,2018-10-21,0.9,38540,['2020-07-27']
2063,45.67634721,-1.175251666,S2A_MSIL2A_20220212T110151_R094_T30TXR_20220222T075716,2022-02-12,0.99,40428,['2020-07-27']
2063,45.67634721,-1.175251666,S2A_MSIL2A_20240502T105621_R094_T30TXR_20240502T161511,2024-05-02,3.24,40304,['2020-07-27']
2064,44.54227747,-1.263743534,S2A_MSIL2A_20230528T105621_R094_T30TXQ_20230528T185333,2023-05-28,0.5,53376,['2021-08-31']
2064,44.54227747,-1.263743534,S2B_MSIL2A_20190613T105629_R094_T30TXQ_20201006T014914,2019-06-13,0.52,53696,['2021-08-31']
2064,44.54227747,-1.263743534,S2A_MSIL2A_20190330T105631_R094_T30TXQ_20201007T121840,2019-03-30,1.39,55356,['2021-08-31']
2064,44.54227747,-1.263743534,S2A_MSIL2A_20251225T110511_R094_T30TXQ_20251225T145009,2025-12-25,1.59,54084,['2021-08-31']
2064,44.54227747,-1.263743534,S2A_MSIL2A_20191205T110431_R094_T30TXQ_20201003T005704,2019-12-05,1.7,55140,['2021-08-31']
2065,44.56531361,-1.263058248,S2A_MSIL2A_20260206T110621_R094_T30TXQ_20260206T160218,2026-02-06,0.0,62736,['2021-08-31']
2065,44.56531361,-1.263058248,S2A_MSIL2A_20250906T105651_R094_T30TXQ_20250906T174617,2025-09-06,0.02,66552,['2021-08-31']
2065,44.56531361,-1.263058248,S2B_MSIL2A_20231010T105859_R094_T30TXQ_20231010T163854,2023-10-10,0.05,64800,['2021-08-31']
2065,44.56531361,-1.263058248,S2B_MSIL2A_20230821T105629_R094_T30TXQ_20230821T192036,2023-08-21,1.75,63336,['2021-08-31']
2065,44.56531361,-1.263058248,S2B_MSIL2A_20200528T105619_R094_T30TXQ_20200919T002725,2020-05-28,3.23,52708,['2021-08-31']
2066,44.51924123,-1.264428,S2B_MSIL2A_20220528T105619_R094_T30TXQ_20220529T065255,2022-05-28,0.64,48316,['2021-08-31']
2066,44.51924123,-1.264428,S2A_MSIL2A_20180901T105621_R094_T30TXQ_20201011T070453,2018-09-01,1.98,48832,['2021-08-31']
2066,44.51924123,-1.264428,S2B_MSIL2A_20200528T105619_R094_T30TXQ_20200919T002725,2020-05-28,2.34,49588,['2021-08-31']
2066,44.51924123,-1.264428,S2A_MSIL2A_20190330T105631_R094_T30TXQ_20201007T121840,2019-03-30,3.08,50236,['2021-08-31']
2066,44.51924123,-1.264428,S2B_MSIL2A_20180509T105619_R094_T30TXQ_20201012T075247,2018-05-09,4.73,47640,['2021-08-31']
2076,43.66625548,-1.4614528,S2B_MSIL2A_20190613T105629_R094_T30TXP_20201006T014910,2019-06-13,0.06,66100,['2020-10-30']
2076,43.66625548,-1.4614528,S2B_MSIL2A_20200727T105619_R094_T30TXP_20200817T191251,2020-07-27,0.06,66064,['2020-10-30']
2076,43.66625548,-1.4614528,S2B_MSIL2A_20210930T105749_R094_T30TXP_20211001T215638,2021-09-30,0.09,66060,['2020-10-30']
2076,43.66625548,-1.4614528,S2A_MSIL2A_20170419T105621_R094_T30TXP_20210209T085649,2017-04-19,0.12,66020,['2020-10-30']
2076,43.66625548,-1.4614528,S2A_MSIL2A_20160822T105652_R094_T30TXP_20210212T165506,2016-08-22,0.13,66000,['2020-10-30']
2101,47.49629361,-2.479036029,S2B_MSIL2A_20200411T110619_R137_T30TWT_20200923T031555,2020-04-11,0.01,40044,['2022-01-01']
2101,47.49629361,-2.479036029,S2A_MSIL2A_20180507T110621_R137_T30TWT_20201026T085614,2018-05-07,0.04,40540,['2022-01-01']
2101,47.49629361,-2.479036029,S2B_MSIL2A_20171014T110959_R137_T30TWT_20201019T212310,2017-10-14,0.05,43100,['2022-01-01']
2101,47.49629361,-2.479036029,S2B_MSIL2A_20181118T111339_R137_T30TWT_20201008T194450,2018-11-18,0.34,43368,['2022-01-01']
2101,47.49629361,-2.479036029,S2B_MSIL2A_20231122T111259_R137_T30TWT_20231122T154405,2023-11-22,1.59,43168,['2022-01-01']
2121,46.43453793,-1.682940143,S2B_MSIL2A_20220528T105619_R094_T30TWS_20240618T000210,2022-05-28,0.0,52244,['2019-05-24']
2121,46.43453793,-1.682940143,S2C_MSIL2A_20250318T105821_R094_T30TXS_20250318T151218,2025-03-18,0.0,48512,['2019-05-24']
2121,46.43453793,-1.682940143,S2B_MSIL2A_20251228T110359_R094_T30TWS_20251228T133544,2025-12-28,0.0,52868,['2019-05-24']
2121,46.43453793,-1.682940143,S2A_MSIL2A_20200206T111231_R137_T30TWS_20201001T013629,2020-02-06,0.09,52644,['2019-05-24']
2121,46.43453793,-1.682940143,S2A_MSIL2A_20161130T110422_R094_T30TWS_20210415T063353,2016-11-30,0.16,52064,['2019-05-24']
2122,46.41150485,-1.683494785,S2A_MSIL2A_20161213T111452_R137_T30TWS_20210213T203636,2016-12-13,0.0,66564,['2019-05-24']
2122,46.41150485,-1.683494785,S2A_MSIL2A_20211217T111451_R137_T30TWS_20211218T002548,2021-12-17,0.0,66564,['2019-05-24']
2122,46.41150485,-1.683494785,S2A_MSIL2A_20201229T110451_R094_T30TXS_20201229T205551,2020-12-29,0.0,63984,['2019-05-24']
2122,46.41150485,-1.683494785,S2A_MSIL2A_20180613T105621_R094_T30TWS_20201026T234130,2018-06-13,0.0,66564,['2019-05-24']
2122,46.41150485,-1.683494785,S2B_MSIL2A_20240510T110619_R137_T30TXS_20240510T140911,2024-05-10,0.0,63984,['2019-05-24']
2162,47.76303175,-3.643933569,S2C_MSIL2A_20250410T110641_R137_T30TVT_20250410T164104,2025-04-10,0.0,64012,['2021-08-14']
2162,47.76303175,-3.643933569,S2A_MSIL2A_20181004T110911_R137_T30TVT_20201030T221749,2018-10-04,0.0,64340,['2021-08-14']
2162,47.76303175,-3.643933569,S2A_MSIL2A_20200529T112121_R037_T30TVT_20200911T092052,2020-05-29,0.0,63744,['2021-08-14']
2162,47.76303175,-3.643933569,S2A_MSIL2A_20230121T111351_R137_T30TVT_20230123T000005,2023-01-21,0.0,63908,['2021-08-14']
2162,47.76303175,-3.643933569,S2A_MSIL2A_20260410T112131_R037_T30TVT_20260410T195511,2026-04-10,0.01,63936,['2021-08-14']
2163,47.76321832,-3.609773285,S2B_MSIL2A_20250306T110829_R137_T30TVT_20250306T133711,2025-03-06,0.01,51212,['2021-08-14']
2163,47.76321832,-3.609773285,S2A_MSIL2A_20260318T110731_R137_T30TVT_20260318T180922,2026-03-18,0.02,51464,['2021-08-14']
2163,47.76321832,-3.609773285,S2A_MSIL2A_20210613T112111_R037_T30TVT_20210624T085625,2021-06-13,0.03,50868,['2021-08-14']
2163,47.76321832,-3.609773285,S2A_MSIL2A_20251101T112241_R037_T30TVT_20251101T151319,2025-11-01,0.06,51200,['2021-08-14']
2163,47.76321832,-3.609773285,S2A_MSIL2A_20200206T111231_R137_T30TVT_20201001T013618,2020-02-06,0.09,51932,['2021-08-14']
2200,42.87457838,3.025888864,S2C_MSIL2A_20250401T104041_R008_T31TEH_20250401T162119,2025-04-01,0.0,59140,['2021-06-21']
2200,42.87457838,3.025888864,S2C_MSIL2A_20250630T104041_R008_T31TEH_20250630T161206,2025-06-30,0.0,59124,['2021-06-21']
2200,42.87457838,3.025888864,S2A_MSIL2A_20221004T103911_R008_T31TEH_20240723T042422,2022-10-04,0.0,59260,['2021-06-21']
2200,42.87457838,3.025888864,S2C_MSIL2A_20251217T104451_R008_T31TEH_20251217T144413,2025-12-17,0.0,59828,['2021-06-21']
2200,42.87457838,3.025888864,S2B_MSIL2A_20250903T103619_R008_T31TDH_20250903T144103,2025-09-03,0.0,59308,['2021-06-21']
2201,42.85152479,3.025879233,S2A_MSIL2A_20260408T104041_R008_T31TEH_20260408T184613,2026-04-08,0.0,41500,['2021-06-21']
2201,42.85152479,3.025879233,S2B_MSIL2A_20241127T104309_R008_T31TDH_20241127T131852,2024-11-27,0.0,42564,['2021-06-21']
2201,42.85152479,3.025879233,S2A_MSIL2A_20221004T103911_R008_T31TEH_20240723T042422,2022-10-04,0.02,41532,['2021-06-21']
2201,42.85152479,3.025879233,S2A_MSIL2A_20211218T104441_R008_T31TDH_20211218T221327,2021-12-18,0.71,42652,['2021-06-21']
2201,42.85152479,3.025879233,S2A_MSIL2A_20190222T104041_R008_T31TEH_20201007T192629,2019-02-22,1.18,41196,['2021-06-21']
2207,43.498852,4.11534,S2B_MSIL2A_20240511T103629_R008_T31TEJ_20240511T135949,2024-05-11,0.0,36468,['2022-03-25']
2207,43.498852,4.11534,S2A_MSIL2A_20260217T103501_R108_T31TEJ_20260217T153909,2026-02-17,0.0,43164,['2022-03-25']
2207,43.498852,4.11534,S2B_MSIL2A_20220708T102559_R108_T31TEJ_20220708T222635,2022-07-08,0.09,36024,['2022-03-25']
2207,43.498852,4.11534,S2A_MSIL2A_20170523T104031_R008_T31TEJ_20210209T173511,2017-05-23,0.18,37472,['2022-03-25']
2207,43.498852,4.11534,S2B_MSIL2A_20190604T103029_R108_T31TEJ_20201005T220751,2019-06-04,0.42,36820,['2022-03-25']
2209,43.43503032,3.632489176,S2A_MSIL2A_20220417T103631_R008_T31TEJ_20240609T123044,2022-04-17,0.0,48000,['2022-08-20']
2209,43.43503032,3.632489176,S2A_MSIL2A_20230502T103621_R008_T31TEJ_20240902T015129,2023-05-02,0.01,47948,['2022-08-20']
2209,43.43503032,3.632489176,S2B_MSIL2A_20240112T104319_R008_T31TEJ_20240113T012509,2024-01-12,0.01,47992,['2022-08-20']
2209,43.43503032,3.632489176,S2B_MSIL2A_20190627T104029_R008_T31TEJ_20201006T070958,2019-06-27,0.04,47324,['2022-08-20']
2209,43.43503032,3.632489176,S2A_MSIL2A_20170612T104021_R008_T31TEJ_20210209T222600,2017-06-12,0.09,47492,['2022-08-20']
2210,43.41180123,3.663867075,S2B_MSIL2A_20250903T103619_R008_T31TEJ_20250903T144103,2025-09-03,0.0,34868,['2022-08-20']
2210,43.41180123,3.663867075,S2B_MSIL2A_20220611T103629_R008_T31TEJ_20240629T153630,2022-06-11,0.0,34344,['2022-08-20']
2210,43.41180123,3.663867075,S2A_MSIL2A_20251229T104501_R008_T31TEJ_20251229T144308,2025-12-29,0.04,36304,['2022-08-20']
2210,43.41180123,3.663867075,S2A_MSIL2A_20190324T104021_R008_T31TEJ_20201007T100331,2019-03-24,0.31,34968,['2022-08-20']
2210,43.41180123,3.663867075,S2A_MSIL2A_20200805T104031_R008_T31TEJ_20200815T023216,2020-08-05,0.38,34564,['2022-08-20']
2212,43.468133,3.820833,S2B_MSIL2A_20250903T103619_R008_T31TEJ_20250903T144103,2025-09-03,0.0,50976,['2017-07-17']
2212,43.468133,3.820833,S2A_MSIL2A_20230909T103631_R008_T31TEJ_20230909T181722,2023-09-09,0.02,51188,['2017-07-17']
2212,43.468133,3.820833,S2B_MSIL2A_20240421T103629_R008_T31TEJ_20240421T135604,2024-04-21,0.02,50756,['2017-07-17']
2212,43.468133,3.820833,S2B_MSIL2A_20250205T104129_R008_T31TEJ_20250205T131124,2025-02-05,0.21,51072,['2017-07-17']
2212,43.468133,3.820833,S2A_MSIL2A_20220117T104401_R008_T31TEJ_20220118T023535,2022-01-17,0.97,51108,['2017-07-17']
2213,43.43613922,3.773872825,S2A_MSIL2A_20250811T103701_R008_T31TEJ_20250811T173718,2025-08-11,0.01,50120,"['2016-12-24', '2017-06-22', '2018-12-29']"
2213,43.43613922,3.773872825,S2A_MSIL2A_20220726T103631_R008_T31TEJ_20220728T033557,2022-07-26,0.02,49384,"['2016-12-24', '2017-06-22', '2018-12-29']"
2213,43.43613922,3.773872825,S2B_MSIL2A_20250406T103629_R008_T31TEJ_20250406T133008,2025-04-06,0.08,50680,"['2016-12-24', '2017-06-22', '2018-12-29']"
2213,43.43613922,3.773872825,S2A_MSIL2A_20160826T104022_R008_T31TEJ_20210212T181912,2016-08-26,0.18,50120,"['2016-12-24', '2017-06-22', '2018-12-29']"
2213,43.43613922,3.773872825,S2A_MSIL2A_20210323T104021_R008_T31TEJ_20210323T212012,2021-03-23,0.35,50716,"['2016-12-24', '2017-06-22', '2018-12-29']"
2216,43.45751813,4.462853045,S2A_MSIL2A_20251229T104501_R008_T31TFJ_20251229T144308,2025-12-29,0.07,57488,['2022-06-18']
2216,43.45751813,4.462853045,S2A_MSIL2A_20231115T103311_R108_T31TFJ_20241102T212355,2023-11-15,0.21,55316,['2022-06-18']
2216,43.45751813,4.462853045,S2A_MSIL2A_20190927T103021_R108_T31TFJ_20201004T173838,2019-09-27,0.27,49800,['2022-06-18']
2216,43.45751813,4.462853045,S2B_MSIL2A_20201105T103229_R108_T31TFJ_20201107T015325,2020-11-05,0.38,52508,['2022-06-18']
2216,43.45751813,4.462853045,S2B_MSIL2A_20230213T103039_R108_T31TFJ_20230213T234622,2023-02-13,0.4,55188,['2022-06-18']
2242,43.40813015,5.15436029,S2B_MSIL2A_20220731T103629_R008_T31TFJ_20220801T090650,2022-07-31,0.1,53212,"['2018-09-07', '2020-10-24']"
2242,43.40813015,5.15436029,S2B_MSIL2A_20231001T102739_R108_T31TFJ_20231001T155012,2023-10-01,0.23,54032,"['2018-09-07', '2020-10-24']"
2242,43.40813015,5.15436029,S2C_MSIL2A_20250610T103641_R008_T31TFJ_20250610T132001,2025-06-10,0.26,54116,"['2018-09-07', '2020-10-24']"
2242,43.40813015,5.15436029,S2B_MSIL2A_20190227T104019_R008_T31TFJ_20201007T212020,2019-02-27,1.06,54584,"['2018-09-07', '2020-10-24']"
2242,43.40813015,5.15436029,S2A_MSIL2A_20181025T104121_R008_T31TFJ_20201009T150840,2018-10-25,1.1,53920,"['2018-09-07', '2020-10-24']"
2243,43.43056483,5.186784536,S2B_MSIL2A_20220201T104149_R008_T31TFJ_20220217T035629,2022-02-01,0.0,47284,"['2018-09-07', '2020-10-24', '2022-06-18']"
2243,43.43056483,5.186784536,S2A_MSIL2A_20220911T102621_R108_T31TFJ_20220912T203710,2022-09-11,0.01,46604,"['2018-09-07', '2020-10-24', '2022-06-18']"
2243,43.43056483,5.186784536,S2B_MSIL2A_20240806T102559_R108_T31TFJ_20240806T134756,2024-08-06,0.07,46332,"['2018-09-07', '2020-10-24', '2022-06-18']"
2243,43.43056483,5.186784536,S2A_MSIL2A_20251010T104001_R008_T31TFJ_20251010T153019,2025-10-10,0.1,46856,"['2018-09-07', '2020-10-24', '2022-06-18']"
2243,43.43056483,5.186784536,S2B_MSIL2A_20250205T104129_R008_T31TFJ_20250205T131124,2025-02-05,0.13,48156,"['2018-09-07', '2020-10-24', '2022-06-18']"
2245,43.40872127,5.122764302,S2A_MSIL2A_20231009T103931_R008_T31TFJ_20231009T190957,2023-10-09,0.0,58040,"['2018-09-07', '2020-10-24', '2022-11-20']"
2245,43.40872127,5.122764302,S2A_MSIL2A_20220703T102611_R108_T31TFJ_20240701T074000,2022-07-03,0.0,57456,"['2018-09-07', '2020-10-24', '2022-11-20']"
2245,43.40872127,5.122764302,S2B_MSIL2A_20250215T104029_R008_T31TFJ_20250215T125800,2025-02-15,0.0,58200,"['2018-09-07', '2020-10-24', '2022-11-20']"
2245,43.40872127,5.122764302,S2A_MSIL2A_20240304T102921_R108_T31TFJ_20240313T203725,2024-03-04,0.05,58064,"['2018-09-07', '2020-10-24', '2022-11-20']"
2245,43.40872127,5.122764302,S2A_MSIL2A_20190324T104021_R008_T31TFJ_20201007T100329,2019-03-24,0.4,57720,"['2018-09-07', '2020-10-24', '2022-11-20']"
2263,43.10202119,5.955775175,S2A_MSIL2A_20250629T102701_R108_T31TGH_20250629T143707,2025-06-29,0.0,46468,['2022-05-09']
2263,43.10202119,5.955775175,S2B_MSIL2A_20250920T102619_R108_T31TGH_20250920T142941,2025-09-20,0.0,46532,['2022-05-09']
2263,43.10202119,5.955775175,S2A_MSIL2A_20240821T103021_R108_T31TGH_20240821T182252,2024-08-21,0.03,46460,['2022-05-09']
2263,43.10202119,5.955775175,S2B_MSIL2A_20180828T103019_R108_T31TGH_20201103T091251,2018-08-28,0.27,46412,['2022-05-09']
2263,43.10202119,5.955775175,S2A_MSIL2A_20190321T103021_R108_T31TGH_20201007T085540,2019-03-21,0.4,46616,['2022-05-09']
2264,43.10282913,5.924356533,S2B_MSIL2A_20250113T103309_R108_T31TGH_20250113T124201,2025-01-13,0.06,56076,['2022-05-09']
2264,43.10282913,5.924356533,S2A_MSIL2A_20221120T103331_R108_T31TGH_20221120T234931,2022-11-20,0.07,55868,['2022-05-09']
2264,43.10282913,5.924356533,S2A_MSIL2A_20240722T103031_R108_T31TGH_20240722T212706,2024-07-22,0.08,55664,['2022-05-09']
2264,43.10282913,5.924356533,S2B_MSIL2A_20220228T102849_R108_T31TGH_20220303T083022,2022-02-28,0.13,55924,['2022-05-09']
2264,43.10282913,5.924356533,S2A_MSIL2A_20231105T103221_R108_T31TGH_20231105T173231,2023-11-05,0.46,55828,['2022-05-09']
2295,43.45669112,4.526118283,S2C_MSIL2A_20260126T104321_R008_T31TFJ_20260126T141116,2026-01-26,0.0,52384,['2019-12-31']
2295,43.45669112,4.526118283,S2B_MSIL2A_20230104T103329_R108_T31TFJ_20230104T202552,2023-01-04,0.05,53780,['2019-12-31']
2295,43.45669112,4.526118283,S2A_MSIL2A_20250530T103041_R108_T31TFJ_20250530T142711,2025-05-30,0.23,38820,['2019-12-31']
2295,43.45669112,4.526118283,S2B_MSIL2A_20211120T103239_R108_T31TFJ_20211120T233414,2021-11-20,0.38,43664,['2019-12-31']
2295,43.45669112,4.526118283,S2A_MSIL2A_20170420T103021_R108_T31TFJ_20210209T091353,2017-04-20,0.66,38148,['2019-12-31']
