ID,center_lat,center_lon,sat_item,date,local_cloud_cover,water_pixels,original_dates_list
0,38.12085032,-75.27869865,S2A_MSIL2A_20230919T153921_R011_T18SVH_20241018T113101,2023-09-19,0.0,65556,['2017-05-16']
0,38.12085032,-75.27869865,S2B_MSIL2A_20240908T153819_R011_T18SVH_20240908T210212,2024-09-08,0.0,65624,['2017-05-16']
0,38.12085032,-75.27869865,S2B_MSIL2A_20210606T153809_R011_T18SVH_20210609T202252,2021-06-06,0.0,65544,['2017-05-16']
0,38.12085032,-75.27869865,S2A_MSIL2A_20230522T153811_R011_T18SVH_20240811T131021,2023-05-22,0.0,65428,['2017-05-16']
0,38.12085032,-75.27869865,S2A_MSIL2A_20231221T155651_R054_T18SVH_20231222T051713,2023-12-21,0.01,65664,['2017-05-16']
1,38.0746328,-75.30771075,S2B_MSIL2A_20210825T153809_R011_T18SVH_20210826T030858,2021-08-25,0.0,65892,['2017-05-16']
1,38.0746328,-75.30771075,S2B_MSIL2A_20220803T154819_R054_T18SVH_20220804T142624,2022-08-03,0.0,65960,['2017-05-16']
1,38.0746328,-75.30771075,S2B_MSIL2A_20180702T153809_R011_T18SVH_20201011T111618,2018-07-02,0.0,65644,['2017-05-16']
1,38.0746328,-75.30771075,S2A_MSIL2A_20220517T153821_R011_T18SVH_20220519T201441,2022-05-17,0.0,66448,['2017-05-16']
1,38.0746328,-75.30771075,S2A_MSIL2A_20161018T160122_R054_T18SVH_20210213T115519,2016-10-18,0.0,66168,['2017-05-16']
3,10.840556,-74.523056,S2B_MSIL2A_20200114T152639_R025_T18PWS_20201002T184412,2020-01-14,0.0,51844,['2016-08-07']
3,10.840556,-74.523056,S2A_MSIL2A_20170213T152631_R025_T18PWS_20210208T115819,2017-02-13,0.0,57004,['2016-08-07']
3,10.840556,-74.523056,S2A_MSIL2A_20190603T152641_R025_T18PWT_20201005T213312,2019-06-03,0.0,52260,['2016-08-07']
3,10.840556,-74.523056,S2A_MSIL2A_20230920T152641_R025_T18PWS_20240914T022531,2023-09-20,0.04,44584,['2016-08-07']
3,10.840556,-74.523056,S2A_MSIL2A_20210304T152641_R025_T18PWS_20210305T034859,2021-03-04,0.05,50920,['2016-08-07']
4,10.86370807,-74.52301929,S2A_MSIL2A_20170213T152631_R025_T18PWT_20210208T115813,2017-02-13,0.0,62980,['2016-08-07']
4,10.86370807,-74.52301929,S2B_MSIL2A_20211207T153619_R068_T18PWT_20211208T140649,2021-12-07,0.0,61108,['2016-08-07']
4,10.86370807,-74.52301929,S2A_MSIL2A_20240430T153631_R068_T18PWT_20240430T220701,2024-04-30,0.01,61200,['2016-08-07']
4,10.86370807,-74.52301929,S2B_MSIL2A_20230620T153619_R068_T18PWT_20230620T223547,2023-06-20,0.01,60992,['2016-08-07']
4,10.86370807,-74.52301929,S2A_MSIL2A_20200418T152641_R025_T18PWT_20200924T004647,2020-04-18,0.23,63180,['2016-08-07']
5,10.86374351,-74.54644164,S2B_MSIL2A_20180325T152639_R025_T18PWT_20201013T141547,2018-03-25,0.0,61872,"['2016-07-21', '2016-08-07']"
5,10.86374351,-74.54644164,S2A_MSIL2A_20180817T152641_R025_T18PWT_20201011T025942,2018-08-17,0.0,58688,"['2016-07-21', '2016-08-07']"
5,10.86374351,-74.54644164,S2B_MSIL2A_20170817T152949_R025_T18PWT_20201019T222819,2017-08-17,0.0,61596,"['2016-07-21', '2016-08-07']"
5,10.86374351,-74.54644164,S2A_MSIL2A_20201214T152641_R025_T18PWT_20201215T110956,2020-12-14,0.0,54208,"['2016-07-21', '2016-08-07']"
5,10.86374351,-74.54644164,S2B_MSIL2A_20240909T152659_R025_T18PWT_20240909T204602,2024-09-09,0.0,50484,"['2016-07-21', '2016-08-07']"
6,10.84059136,-74.54647654,S2A_MSIL2A_20160926T152632_R025_T18PWT_20210213T045313,2016-09-26,0.0,66564,"['2016-07-21', '2016-08-07']"
6,10.84059136,-74.54647654,S2B_MSIL2A_20220413T152639_R025_T18PWS_20220414T093909,2022-04-13,0.0,66564,"['2016-07-21', '2016-08-07']"
6,10.84059136,-74.54647654,S2A_MSIL2A_20221207T153621_R068_T18PWT_20221208T160110,2022-12-07,0.0,66564,"['2016-07-21', '2016-08-07']"
6,10.84059136,-74.54647654,S2A_MSIL2A_20211112T153621_R068_T18PWT_20211113T032339,2021-11-12,0.0,66564,"['2016-07-21', '2016-08-07']"
6,10.84059136,-74.54647654,S2B_MSIL2A_20220106T153619_R068_T18PWS_20220107T114911,2022-01-06,0.0,66564,"['2016-07-21', '2016-08-07']"
7,10.81743917,-74.54651137,S2B_MSIL2A_20220225T153619_R068_T18PWS_20240530T025952,2022-02-25,0.0,54772,"['2016-07-21', '2016-08-07']"
7,10.81743917,-74.54651137,S2A_MSIL2A_20241027T153631_R068_T18PWT_20241027T205349,2024-10-27,0.0,51264,"['2016-07-21', '2016-08-07']"
7,10.81743917,-74.54651137,S2B_MSIL2A_20230220T153619_R068_T18PWS_20230222T182621,2023-02-20,0.0,53704,"['2016-07-21', '2016-08-07']"
7,10.81743917,-74.54651137,S2B_MSIL2A_20210925T152639_R025_T18PWT_20210926T172959,2021-09-25,0.02,53984,"['2016-07-21', '2016-08-07']"
7,10.81743917,-74.54651137,S2A_MSIL2A_20231209T152651_R025_T18PWS_20241028T012027,2023-12-09,0.19,47020,"['2016-07-21', '2016-08-07']"
8,10.81740389,-74.52309263,S2B_MSIL2A_20210131T153619_R068_T18PWS_20210201T214626,2021-01-31,0.0,49872,['2016-08-07']
8,10.81740389,-74.52309263,S2B_MSIL2A_20180127T153609_R068_T18PWS_20201014T092103,2018-01-27,0.0,56640,['2016-08-07']
8,10.81740389,-74.52309263,S2B_MSIL2A_20181230T152639_R025_T18PWS_20201008T142316,2018-12-30,0.0,54000,['2016-08-07']
8,10.81740389,-74.52309263,S2B_MSIL2A_20250716T152659_R025_T18PWT_20250716T202354,2025-07-16,0.0,39836,['2016-08-07']
8,10.81740389,-74.52309263,S2B_MSIL2A_20200910T152639_R025_T18PWT_20200912T021507,2020-09-10,0.0,51620,['2016-08-07']
9,10.81736684,-74.49967397,S2B_MSIL2A_20180812T152639_R025_T18PWS_20201011T005537,2018-08-12,0.0,40408,['2016-08-07']
9,10.81736684,-74.49967397,S2A_MSIL2A_20170504T152641_R025_T18PWT_20210209T130125,2017-05-04,0.07,43780,['2016-08-07']
9,10.81736684,-74.49967397,S2A_MSIL2A_20160310T152622_R025_T18PWS_20210528T132030,2016-03-10,0.53,33040,['2016-08-07']
9,10.81736684,-74.49967397,S2B_MSIL2A_20170916T152629_R025_T18PWS_20210202T042215,2017-09-16,2.16,42548,['2016-08-07']
9,10.81736684,-74.49967397,S2A_MSIL2A_20170623T152951_R025_T18PWS_20210210T011135,2017-06-23,3.24,43244,['2016-08-07']
10,10.84051886,-74.49963554,S2B_MSIL2A_20230227T152639_R025_T18PWS_20230228T213708,2023-02-27,0.0,35192,['2016-08-07']
10,10.84051886,-74.49963554,S2A_MSIL2A_20250812T152931_R025_T18PWT_20250812T194956,2025-08-12,0.0,33728,['2016-08-07']
10,10.84051886,-74.49963554,S2A_MSIL2A_20160310T152622_R025_T18PWS_20210528T132030,2016-03-10,0.02,33716,['2016-08-07']
10,10.84051886,-74.49963554,S2A_MSIL2A_20170213T152631_R025_T18PWS_20210208T115819,2017-02-13,0.04,42640,['2016-08-07']
10,10.84051886,-74.49963554,S2A_MSIL2A_20210304T152641_R025_T18PWS_20210305T034859,2021-03-04,0.22,38688,['2016-08-07']
11,10.86367085,-74.49959703,S2A_MSIL2A_20170318T153611_R068_T18PWT_20210208T233838,2017-03-18,7.99,35348,['2016-08-07']
12,10.832778,-74.573889,S2B_MSIL2A_20201222T153619_R068_T18PWS_20210104T085848,2020-12-22,0.05,63220,['2016-07-21']
12,10.832778,-74.573889,S2B_MSIL2A_20181210T152629_R025_T18PWS_20201008T090359,2018-12-10,0.16,63332,['2016-07-21']
12,10.832778,-74.573889,S2B_MSIL2A_20190618T152649_R025_T18PWS_20201006T035456,2019-06-18,0.21,63260,['2016-07-21']
12,10.832778,-74.573889,S2A_MSIL2A_20180529T152641_R025_T18PWT_20201012T152607,2018-05-29,0.24,63720,['2016-07-21']
12,10.832778,-74.573889,S2A_MSIL2A_20170713T153001_R025_T18PWS_20210210T081917,2017-07-13,0.31,64072,['2016-07-21']
13,10.85593025,-74.57385623,S2A_MSIL2A_20180529T152641_R025_T18PWT_20201012T152607,2018-05-29,0.0,48572,['2016-07-21']
13,10.85593025,-74.57385623,S2A_MSIL2A_20250424T152711_R025_T18PWT_20250425T012413,2025-04-24,0.0,37152,['2016-07-21']
13,10.85593025,-74.57385623,S2A_MSIL2A_20170504T152641_R025_T18PWT_20210209T130125,2017-05-04,0.0,54164,['2016-07-21']
13,10.85593025,-74.57385623,S2B_MSIL2A_20220106T153619_R068_T18PWT_20220107T090444,2022-01-06,0.0,42972,['2016-07-21']
13,10.85593025,-74.57385623,S2A_MSIL2A_20210605T153621_R068_T18PWT_20210606T053106,2021-06-05,0.02,43828,['2016-07-21']
14,10.83280947,-74.5973091,S2B_MSIL2A_20171228T153609_R068_T18PWS_20201014T170448,2017-12-28,0.0,54008,['2016-07-21']
14,10.83280947,-74.5973091,S2A_MSIL2A_20220508T152641_R025_T18PWT_20220509T152510,2022-05-08,0.0,48980,['2016-07-21']
14,10.83280947,-74.5973091,S2B_MSIL2A_20200801T152639_R025_T18PWT_20200815T193054,2020-08-01,0.0,53260,['2016-07-21']
14,10.83280947,-74.5973091,S2B_MSIL2A_20210925T152639_R025_T18PWT_20210926T172959,2021-09-25,0.01,51760,['2016-07-21']
14,10.83280947,-74.5973091,S2B_MSIL2A_20190310T152639_R025_T18PWS_20201007T052027,2019-03-10,0.03,54708,['2016-07-21']
15,10.80965712,-74.59734,S2A_MSIL2A_20211119T152641_R025_T18PWS_20211120T063405,2021-11-19,0.0,45628,['2016-07-21']
15,10.80965712,-74.59734,S2B_MSIL2A_20220202T152639_R025_T18PWS_20220513T004828,2022-02-02,0.0,45480,['2016-07-21']
15,10.80965712,-74.59734,S2B_MSIL2A_20180616T153619_R068_T18PWS_20201011T225845,2018-06-16,0.0,54968,['2016-07-21']
15,10.80965712,-74.59734,S2A_MSIL2A_20210722T152641_R025_T18PWS_20210723T043221,2021-07-22,0.0,47044,['2016-07-21']
15,10.80965712,-74.59734,S2B_MSIL2A_20181230T152639_R025_T18PWS_20201008T142316,2018-12-30,0.0,52580,['2016-07-21']
16,10.80962572,-74.5739217,S2A_MSIL2A_20200102T153611_R068_T18PWS_20201002T215625,2020-01-02,0.0,48852,['2016-07-21']
16,10.80962572,-74.5739217,S2A_MSIL2A_20241004T152651_R025_T18PWT_20241004T205650,2024-10-04,0.0,45460,['2016-07-21']
16,10.80962572,-74.5739217,S2B_MSIL2A_20190718T152649_R025_T18PWS_20201005T160748,2019-07-18,0.0,48860,['2016-07-21']
16,10.80962572,-74.5739217,S2B_MSIL2A_20240316T153629_R068_T18PWT_20240316T220725,2024-03-16,0.01,46340,['2016-07-21']
16,10.80962572,-74.5739217,S2A_MSIL2A_20211119T152641_R025_T18PWS_20211120T063405,2021-11-19,0.02,47708,['2016-07-21']
20,11.01370682,-74.28161093,S2B_MSIL2A_20240820T152659_R025_T18PWT_20240820T211101,2024-08-20,0.0,66132,['2016-06-08']
20,11.01370682,-74.28161093,S2B_MSIL2A_20221209T152639_R025_T18PWT_20221210T124217,2022-12-09,0.0,66128,['2016-06-08']
20,11.01370682,-74.28161093,S2B_MSIL2A_20220222T152639_R025_T18PWT_20220228T162231,2022-02-22,0.0,66124,['2016-06-08']
20,11.01370682,-74.28161093,S2A_MSIL2A_20210212T152641_R025_T18PWT_20210213T080657,2021-02-12,0.0,66140,['2016-06-08']
20,11.01370682,-74.28161093,S2B_MSIL2A_20201119T152639_R025_T18PWT_20201121T025903,2020-11-19,0.01,66092,['2016-06-08']
21,11.01376137,-74.30504404,S2A_MSIL2A_20161225T152632_R025_T18PWT_20210214T003817,2016-12-25,0.0,66564,['2016-06-08']
21,11.01376137,-74.30504404,S2A_MSIL2A_20180529T152641_R025_T18PWT_20201012T152607,2018-05-29,0.0,66564,['2016-06-08']
21,11.01376137,-74.30504404,S2B_MSIL2A_20170916T152629_R025_T18PWT_20210202T042208,2017-09-16,0.0,66564,['2016-06-08']
21,11.01376137,-74.30504404,S2A_MSIL2A_20210304T152641_R025_T18PWT_20210305T033236,2021-03-04,0.0,66564,['2016-06-08']
21,11.01376137,-74.30504404,S2B_MSIL2A_20180713T152639_R025_T18PWT_20201011T152947,2018-07-13,0.0,66564,['2016-06-08']
22,10.99061044,-74.30509828,S2A_MSIL2A_20220915T152651_R025_T18PWT_20220916T110020,2022-09-15,0.02,58236,['2016-06-08']
22,10.99061044,-74.30509828,S2A_MSIL2A_20240924T152651_R025_T18PWT_20240924T201350,2024-09-24,0.02,57820,['2016-06-08']
22,10.99061044,-74.30509828,S2B_MSIL2A_20180203T152629_R025_T18PWT_20201013T183801,2018-02-03,0.37,58460,['2016-06-08']
22,10.99061044,-74.30509828,S2A_MSIL2A_20161205T152952_R025_T18PWT_20210213T181955,2016-12-05,0.41,58284,['2016-06-08']
22,10.99061044,-74.30509828,S2A_MSIL2A_20170213T152631_R025_T18PWT_20210208T115813,2017-02-13,0.56,58516,['2016-06-08']
23,10.96745946,-74.3051524,S2B_MSIL2A_20230806T152649_R025_T18PWT_20230806T213536,2023-08-06,0.0,60480,['2016-06-08']
23,10.96745946,-74.3051524,S2B_MSIL2A_20230128T152639_R025_T18PWT_20240810T101410,2023-01-28,0.0,60560,['2016-06-08']
23,10.96745946,-74.3051524,S2A_MSIL2A_20230503T152641_R025_T18PWT_20240905T223201,2023-05-03,0.0,60576,['2016-06-08']
23,10.96745946,-74.3051524,S2A_MSIL2A_20230920T152641_R025_T18PWT_20240914T022531,2023-09-20,0.0,59820,['2016-06-08']
23,10.96745946,-74.3051524,S2A_MSIL2A_20210212T152641_R025_T18PWT_20210213T080657,2021-02-12,0.03,60704,['2016-06-08']
24,11.01365046,-74.25817795,S2A_MSIL2A_20221224T152641_R025_T18PWT_20221225T182115,2022-12-24,0.0,36876,['2016-06-08']
24,11.01365046,-74.25817795,S2C_MSIL2A_20250909T152711_R025_T18PWT_20250909T182720,2025-09-09,0.0,36064,['2016-06-08']
24,11.01365046,-74.25817795,S2A_MSIL2A_20230920T152641_R025_T18PWT_20240914T022531,2023-09-20,0.0,34356,['2016-06-08']
24,11.01365046,-74.25817795,S2B_MSIL2A_20190228T152639_R025_T18PWT_20201007T214340,2019-02-28,0.18,37732,['2016-06-08']
24,11.01365046,-74.25817795,S2B_MSIL2A_20241019T152659_R025_T18PWT_20241019T203503,2024-10-19,0.21,37032,['2016-06-08']
25,13.491389,-89.524444,S2B_MSIL2A_20201120T162559_R040_T15PZQ_20201122T042359,2020-11-20,0.02,45388,['2017-07-09']
25,13.491389,-89.524444,S2A_MSIL2A_20190704T161911_R040_T16PBV_20201005T090741,2019-07-04,0.07,45332,['2017-07-09']
25,13.491389,-89.524444,S2A_MSIL2A_20161126T162622_R040_T15PZQ_20210415T011622,2016-11-26,0.09,45588,['2017-07-09']
25,13.491389,-89.524444,S2B_MSIL2A_20240712T161829_R040_T15PZR_20240712T215846,2024-07-12,0.4,45924,['2017-07-09']
25,13.491389,-89.524444,S2A_MSIL2A_20240228T162221_R040_T15PZQ_20240228T220921,2024-02-28,0.78,45956,['2017-07-09']
26,13.49171529,-89.54805518,S2A_MSIL2A_20190704T161911_R040_T16PBV_20201005T090741,2019-07-04,0.02,58928,['2017-07-09']
26,13.49171529,-89.54805518,S2A_MSIL2A_20191211T162651_R040_T15PZQ_20201003T033144,2019-12-11,0.03,59988,['2017-07-09']
26,13.49171529,-89.54805518,S2B_MSIL2A_20181022T162319_R040_T15PZQ_20201009T141926,2018-10-22,0.03,59116,['2017-07-09']
26,13.49171529,-89.54805518,S2A_MSIL2A_20210124T162551_R040_T16PBV_20210125T022319,2021-01-24,0.07,60328,['2017-07-09']
26,13.49171529,-89.54805518,S2B_MSIL2A_20251224T162609_R040_T15PZQ_20251224T211717,2025-12-24,0.13,60108,['2017-07-09']
27,13.2925,-87.783889,S2B_MSIL2A_20231003T161019_R140_T16PDV_20240827T171620,2023-10-03,0.0,39000,['2018-01-12']
27,13.2925,-87.783889,S2B_MSIL2A_20250115T161529_R140_T16PDV_20250115T195854,2025-01-15,0.0,40252,['2018-01-12']
27,13.2925,-87.783889,S2B_MSIL2A_20231202T161629_R140_T16PDV_20231202T211313,2023-12-02,0.0,40348,['2018-01-12']
27,13.2925,-87.783889,S2B_MSIL2A_20251121T161459_R140_T16PDV_20251121T195535,2025-11-21,0.01,40208,['2018-01-12']
27,13.2925,-87.783889,S2C_MSIL2A_20250530T160921_R140_T16PDV_20250530T214113,2025-05-30,0.01,40224,['2018-01-12']
28,13.29257172,-87.76025594,S2B_MSIL2A_20180422T160859_R140_T16PDV_20201013T012849,2018-04-22,0.0,45840,['2018-01-12']
28,13.29257172,-87.76025594,S2A_MSIL2A_20221023T161331_R140_T16PDV_20221024T112026,2022-10-23,0.0,45296,['2018-01-12']
28,13.29257172,-87.76025594,S2A_MSIL2A_20221222T161701_R140_T16PDV_20221224T013254,2022-12-22,0.0,45520,['2018-01-12']
28,13.29257172,-87.76025594,S2B_MSIL2A_20241126T161529_R140_T16PDV_20241126T200245,2024-11-26,0.0,45344,['2018-01-12']
28,13.29257172,-87.76025594,S2A_MSIL2A_20161203T161642_R140_T16PDV_20210213T174339,2016-12-03,0.0,45516,['2018-01-12']
29,13.31571848,-87.76032812,S2B_MSIL2A_20250224T161149_R140_T16PDV_20250224T200935,2025-02-24,0.0,41260,['2018-01-12']
29,13.31571848,-87.76032812,S2C_MSIL2A_20250828T160921_R140_T16PDV_20250828T211315,2025-08-28,0.0,40664,['2018-01-12']
29,13.31571848,-87.76032812,S2B_MSIL2A_20230923T160909_R140_T16PDV_20230923T232557,2023-09-23,0.0,40732,['2018-01-12']
29,13.31571848,-87.76032812,S2A_MSIL2A_20240724T160901_R140_T16PDV_20240725T033247,2024-07-24,0.01,40668,['2018-01-12']
29,13.31571848,-87.76032812,S2B_MSIL2A_20260321T160859_R140_T16PDV_20260321T195441,2026-03-21,0.01,40804,['2018-01-12']
30,45.489167,13.582778,S2A_MSIL2A_20241230T100421_R122_T33TUL_20241230T140451,2024-12-30,0.0,58724,['2015-10-22']
30,45.489167,13.582778,S2B_MSIL2A_20230214T100029_R122_T33TUL_20240816T041115,2023-02-14,0.0,55448,['2015-10-22']
30,45.489167,13.582778,S2B_MSIL2A_20180921T101019_R022_T33TUL_20201009T033230,2018-09-21,0.02,56860,['2015-10-22']
30,45.489167,13.582778,S2A_MSIL2A_20210811T101031_R022_T33TUL_20210812T030741,2021-08-11,0.04,57076,['2015-10-22']
30,45.489167,13.582778,S2B_MSIL2A_20170705T100029_R122_T33TUL_20210210T050930,2017-07-05,0.05,57612,['2015-10-22']
31,45.51220284,13.58219983,S2B_MSIL2A_20240731T100559_R022_T33TUL_20240731T125141,2024-07-31,0.0,34584,['2015-10-22']
31,45.51220284,13.58219983,S2B_MSIL2A_20220520T100029_R122_T33TUL_20220521T195746,2022-05-20,0.0,34748,['2015-10-22']
31,45.51220284,13.58219983,S2A_MSIL2A_20160913T100022_R122_T33TUL_20210213T003112,2016-09-13,0.68,34848,['2015-10-22']
31,45.51220284,13.58219983,S2A_MSIL2A_20160526T100032_R122_T33TUL_20210211T142843,2016-05-26,0.73,34660,['2015-10-22']
31,45.51220284,13.58219983,S2A_MSIL2A_20170421T100031_R122_T33TUL_20210209T092841,2017-04-21,2.55,33560,['2015-10-22']
32,-32.73240671,18.00577082,S2B_MSIL2A_20250318T082559_R021_T33HYD_20250318T123406,2025-03-18,0.01,47828,['2017-02-03']
32,-32.73240671,18.00577082,S2B_MSIL2A_20200101T082239_R121_T34HBJ_20201029T095038,2020-01-01,0.43,38260,['2017-02-03']
32,-32.73240671,18.00577082,S2B_MSIL2A_20200403T082559_R021_T33HYD_20200924T211005,2020-04-03,0.46,47532,['2017-02-03']
32,-32.73240671,18.00577082,S2B_MSIL2A_20180504T082559_R021_T33HYD_20201012T055038,2018-05-04,0.51,47464,['2017-02-03']
32,-32.73240671,18.00577082,S2B_MSIL2A_20181008T081819_R121_T34HBJ_20201009T093340,2018-10-08,0.56,47032,['2017-02-03']
33,-32.75611805,18.03229087,S2A_MSIL2A_20220306T081821_R121_T34HBJ_20220306T141508,2022-03-06,0.0,46908,['2017-02-03']
33,-32.75611805,18.03229087,S2A_MSIL2A_20220515T081611_R121_T34HBJ_20220517T153317,2022-05-15,0.0,46996,['2017-02-03']
33,-32.75611805,18.03229087,S2A_MSIL2A_20221002T081751_R121_T34HBJ_20221003T022252,2022-10-02,0.0,47028,['2017-02-03']
33,-32.75611805,18.03229087,S2B_MSIL2A_20250427T082559_R021_T33HYD_20250427T122020,2025-04-27,0.01,46936,['2017-02-03']
33,-32.75611805,18.03229087,S2A_MSIL2A_20190213T083041_R021_T33HYD_20201007T162149,2019-02-13,0.13,46796,['2017-02-03']
34,60.595278,168.444722,S2B_MSIL2A_20180427T001609_R059_T58VFN_20201013T032220,2018-04-27,0.0,35848,['2017-07-16']
34,60.595278,168.444722,S2B_MSIL2A_20250808T001609_R059_T59VLH_20250808T014952,2025-08-08,0.0,37988,['2017-07-16']
34,60.595278,168.444722,S2A_MSIL2A_20160621T001612_R059_T59VLH_20210211T213327,2016-06-21,0.02,38148,['2017-07-16']
34,60.595278,168.444722,S2A_MSIL2A_20170427T001611_R059_T58VFN_20210209T105751,2017-04-27,0.09,36756,['2017-07-16']
34,60.595278,168.444722,S2A_MSIL2A_20190822T000611_R016_T58VFN_20201005T031833,2019-08-22,0.09,37912,['2017-07-16']
35,60.57141594,168.3998782,S2B_MSIL2A_20180424T000609_R016_T58VFN_20201013T020811,2018-04-24,0.0,66564,['2017-07-16']
35,60.57141594,168.3998782,S2A_MSIL2A_20240818T001611_R059_T59VLH_20240818T030651,2024-08-18,0.0,66564,['2017-07-16']
35,60.57141594,168.3998782,S2B_MSIL2A_20190522T001619_R059_T59VLH_20201006T170653,2019-05-22,0.0,66564,['2017-07-16']
35,60.57141594,168.3998782,S2A_MSIL2A_20161115T000852_R016_T58VFN_20210528T232155,2016-11-15,0.0,66564,['2017-07-16']
35,60.57141594,168.3998782,S2B_MSIL2A_20210819T001609_R059_T59VLH_20210819T111031,2021-08-19,0.0,66564,['2017-07-16']
36,60.57231597,168.4465358,S2A_MSIL2A_20230622T000611_R016_T59VLH_20240812T221433,2023-06-22,0.0,66564,['2017-07-16']
36,60.57231597,168.4465358,S2A_MSIL2A_20240527T000611_R016_T59VLH_20240527T043424,2024-05-27,0.0,66564,['2017-07-16']
36,60.57231597,168.4465358,S2A_MSIL2A_20180827T000611_R016_T59VLH_20201027T044248,2018-08-27,0.0,66564,['2017-07-16']
36,60.57231597,168.4465358,S2A_MSIL2A_20210602T000611_R016_T59VLH_20210602T082446,2021-06-02,0.0,66564,['2017-07-16']
36,60.57231597,168.4465358,S2A_MSIL2A_20240128T000851_R016_T59VLH_20240128T031143,2024-01-28,0.12,66464,['2017-07-16']
37,60.57319972,168.4931965,S2C_MSIL2A_20251009T000621_R016_T59VLH_20251009T043813,2025-10-09,0.0,66564,['2017-07-16']
37,60.57319972,168.4931965,S2C_MSIL2A_20250512T000631_R016_T58VFN_20250512T020014,2025-05-12,0.0,66564,['2017-07-16']
37,60.57319972,168.4931965,S2A_MSIL2A_20170427T001611_R059_T58VFN_20210209T105751,2017-04-27,0.0,66564,['2017-07-16']
37,60.57319972,168.4931965,S2A_MSIL2A_20200607T000621_R016_T58VFN_20200826T105432,2020-06-07,0.0,66564,['2017-07-16']
37,60.57319972,168.4931965,S2B_MSIL2A_20240830T000619_R016_T59VLH_20240830T014231,2024-08-30,0.0,66564,['2017-07-16']
38,60.59616258,168.4914157,S2B_MSIL2A_20230508T000619_R016_T58VFN_20240811T124729,2023-05-08,0.01,32560,['2017-07-16']
38,60.59616258,168.4914157,S2B_MSIL2A_20231028T001719_R059_T59VLH_20240910T014302,2023-10-28,0.17,33744,['2017-07-16']
38,60.59616258,168.4914157,S2A_MSIL2A_20210602T000611_R016_T59VLH_20210602T082446,2021-06-02,0.18,35080,['2017-07-16']
38,60.59616258,168.4914157,S2C_MSIL2A_20250512T000631_R016_T58VFN_20250512T020014,2025-05-12,0.56,34176,['2017-07-16']
38,60.59616258,168.4914157,S2A_MSIL2A_20230225T001611_R059_T59VLH_20240818T230618,2023-02-25,0.57,32524,['2017-07-16']
39,59.044722,5.406389,S2A_MSIL2A_20240515T110621_R137_T32VKL_20240515T201315,2024-05-15,0.0,53908,['2022-08-21']
39,59.044722,5.406389,S2A_MSIL2A_20170628T105651_R094_T32VKL_20210210T021936,2017-06-28,0.0,53884,['2022-08-21']
39,59.044722,5.406389,S2A_MSIL2A_20190512T110621_R137_T32VKL_20201106T002542,2019-05-12,0.01,53996,['2022-08-21']
39,59.044722,5.406389,S2B_MSIL2A_20250313T105739_R094_T32VKL_20250313T163935,2025-03-13,0.01,55768,['2022-08-21']
39,59.044722,5.406389,S2B_MSIL2A_20250823T110619_R137_T32VKL_20250823T132721,2025-08-23,0.01,54912,['2022-08-21']
41,-13.732778,-76.225833,S2A_MSIL2A_20240911T151721_R125_T18LUK_20240911T213047,2024-09-11,0.0,36736,['2016-05-16']
41,-13.732778,-76.225833,S2A_MSIL2A_20220922T151711_R125_T18LUK_20220923T085020,2022-09-22,0.01,36432,['2016-05-16']
41,-13.732778,-76.225833,S2B_MSIL2A_20210922T151659_R125_T18LUK_20210923T063953,2021-09-22,0.43,36636,['2016-05-16']
41,-13.732778,-76.225833,S2B_MSIL2A_20210125T151709_R125_T18LUK_20210126T065336,2021-01-25,1.02,36244,['2016-05-16']
41,-13.732778,-76.225833,S2A_MSIL2A_20180516T151711_R125_T18LUK_20201012T103215,2018-05-16,1.38,36636,['2016-05-16']
42,-13.70963529,-76.22571286,S2B_MSIL2A_20240429T151719_R125_T18LUK_20240429T221945,2024-04-29,0.02,46172,['2016-05-16']
42,-13.70963529,-76.22571286,S2B_MSIL2A_20180411T151659_R125_T18LUK_20201012T210950,2018-04-11,0.08,45496,['2016-05-16']
42,-13.70963529,-76.22571286,S2A_MSIL2A_20190411T151711_R125_T18LUK_20201007T004843,2019-04-11,0.11,45320,['2016-05-16']
42,-13.70963529,-76.22571286,S2C_MSIL2A_20260315T151721_R125_T18LUK_20260316T151021,2026-03-15,0.21,45444,['2016-05-16']
42,-13.70963529,-76.22571286,S2A_MSIL2A_20220115T151711_R125_T18LUK_20220116T021843,2022-01-15,0.26,45652,['2016-05-16']
43,-13.75580176,-76.24962875,S2C_MSIL2A_20250129T151751_R125_T18LUK_20250129T183712,2025-01-29,0.0,66552,['2016-05-16']
43,-13.75580176,-76.24962875,S2B_MSIL2A_20171023T151649_R125_T18LUK_20201015T015236,2017-10-23,0.0,66564,['2016-05-16']
43,-13.75580176,-76.24962875,S2A_MSIL2A_20161122T151702_R125_T18LUK_20210414T195522,2016-11-22,0.0,66564,['2016-05-16']
43,-13.75580176,-76.24962875,S2B_MSIL2A_20210614T151709_R125_T18LUK_20210615T140007,2021-06-14,0.0,66564,['2016-05-16']
43,-13.75580176,-76.24962875,S2B_MSIL2A_20260320T151719_R125_T18LUK_20260320T203008,2026-03-20,0.0,66564,['2016-05-16']
48,65.5,22.0,S2B_MSIL2A_20240721T100559_R022_T34WET_20240721T132352,2024-07-21,0.0,46468,['2016-07-21']
48,65.5,22.0,S2A_MSIL2A_20250613T100701_R022_T34WET_20250613T122116,2025-06-13,0.0,46940,['2016-07-21']
48,65.5,22.0,S2A_MSIL2A_20230513T100551_R022_T34WET_20230513T172649,2023-05-13,0.0,45584,['2016-07-21']
48,65.5,22.0,S2A_MSIL2A_20200620T102031_R065_T34WET_20200823T101238,2020-06-20,0.0,46784,['2016-07-21']
48,65.5,22.0,S2B_MSIL2A_20181007T103019_R108_T34WET_20201009T091315,2018-10-07,0.0,48324,['2016-07-21']
49,65.50035468,21.94468423,S2A_MSIL2A_20240527T100601_R022_T34WET_20240527T171520,2024-05-27,0.0,40452,['2016-07-21']
49,65.50035468,21.94468423,S2A_MSIL2A_20210827T103021_R108_T34WET_20210827T195910,2021-08-27,0.0,40852,['2016-07-21']
49,65.50035468,21.94468423,S2B_MSIL2A_20220920T100649_R022_T34WET_20220920T232737,2022-09-20,0.0,41108,['2016-07-21']
49,65.50035468,21.94468423,S2A_MSIL2A_20161012T103022_R108_T34WET_20210213T095627,2016-10-12,0.01,41596,['2016-07-21']
49,65.50035468,21.94468423,S2B_MSIL2A_20231021T102959_R108_T34WET_20231021T141434,2023-10-21,0.29,41160,['2016-07-21']
50,65.47703465,21.99912226,S2B_MSIL2A_20200523T100559_R022_T34WET_20200910T174553,2020-05-23,0.0,50652,['2016-07-21']
50,65.47703465,21.99912226,S2C_MSIL2A_20250717T103051_R108_T34WET_20250717T155618,2025-07-17,0.0,49816,['2016-07-21']
50,65.47703465,21.99912226,S2A_MSIL2A_20221008T101931_R065_T34WET_20221008T222010,2022-10-08,0.0,49252,['2016-07-21']
50,65.47703465,21.99912226,S2A_MSIL2A_20201104T101211_R022_T34WET_20201106T131914,2020-11-04,0.03,52296,['2016-07-21']
50,65.47703465,21.99912226,S2B_MSIL2A_20231021T102959_R108_T34WET_20231021T141434,2023-10-21,0.44,50192,['2016-07-21']
51,65.49962515,22.05531406,S2A_MSIL2A_20180624T103021_R108_T34WET_20201012T014908,2018-06-24,0.0,50872,['2016-07-21']
51,65.49962515,22.05531406,S2B_MSIL2A_20170708T101029_R022_T34WET_20210210T061938,2017-07-08,0.0,50828,['2016-07-21']
51,65.49962515,22.05531406,S2A_MSIL2A_20210728T103031_R108_T34WET_20210728T225112,2021-07-28,0.01,50212,['2016-07-21']
51,65.49962515,22.05531406,S2A_MSIL2A_20200816T101031_R022_T34WET_20200818T140459,2020-08-16,0.01,50844,['2016-07-21']
51,65.49962515,22.05531406,S2B_MSIL2A_20231021T102959_R108_T34WET_20231021T141434,2023-10-21,0.23,48220,['2016-07-21']
52,-34.428056,19.186667,S2C_MSIL2A_20250827T081621_R121_T34HCG_20250827T143713,2025-08-27,0.0,42556,['2017-01-31']
52,-34.428056,19.186667,S2B_MSIL2A_20250203T082049_R121_T34HCG_20250203T103906,2025-02-03,0.02,41668,['2017-01-31']
52,-34.428056,19.186667,S2A_MSIL2A_20171018T082011_R121_T34HCG_20201015T003500,2017-10-18,0.62,41664,['2017-01-31']
52,-34.428056,19.186667,S2B_MSIL2A_20200430T081559_R121_T34HCG_20200922T181704,2020-04-30,0.88,42408,['2017-01-31']
52,-34.428056,19.186667,S2B_MSIL2A_20231221T082249_R121_T34HCG_20231222T042044,2023-12-21,0.99,41664,['2017-01-31']
53,-34.4276398,19.15881947,S2A_MSIL2A_20240125T082221_R121_T34HCG_20240125T131024,2024-01-25,0.0,51604,['2017-01-31']
53,-34.4276398,19.15881947,S2B_MSIL2A_20200430T081559_R121_T34HCG_20200922T181704,2020-04-30,0.21,54060,['2017-01-31']
53,-34.4276398,19.15881947,S2A_MSIL2A_20230301T081851_R121_T34HCG_20240824T124432,2023-03-01,0.31,53520,['2017-01-31']
53,-34.4276398,19.15881947,S2B_MSIL2A_20170903T081959_R121_T34HCG_20210201T175356,2017-09-03,0.32,52976,['2017-01-31']
53,-34.4276398,19.15881947,S2B_MSIL2A_20190615T081609_R121_T34HCG_20201006T023642,2019-06-15,0.38,52936,['2017-01-31']
54,-34.45071462,19.15831308,S2A_MSIL2A_20171018T082011_R121_T34HCG_20201015T003500,2017-10-18,0.0,66564,['2017-01-31']
54,-34.45071462,19.15831308,S2B_MSIL2A_20230515T081609_R121_T34HCG_20230515T145406,2023-05-15,0.0,65700,['2017-01-31']
54,-34.45071462,19.15831308,S2C_MSIL2A_20250728T081631_R121_T34HCG_20250728T143313,2025-07-28,0.0,66564,['2017-01-31']
54,-34.45071462,19.15831308,S2B_MSIL2A_20241225T082249_R121_T34HCG_20241225T121929,2024-12-25,0.0,66564,['2017-01-31']
54,-34.45071462,19.15831308,S2A_MSIL2A_20170809T081601_R121_T34HCG_20210210T215845,2017-08-09,0.0,66564,['2017-01-31']
55,-34.45113118,19.18616826,S2B_MSIL2A_20200321T081619_R121_T34HCG_20201014T104403,2020-03-21,0.0,66564,['2017-01-31']
55,-34.45113118,19.18616826,S2B_MSIL2A_20191122T082149_R121_T34HCG_20201003T190001,2019-11-22,0.0,66564,['2017-01-31']
55,-34.45113118,19.18616826,S2A_MSIL2A_20240125T082221_R121_T34HCG_20240125T131024,2024-01-25,0.0,66564,['2017-01-31']
55,-34.45113118,19.18616826,S2B_MSIL2A_20231002T081749_R121_T34HCG_20231002T174022,2023-10-02,0.0,66376,['2017-01-31']
55,-34.45113118,19.18616826,S2A_MSIL2A_20220515T081611_R121_T34HCG_20220517T172047,2022-05-15,0.0,66564,['2017-01-31']
56,-34.45154139,19.21402401,S2A_MSIL2A_20161013T082002_R121_T34HCG_20210213T101007,2016-10-13,0.0,66564,['2017-01-31']
56,-34.45154139,19.21402401,S2A_MSIL2A_20180516T081611_R121_T34HCG_20201012T102921,2018-05-16,0.0,66564,['2017-01-31']
56,-34.45154139,19.21402401,S2A_MSIL2A_20171018T082011_R121_T34HCG_20201015T003500,2017-10-18,0.0,66564,['2017-01-31']
56,-34.45154139,19.21402401,S2B_MSIL2A_20230405T081609_R121_T34HCG_20240830T043558,2023-04-05,0.0,66564,['2017-01-31']
56,-34.45154139,19.21402401,S2B_MSIL2A_20190705T081609_R121_T34HCG_20201005T094517,2019-07-05,0.0,66564,['2017-01-31']
57,-9.432319915,-78.40652572,S2B_MSIL2A_20181210T152629_R025_T17LQK_20201008T090346,2018-12-10,0.51,45688,['2017-02-03']
57,-9.432319915,-78.40652572,S2A_MSIL2A_20200428T152641_R025_T17LQK_20200922T104829,2020-04-28,0.86,46040,['2017-02-03']
57,-9.432319915,-78.40652572,S2B_MSIL2A_20230915T152639_R025_T17LQK_20240914T023428,2023-09-15,0.9,38104,['2017-02-03']
57,-9.432319915,-78.40652572,S2A_MSIL2A_20180119T152631_R025_T17LQK_20201014T065622,2018-01-19,1.01,45904,['2017-02-03']
57,-9.432319915,-78.40652572,S2A_MSIL2A_20170414T152641_R025_T17LQK_20210209T073601,2017-04-14,1.05,46044,['2017-02-03']
58,-9.478581865,-78.40617898,S2B_MSIL2A_20250226T152659_R025_T17LQK_20250226T190127,2025-02-26,0.13,55300,['2017-02-03']
58,-9.478581865,-78.40617898,S2A_MSIL2A_20240227T152651_R025_T17LQK_20240227T221319,2024-02-27,0.35,55180,['2017-02-03']
58,-9.478581865,-78.40617898,S2A_MSIL2A_20191230T152631_R025_T17LQK_20201003T111617,2019-12-30,0.39,55396,['2017-02-03']
58,-9.478581865,-78.40617898,S2A_MSIL2A_20231010T152641_R025_T17LQK_20231010T222117,2023-10-10,0.67,55148,['2017-02-03']
58,-9.478581865,-78.40617898,S2B_MSIL2A_20240611T152659_R025_T17LQK_20240611T204409,2024-06-11,3.34,54484,['2017-02-03']
62,28.5,-80.533333,S2B_MSIL2A_20210324T155819_R097_T17RNM_20210325T031201,2021-03-24,0.05,63012,['2017-07-15']
62,28.5,-80.533333,S2A_MSIL2A_20220410T160511_R054_T17RNM_20220411T175236,2022-04-10,0.13,63152,['2017-07-15']
62,28.5,-80.533333,S2B_MSIL2A_20200826T155829_R097_T17RNM_20200827T210834,2020-08-26,0.13,63000,['2017-07-15']
62,28.5,-80.533333,S2C_MSIL2A_20251220T160521_R054_T17RNM_20251220T191014,2025-12-20,0.15,63372,['2017-07-15']
62,28.5,-80.533333,S2B_MSIL2A_20180218T160309_R097_T17RNM_20201013T225424,2018-02-18,0.2,62960,['2017-07-15']
63,28.47689254,-80.5334346,S2B_MSIL2A_20231020T160209_R097_T17RNM_20231020T230200,2023-10-20,0.2,37952,['2017-07-15']
63,28.47689254,-80.5334346,S2B_MSIL2A_20170928T160459_R054_T17RNM_20210202T112310,2017-09-28,1.59,37052,['2017-07-15']
63,28.47689254,-80.5334346,S2B_MSIL2A_20211129T160619_R097_T17RNM_20211130T111509,2021-11-29,2.54,37284,['2017-07-15']
63,28.47689254,-80.5334346,S2B_MSIL2A_20190822T155829_R097_T17RNM_20201005T033928,2019-08-22,3.51,36536,['2017-07-15']
63,28.47689254,-80.5334346,S2A_MSIL2A_20190205T160511_R054_T17RNM_20201007T141136,2019-02-05,3.8,36832,['2017-07-15']
64,37.245278,-76.501944,S2A_MSIL2A_20230813T154941_R054_T18SUG_20230814T003922,2023-08-13,0.0,45440,['2017-07-30']
64,37.245278,-76.501944,S2B_MSIL2A_20240214T155249_R054_T18SUG_20240214T214149,2024-02-14,0.0,46164,['2017-07-30']
64,37.245278,-76.501944,S2B_MSIL2A_20250429T154819_R054_T18SUG_20250429T194937,2025-04-29,0.04,45280,['2017-07-30']
64,37.245278,-76.501944,S2A_MSIL2A_20180322T154921_R054_T18SUG_20201026T060016,2018-03-22,0.44,45840,['2017-07-30']
64,37.245278,-76.501944,S2A_MSIL2A_20180620T155011_R054_T18SUG_20201012T001911,2018-06-20,0.51,45116,['2017-07-30']
65,37.2679761,-76.53126551,S2A_MSIL2A_20170225T155221_R054_T18SUG_20210208T170838,2017-02-25,0.07,65596,['2017-07-30']
65,37.2679761,-76.53126551,S2A_MSIL2A_20200101T155641_R054_T18SUG_20201002T212935,2020-01-01,0.07,65672,['2017-07-30']
65,37.2679761,-76.53126551,S2B_MSIL2A_20190829T154819_R054_T18SUG_20201005T063550,2019-08-29,0.09,65532,['2017-07-30']
65,37.2679761,-76.53126551,S2B_MSIL2A_20210311T154949_R054_T18SUG_20210312T062428,2021-03-11,0.1,65568,['2017-07-30']
65,37.2679761,-76.53126551,S2A_MSIL2A_20181018T155241_R054_T18SUG_20201009T124705,2018-10-18,0.11,65524,['2017-07-30']
66,37.22257217,-76.47264007,S2B_MSIL2A_20231116T155529_R054_T18SUG_20241010T180337,2023-11-16,0.0,47972,['2017-07-30']
66,37.22257217,-76.47264007,S2B_MSIL2A_20250228T155109_R054_T18SUG_20250228T194612,2025-02-28,0.0,49972,['2017-07-30']
66,37.22257217,-76.47264007,S2A_MSIL2A_20240529T154941_R054_T18SUG_20240530T002227,2024-05-29,0.0,48788,['2017-07-30']
66,37.22257217,-76.47264007,S2A_MSIL2A_20240827T154931_R054_T18SUG_20240827T221452,2024-08-27,0.02,49032,['2017-07-30']
66,37.22257217,-76.47264007,S2B_MSIL2A_20260404T154939_R054_T18SUG_20260404T210801,2026-04-04,0.13,49220,['2017-07-30']
67,37.24564055,-76.47308892,S2A_MSIL2A_20250725T155711_R054_T18SUG_20250725T205016,2025-07-25,0.0,51932,['2017-07-30']
67,37.24564055,-76.47308892,S2A_MSIL2A_20210813T154911_R054_T18SUG_20210814T053153,2021-08-13,0.16,51972,['2017-07-30']
67,37.24564055,-76.47308892,S2A_MSIL2A_20210405T154901_R054_T18SUG_20210406T030354,2021-04-05,0.23,52084,['2017-07-30']
67,37.24564055,-76.47308892,S2A_MSIL2A_20160411T160132_R054_T18SUG_20210211T031436,2016-04-11,0.35,51872,['2017-07-30']
67,37.24564055,-76.47308892,S2A_MSIL2A_20190205T155431_R054_T18SUG_20201007T141106,2019-02-05,0.65,52216,['2017-07-30']
74,-34.80813461,-55.86630771,S2B_MSIL2A_20230115T133829_R124_T21HWB_20230116T021552,2023-01-15,0.0,63788,['2017-10-28']
74,-34.80813461,-55.86630771,S2B_MSIL2A_20200321T134209_R124_T21HXB_20201014T103650,2020-03-21,0.27,64620,['2017-10-28']
74,-34.80813461,-55.86630771,S2B_MSIL2A_20190406T134219_R124_T21HWB_20201006T230133,2019-04-06,0.38,64704,['2017-10-28']
74,-34.80813461,-55.86630771,S2A_MSIL2A_20191107T134211_R124_T21HXB_20201003T140048,2019-11-07,0.47,63704,['2017-10-28']
74,-34.80813461,-55.86630771,S2A_MSIL2A_20210331T134211_R124_T21HWB_20210401T122732,2021-03-31,0.49,64460,['2017-10-28']
75,-34.80787067,-55.83832427,S2B_MSIL2A_20200510T134209_R124_T21HWB_20200917T164556,2020-05-10,0.0,66564,['2017-10-28']
75,-34.80787067,-55.83832427,S2A_MSIL2A_20230808T133841_R124_T21HXB_20240912T085244,2023-08-08,0.0,66564,['2017-10-28']
75,-34.80787067,-55.83832427,S2A_MSIL2A_20210917T134031_R124_T21HXB_20210918T015552,2021-09-17,0.0,66564,['2017-10-28']
75,-34.80787067,-55.83832427,S2A_MSIL2A_20190101T134211_R124_T21HWB_20201007T215219,2019-01-01,0.0,66564,['2017-10-28']
75,-34.80787067,-55.83832427,S2B_MSIL2A_20250911T133829_R124_T21HWB_20250911T185329,2025-09-11,0.0,66564,['2017-10-28']
76,-34.80760029,-55.81034121,S2C_MSIL2A_20260114T133831_R124_T21HWB_20260114T163411,2026-01-14,0.0,58308,['2017-10-28']
76,-34.80760029,-55.81034121,S2A_MSIL2A_20230420T133831_R124_T21HWB_20230420T222444,2023-04-20,0.0,58308,['2017-10-28']
76,-34.80760029,-55.81034121,S2B_MSIL2A_20181008T134209_R124_T21HWB_20201009T094247,2018-10-08,0.0,58308,['2017-10-28']
76,-34.80760029,-55.81034121,S2B_MSIL2A_20220719T133839_R124_T21HXB_20220720T020725,2022-07-19,0.0,66316,['2017-10-28']
76,-34.80760029,-55.81034121,S2B_MSIL2A_20180710T134209_R124_T21HXB_20201011T141822,2018-07-10,0.0,66564,['2017-10-28']
77,-34.78451985,-55.81067273,S2B_MSIL2A_20220301T134209_R124_T21HWB_20220303T191846,2022-03-01,0.0,45568,['2017-10-28']
77,-34.78451985,-55.81067273,S2B_MSIL2A_20240310T133829_R124_T21HXB_20240310T201039,2024-03-10,0.21,53140,['2017-10-28']
77,-34.78451985,-55.81067273,S2B_MSIL2A_20240827T133839_R124_T21HXB_20240827T173321,2024-08-27,0.7,52748,['2017-10-28']
77,-34.78451985,-55.81067273,S2A_MSIL2A_20160426T135212_R124_T21HWB_20210211T063323,2016-04-26,0.87,45864,['2017-10-28']
77,-34.78451985,-55.81067273,S2C_MSIL2A_20260325T134211_R124_T21HWB_20260325T193812,2026-03-25,1.43,44924,['2017-10-28']
78,-6.951764192,-79.86966676,S2A_MSIL2A_20170107T153601_R068_T17MPN_20210530T015936,2017-01-07,0.54,53956,['2018-01-27']
78,-6.951764192,-79.86966676,S2B_MSIL2A_20200117T153619_R068_T17MPN_20201002T200234,2020-01-17,0.61,55308,['2018-01-27']
78,-6.951764192,-79.86966676,S2A_MSIL2A_20230715T153621_R068_T17MPN_20240817T112439,2023-07-15,0.67,54204,['2018-01-27']
78,-6.951764192,-79.86966676,S2B_MSIL2A_20251226T153629_R068_T17MPN_20251226T204954,2025-12-26,0.74,55728,['2018-01-27']
78,-6.951764192,-79.86966676,S2A_MSIL2A_20241007T153621_R068_T17MPN_20241007T205805,2024-10-07,1.28,54892,['2018-01-27']
86,41.55,2.483333,S2B_MSIL2A_20220611T103629_R008_T31TDG_20220612T075707,2022-06-11,0.0,33288,['2018-08-11']
86,41.55,2.483333,S2B_MSIL2A_20230626T103629_R008_T31TDG_20230626T142542,2023-06-26,0.04,33180,['2018-08-11']
86,41.55,2.483333,S2C_MSIL2A_20251127T104411_R008_T31TDG_20251127T142816,2025-11-27,0.09,33272,['2018-08-11']
86,41.55,2.483333,S2A_MSIL2A_20170413T104021_R008_T31TDG_20210209T071825,2017-04-13,1.34,33356,['2018-08-11']
86,41.55,2.483333,S2A_MSIL2A_20170712T104021_R008_T31TDG_20210210T074723,2017-07-12,2.5,33204,['2018-08-11']
90,13.201944,-88.443333,S2C_MSIL2A_20250301T161231_R140_T16PCV_20250301T193008,2025-03-01,0.0,46616,['2019-02-21']
90,13.201944,-88.443333,S2C_MSIL2A_20250907T160921_R140_T16PCV_20250907T210118,2025-09-07,0.0,46664,['2019-02-21']
90,13.201944,-88.443333,S2B_MSIL2A_20230406T160829_R140_T16PCV_20240903T111057,2023-04-06,0.0,46824,['2019-02-21']
90,13.201944,-88.443333,S2A_MSIL2A_20191228T161651_R140_T16PCV_20201003T103239,2019-12-28,0.04,46632,['2019-02-21']
90,13.201944,-88.443333,S2A_MSIL2A_20210302T161201_R140_T16PCV_20210303T083436,2021-03-02,0.07,46700,['2019-02-21']
91,13.20180974,-88.46695181,S2A_MSIL2A_20170303T161341_R140_T16PCV_20210208T191902,2017-03-03,0.0,59824,['2019-02-21']
91,13.20180974,-88.46695181,S2A_MSIL2A_20180417T160901_R140_T16PCV_20201012T232034,2018-04-17,0.0,59756,['2019-02-21']
91,13.20180974,-88.46695181,S2A_MSIL2A_20230620T160901_R140_T16PCV_20230621T022919,2023-06-20,0.0,59684,['2019-02-21']
91,13.20180974,-88.46695181,S2B_MSIL2A_20241216T161609_R140_T16PCV_20241216T200744,2024-12-16,0.0,59476,['2019-02-21']
91,13.20180974,-88.46695181,S2A_MSIL2A_20210630T160901_R140_T16PCV_20210701T103408,2021-06-30,0.0,59740,['2019-02-21']
92,13.17866836,-88.4668138,S2B_MSIL2A_20240828T160829_R140_T16PCV_20240828T203232,2024-08-28,0.04,38048,['2019-02-21']
92,13.17866836,-88.4668138,S2B_MSIL2A_20230923T160909_R140_T16PCV_20240826T142619,2023-09-23,0.05,32032,['2019-02-21']
92,13.17866836,-88.4668138,S2A_MSIL2A_20220327T160901_R140_T16PCV_20220328T083443,2022-03-27,0.64,38080,['2019-02-21']
92,13.17866836,-88.4668138,S2B_MSIL2A_20220121T161559_R140_T16PCV_20220122T123727,2022-01-21,1.3,37664,['2019-02-21']
92,13.17866836,-88.4668138,S2A_MSIL2A_20210531T160901_R140_T16PCV_20210601T091010,2021-05-31,1.93,36536,['2019-02-21']
93,13.17880237,-88.44319722,S2B_MSIL2A_20240729T160829_R140_T16PCV_20240729T203026,2024-07-29,0.29,41904,['2019-02-21']
93,13.17880237,-88.44319722,S2B_MSIL2A_20180112T161629_R140_T16PCV_20201014T051741,2018-01-12,0.38,40300,['2019-02-21']
93,13.17880237,-88.44319722,S2A_MSIL2A_20200216T161331_R140_T16PCV_20200929T103216,2020-02-16,0.54,40572,['2019-02-21']
93,13.17880237,-88.44319722,S2A_MSIL2A_20230620T160901_R140_T16PCV_20230621T022919,2023-06-20,0.57,41480,['2019-02-21']
93,13.17880237,-88.44319722,S2B_MSIL2A_20180711T160829_R140_T16PCV_20201011T144352,2018-07-11,0.75,40132,['2019-02-21']
94,-5.6,-80.951389,S2B_MSIL2A_20231210T155219_R111_T17MNP_20240903T052958,2023-12-10,0.0,48296,['2019-03-11']
94,-5.6,-80.951389,S2A_MSIL2A_20170420T155221_R111_T17MMP_20210209T091704,2017-04-20,0.0,66564,['2019-03-11']
94,-5.6,-80.951389,S2B_MSIL2A_20220708T155229_R111_T17MNP_20220709T002102,2022-07-08,0.0,66564,['2019-03-11']
94,-5.6,-80.951389,S2C_MSIL2A_20260212T155221_R111_T17MMP_20260212T180809,2026-02-12,0.0,66564,['2019-03-11']
94,-5.6,-80.951389,S2A_MSIL2A_20170219T155221_R111_T17MMP_20210208T144421,2017-02-19,0.0,66564,['2019-03-11']
95,-5.576841091,-80.95139091,S2A_MSIL2A_20160515T155232_R111_T17MMP_20210528T214743,2016-05-15,0.0,65420,['2019-03-11']
95,-5.576841091,-80.95139091,S2A_MSIL2A_20170219T155221_R111_T17MMP_20210208T144421,2017-02-19,0.0,66564,['2019-03-11']
95,-5.576841091,-80.95139091,S2A_MSIL2A_20200514T155231_R111_T17MMP_20200918T041023,2020-05-14,0.0,66564,['2019-03-11']
95,-5.576841091,-80.95139091,S2B_MSIL2A_20171201T155209_R111_T17MMP_20201014T113804,2017-12-01,0.0,66564,['2019-03-11']
95,-5.576841091,-80.95139091,S2B_MSIL2A_20210203T155219_R111_T17MMP_20210206T203621,2021-02-03,0.0,66564,['2019-03-11']
98,40.13531194,-8.884217046,S2B_MSIL2A_20250329T112119_R037_T29TNE_20250329T140115,2025-03-29,0.06,65920,['2019-07-22']
98,40.13531194,-8.884217046,S2B_MSIL2A_20190321T112119_R037_T29TNE_20201007T090650,2019-03-21,0.1,65956,['2019-07-22']
98,40.13531194,-8.884217046,S2B_MSIL2A_20190503T113329_R080_T29TNE_20201006T093846,2019-05-03,0.12,65972,['2019-07-22']
98,40.13531194,-8.884217046,S2B_MSIL2A_20250617T112109_R037_T29TNE_20250617T133829,2025-06-17,0.35,65764,['2019-07-22']
98,40.13531194,-8.884217046,S2A_MSIL2A_20161116T112332_R037_T29TNE_20210414T115012,2016-11-16,0.4,66036,['2019-07-22']
99,40.11224739,-8.884256166,S2B_MSIL2A_20231218T113409_R080_T29TNE_20231220T095511,2023-12-18,0.0,64396,['2019-07-22']
99,40.11224739,-8.884256166,S2A_MSIL2A_20251121T112421_R037_T29TNE_20251121T151713,2025-11-21,0.0,64776,['2019-07-22']
99,40.11224739,-8.884256166,S2A_MSIL2A_20151222T112502_R037_T29TNE_20210526T145102,2015-12-22,0.18,64120,['2019-07-22']
99,40.11224739,-8.884256166,S2A_MSIL2A_20230713T112121_R037_T29TNE_20230713T201357,2023-07-13,0.3,65000,['2019-07-22']
99,40.11224739,-8.884256166,S2C_MSIL2A_20250423T112141_R037_T29TNE_20250423T165012,2025-04-23,0.4,64924,['2019-07-22']
100,52.08266051,4.22283418,S2B_MSIL2A_20230609T104629_R051_T31UET_20241003T011547,2023-06-09,0.02,52716,['2020-05-05']
100,52.08266051,4.22283418,S2A_MSIL2A_20230415T104621_R051_T31UET_20230415T190632,2023-04-15,0.05,53212,['2020-05-05']
100,52.08266051,4.22283418,S2B_MSIL2A_20190511T105039_R051_T31UET_20201006T125628,2019-05-11,0.87,52456,['2020-05-05']
100,52.08266051,4.22283418,S2A_MSIL2A_20210823T105031_R051_T31UET_20210824T005953,2021-08-23,0.89,52256,['2020-05-05']
100,52.08266051,4.22283418,S2B_MSIL2A_20200326T104639_R051_T31UET_20201027T110608,2020-03-26,3.37,51344,['2020-05-05']
113,-34.97434999,-54.91218732,S2B_MSIL2A_20180806T133219_R081_T21HXB_20201010T220738,2018-08-06,0.0,66564,['2021-05-30']
113,-34.97434999,-54.91218732,S2B_MSIL2A_20181224T133219_R081_T21HXB_20201031T001719,2018-12-24,0.0,66564,['2021-05-30']
113,-34.97434999,-54.91218732,S2B_MSIL2A_20221007T133829_R124_T21HXB_20240721T020029,2022-10-07,0.0,66564,['2021-05-30']
113,-34.97434999,-54.91218732,S2B_MSIL2A_20240307T133139_R081_T21HXB_20240307T201548,2024-03-07,0.0,66564,['2021-05-30']
113,-34.97434999,-54.91218732,S2A_MSIL2A_20190501T134211_R124_T21HXB_20201006T083750,2019-05-01,0.0,66564,['2021-05-30']
119,13.66896094,-89.97584165,S2A_MSIL2A_20231110T162511_R040_T15PZR_20241018T052744,2023-11-10,0.0,51708,['2022-02-23']
119,13.66896094,-89.97584165,S2B_MSIL2A_20171126T162609_R040_T15PZR_20201014T222308,2017-11-26,0.03,53948,['2022-02-23']
119,13.66896094,-89.97584165,S2A_MSIL2A_20191121T162601_R040_T15PZR_20201003T183540,2019-11-21,0.22,53028,['2022-02-23']
119,13.66896094,-89.97584165,S2A_MSIL2A_20230124T162551_R040_T15PZR_20240811T222900,2023-01-24,0.49,53704,['2022-02-23']
119,13.66896094,-89.97584165,S2A_MSIL2A_20180331T161901_R040_T15PZR_20201013T170722,2018-03-31,0.56,53360,['2022-02-23']
120,13.64526455,-89.92886405,S2A_MSIL2A_20210203T162501_R040_T15PZR_20210209T192606,2021-02-03,0.1,53928,['2022-02-23']
120,13.64526455,-89.92886405,S2A_MSIL2A_20190813T161901_R040_T15PZR_20201004T235113,2019-08-13,0.49,52452,['2022-02-23']
120,13.64526455,-89.92886405,S2A_MSIL2A_20240329T161851_R040_T15PZR_20240330T095943,2024-03-29,0.56,53724,['2022-02-23']
120,13.64526455,-89.92886405,S2A_MSIL2A_20190505T161901_R040_T15PZR_20201006T101853,2019-05-05,0.65,53424,['2022-02-23']
120,13.64526455,-89.92886405,S2B_MSIL2A_20210728T161829_R040_T15PZR_20210729T040829,2021-07-28,0.7,52296,['2022-02-23']
121,-34.415,-58.2744,S2C_MSIL2A_20260206T134701_R024_T21HUB_20260206T170915,2026-02-06,0.0,66564,"['2022-05-18', '2022-12-09']"
121,-34.415,-58.2744,S2B_MSIL2A_20200104T135109_R024_T21HUB_20201002T225827,2020-01-04,0.0,66564,"['2022-05-18', '2022-12-09']"
121,-34.415,-58.2744,S2A_MSIL2A_20211219T135111_R024_T21HUC_20211219T224028,2021-12-19,0.0,55212,"['2022-05-18', '2022-12-09']"
121,-34.415,-58.2744,S2A_MSIL2A_20160817T140122_R024_T21HUC_20210212T151727,2016-08-17,0.0,55212,"['2022-05-18', '2022-12-09']"
121,-34.415,-58.2744,S2C_MSIL2A_20251009T134721_R024_T21HUC_20251009T201221,2025-10-09,0.0,55212,"['2022-05-18', '2022-12-09']"
122,-34.39191881,-58.27405003,S2B_MSIL2A_20210309T135109_R024_T21HUB_20210310T052130,2021-03-09,0.0,66564,"['2022-05-18', '2022-12-09']"
122,-34.39191881,-58.27405003,S2A_MSIL2A_20241203T134701_R024_T21HUB_20241203T183351,2024-12-03,0.0,66564,"['2022-05-18', '2022-12-09']"
122,-34.39191881,-58.27405003,S2B_MSIL2A_20251203T134659_R024_T21HUB_20251203T171328,2025-12-03,0.0,66564,"['2022-05-18', '2022-12-09']"
122,-34.39191881,-58.27405003,S2B_MSIL2A_20171215T135059_R024_T21HUC_20201014T142040,2017-12-15,0.0,66564,"['2022-05-18', '2022-12-09']"
122,-34.39191881,-58.27405003,S2B_MSIL2A_20190608T135119_R024_T21HUC_20201005T234738,2019-06-08,0.0,66564,"['2022-05-18', '2022-12-09']"
123,-34.39162569,-58.30189275,S2C_MSIL2A_20250221T134731_R024_T21HUB_20250221T204355,2025-02-21,0.0,66564,"['2022-05-18', '2022-12-09']"
123,-34.39162569,-58.30189275,S2B_MSIL2A_20210309T135109_R024_T21HUB_20210310T052130,2021-03-09,0.0,66564,"['2022-05-18', '2022-12-09']"
123,-34.39162569,-58.30189275,S2A_MSIL2A_20161215T135112_R024_T21HUC_20210213T211613,2016-12-15,0.0,66564,"['2022-05-18', '2022-12-09']"
123,-34.39162569,-58.30189275,S2B_MSIL2A_20211114T135109_R024_T21HUB_20211114T224328,2021-11-14,0.0,66564,"['2022-05-18', '2022-12-09']"
123,-34.39162569,-58.30189275,S2B_MSIL2A_20230227T134709_R024_T21HUB_20240819T092556,2023-02-27,0.0,66564,"['2022-05-18', '2022-12-09']"
124,-34.41470663,-58.30225037,S2B_MSIL2A_20230528T134709_R024_T21HUB_20230528T204644,2023-05-28,0.0,66564,"['2022-05-18', '2022-12-09']"
124,-34.41470663,-58.30225037,S2A_MSIL2A_20231109T134701_R024_T21HUB_20241112T021138,2023-11-09,0.0,66564,"['2022-05-18', '2022-12-09']"
124,-34.41470663,-58.30225037,S2B_MSIL2A_20240123T134659_R024_T21HUB_20240123T191438,2024-01-23,0.0,66564,"['2022-05-18', '2022-12-09']"
124,-34.41470663,-58.30225037,S2B_MSIL2A_20210428T135109_R024_T21HUC_20210428T222245,2021-04-28,0.0,55212,"['2022-05-18', '2022-12-09']"
124,-34.41470663,-58.30225037,S2B_MSIL2A_20221010T134709_R024_T21HUC_20221010T231505,2022-10-10,0.0,55212,"['2022-05-18', '2022-12-09']"
125,-34.43778747,-58.30260839,S2A_MSIL2A_20220128T135111_R024_T21HUB_20220213T081734,2022-01-28,0.0,66564,"['2022-05-18', '2022-12-09']"
125,-34.43778747,-58.30260839,S2B_MSIL2A_20230408T134709_R024_T21HUB_20230408T204204,2023-04-08,0.0,66564,"['2022-05-18', '2022-12-09']"
125,-34.43778747,-58.30260839,S2A_MSIL2A_20250112T134701_R024_T21HUB_20250112T183356,2025-01-12,0.0,66564,"['2022-05-18', '2022-12-09']"
125,-34.43778747,-58.30260839,S2A_MSIL2A_20230123T134701_R024_T21HUB_20240807T015519,2023-01-23,0.0,66564,"['2022-05-18', '2022-12-09']"
125,-34.43778747,-58.30260839,S2A_MSIL2A_20190703T135121_R024_T21HUB_20201005T083847,2019-07-03,0.0,66564,"['2022-05-18', '2022-12-09']"
126,-34.4380811,-58.27475037,S2A_MSIL2A_20180218T135111_R024_T21HUB_20201013T224039,2018-02-18,0.0,66564,"['2022-05-18', '2022-12-09']"
126,-34.4380811,-58.27475037,S2A_MSIL2A_20230123T134701_R024_T21HUB_20240807T015519,2023-01-23,0.0,66564,"['2022-05-18', '2022-12-09']"
126,-34.4380811,-58.27475037,S2B_MSIL2A_20190409T135119_R024_T21HUB_20201007T001245,2019-04-09,0.0,66564,"['2022-05-18', '2022-12-09']"
126,-34.4380811,-58.27475037,S2B_MSIL2A_20181210T135109_R024_T21HUB_20201008T090312,2018-12-10,0.0,66564,"['2022-05-18', '2022-12-09']"
126,-34.4380811,-58.27475037,S2A_MSIL2A_20240108T134701_R024_T21HUB_20240108T192000,2024-01-08,0.0,66564,"['2022-05-18', '2022-12-09']"
127,-34.43836838,-58.24689195,S2A_MSIL2A_20241113T134701_R024_T21HUB_20241113T183442,2024-11-13,0.0,66564,"['2022-05-18', '2022-12-09']"
127,-34.43836838,-58.24689195,S2B_MSIL2A_20220910T134709_R024_T21HUB_20240719T062456,2022-09-10,0.0,66564,"['2022-05-18', '2022-12-09']"
127,-34.43836838,-58.24689195,S2B_MSIL2A_20210717T135119_R024_T21HUB_20210718T003952,2021-07-17,0.0,66564,"['2022-05-18', '2022-12-09']"
127,-34.43836838,-58.24689195,S2B_MSIL2A_20190129T135109_R024_T21HUB_20201008T054552,2019-01-29,0.0,66564,"['2022-05-18', '2022-12-09']"
127,-34.43836838,-58.24689195,S2A_MSIL2A_20240108T134701_R024_T21HUB_20240108T192000,2024-01-08,0.0,66564,"['2022-05-18', '2022-12-09']"
128,-34.41528703,-58.24654923,S2A_MSIL2A_20200717T135121_R024_T21HUB_20200816T112615,2020-07-17,0.0,66564,"['2022-05-18', '2022-12-09']"
128,-34.41528703,-58.24654923,S2A_MSIL2A_20230811T134711_R024_T21HUC_20240913T104354,2023-08-11,0.0,55212,"['2022-05-18', '2022-12-09']"
128,-34.41528703,-58.24654923,S2A_MSIL2A_20180906T135111_R024_T21HUC_20201011T091505,2018-09-06,0.0,55212,"['2022-05-18', '2022-12-09']"
128,-34.41528703,-58.24654923,S2A_MSIL2A_20160817T140122_R024_T21HUC_20210212T151727,2016-08-17,0.0,55212,"['2022-05-18', '2022-12-09']"
128,-34.41528703,-58.24654923,S2A_MSIL2A_20210113T135111_R024_T21HUC_20210115T042136,2021-01-13,0.0,55212,"['2022-05-18', '2022-12-09']"
129,-34.3922056,-58.24620691,S2B_MSIL2A_20231124T134659_R024_T21HUC_20241029T085303,2023-11-24,0.0,66564,"['2022-05-18', '2022-12-09']"
129,-34.3922056,-58.24620691,S2C_MSIL2A_20250711T135141_R024_T21HUC_20250711T175217,2025-07-11,0.0,66564,"['2022-05-18', '2022-12-09']"
129,-34.3922056,-58.24620691,S2A_MSIL2A_20230222T134701_R024_T21HUB_20230226T153747,2023-02-22,0.0,66564,"['2022-05-18', '2022-12-09']"
129,-34.3922056,-58.24620691,S2A_MSIL2A_20211119T135111_R024_T21HUC_20211120T054209,2021-11-19,0.0,66564,"['2022-05-18', '2022-12-09']"
129,-34.3922056,-58.24620691,S2A_MSIL2A_20160817T140122_R024_T21HUC_20210212T151727,2016-08-17,0.0,66564,"['2022-05-18', '2022-12-09']"
132,-34.951759,-54.940792,S2B_MSIL2A_20240725T133149_R081_T21HXB_20240725T185341,2024-07-25,0.0,34092,"['2020-05-02', '2022-05-20']"
132,-34.951759,-54.940792,S2A_MSIL2A_20230410T133841_R124_T21HXB_20230411T000322,2023-04-10,0.0,33624,"['2020-05-02', '2022-05-20']"
132,-34.951759,-54.940792,S2B_MSIL2A_20170920T133209_R081_T21HXB_20210202T070351,2017-09-20,0.71,33720,"['2020-05-02', '2022-05-20']"
132,-34.951759,-54.940792,S2B_MSIL2A_20180108T133219_R081_T21HXB_20201014T041628,2018-01-08,1.69,32736,"['2020-05-02', '2022-05-20']"
132,-34.951759,-54.940792,S2B_MSIL2A_20180620T134209_R124_T21HXB_20201012T002842,2018-06-20,2.01,34084,"['2020-05-02', '2022-05-20']"
142,45.529167,13.595556,S2B_MSIL2A_20251110T100139_R122_T33TUL_20251110T123825,2025-11-10,0.0,34184,['2016-09-13']
142,45.529167,13.595556,S2C_MSIL2A_20250303T100951_R022_T33TUL_20250303T155811,2025-03-03,0.0,34360,['2016-09-13']
142,45.529167,13.595556,S2A_MSIL2A_20220922T100031_R122_T33TUL_20240725T151050,2022-09-22,0.0,34056,['2016-09-13']
142,45.529167,13.595556,S2B_MSIL2A_20210326T100029_R122_T33TUL_20210327T022916,2021-03-26,0.63,33852,['2016-09-13']
142,45.529167,13.595556,S2A_MSIL2A_20190401T100031_R122_T33TUL_20201006T205357,2019-04-01,0.74,33484,['2016-09-13']
169,58.40145164,8.75710228,S2A_MSIL2A_20180421T105031_R051_T32VMK_20201013T004815,2018-04-21,0.0,63576,['2025-04-06']
169,58.40145164,8.75710228,S2A_MSIL2A_20170506T105031_R051_T32VMK_20210209T132950,2017-05-06,0.0,63560,['2025-04-06']
169,58.40145164,8.75710228,S2B_MSIL2A_20250519T104619_R051_T32VMK_20250519T131031,2025-05-19,0.0,63496,['2025-04-06']
169,58.40145164,8.75710228,S2A_MSIL2A_20230922T104741_R051_T32VMK_20241027T084641,2023-09-22,0.01,63856,['2025-04-06']
169,58.40145164,8.75710228,S2A_MSIL2A_20210211T104151_R008_T32VMK_20210212T053557,2021-02-11,0.07,63140,['2025-04-06']
170,58.4245196,8.800773224,S2B_MSIL2A_20250725T103629_R008_T32VMK_20250725T130225,2025-07-25,0.0,58636,['2025-04-06']
170,58.4245196,8.800773224,S2B_MSIL2A_20190418T104029_R008_T32VMK_20201007T034404,2019-04-18,0.02,58704,['2025-04-06']
170,58.4245196,8.800773224,S2B_MSIL2A_20210609T104619_R051_T32VMK_20210610T210456,2021-06-09,0.02,58496,['2025-04-06']
170,58.4245196,8.800773224,S2A_MSIL2A_20180918T105021_R051_T32VMK_20201009T022042,2018-09-18,0.04,59216,['2025-04-06']
170,58.4245196,8.800773224,S2B_MSIL2A_20190627T104029_R008_T32VMK_20201006T071004,2019-06-27,0.23,58568,['2025-04-06']
171,37.04192354,15.27991523,S2A_MSIL2A_20220323T095031_R079_T33SWB_20220323T234309,2022-03-23,0.0,38648,['2017-05-08']
171,37.04192354,15.27991523,S2A_MSIL2A_20240319T094031_R036_T33SWB_20240319T140942,2024-03-19,0.01,39008,['2017-05-08']
171,37.04192354,15.27991523,S2A_MSIL2A_20240908T095031_R079_T33SWB_20240908T133147,2024-09-08,0.01,37868,['2017-05-08']
171,37.04192354,15.27991523,S2B_MSIL2A_20210708T094029_R036_T33SWB_20210709T055058,2021-07-08,0.72,37612,['2017-05-08']
171,37.04192354,15.27991523,S2B_MSIL2A_20200822T094039_R036_T33SWB_20200825T135212,2020-08-22,0.79,38336,['2017-05-08']
178,40.269,17.712,S2B_MSIL2A_20210228T094029_R036_T34TBK_20210228T221357,2021-02-28,0.0,66564,['2018-07-29']
178,40.269,17.712,S2B_MSIL2A_20231105T094109_R036_T33TYE_20231105T122126,2023-11-05,0.0,66564,['2018-07-29']
178,40.269,17.712,S2B_MSIL2A_20200524T094029_R036_T34TBK_20200910T202207,2020-05-24,0.0,66564,['2018-07-29']
178,40.269,17.712,S2A_MSIL2A_20160430T094032_R036_T33TYE_20210211T072616,2016-04-30,0.0,66564,['2018-07-29']
178,40.269,17.712,S2C_MSIL2A_20251229T094421_R036_T34TBK_20251229T134611,2025-12-29,0.56,66196,['2018-07-29']
179,40.29202591,17.71088312,S2A_MSIL2A_20240717T094031_R036_T34TBK_20240717T200300,2024-07-17,0.0,61008,['2018-07-29']
179,40.29202591,17.71088312,S2A_MSIL2A_20221205T094401_R036_T34TBK_20221205T235059,2022-12-05,0.0,61332,['2018-07-29']
179,40.29202591,17.71088312,S2A_MSIL2A_20220218T094041_R036_T33TYE_20220225T003742,2022-02-18,0.0,61324,['2018-07-29']
179,40.29202591,17.71088312,S2B_MSIL2A_20200524T094029_R036_T34TBK_20200910T202207,2020-05-24,0.01,61088,['2018-07-29']
179,40.29202591,17.71088312,S2B_MSIL2A_20180604T094029_R036_T34TBK_20201026T153604,2018-06-04,0.01,61048,['2018-07-29']
180,40.29287775,17.74095346,S2A_MSIL2A_20220218T094041_R036_T33TYE_20220225T003742,2022-02-18,0.0,48524,['2018-07-29']
180,40.29287775,17.74095346,S2B_MSIL2A_20250607T094029_R036_T33TYE_20250607T115259,2025-06-07,0.0,47224,['2018-07-29']
180,40.29287775,17.74095346,S2A_MSIL2A_20230911T094041_R036_T34TBK_20241024T160641,2023-09-11,0.0,47644,['2018-07-29']
180,40.29287775,17.74095346,S2A_MSIL2A_20250902T094041_R036_T33TYE_20250902T115915,2025-09-02,0.01,47180,['2018-07-29']
180,40.29287775,17.74095346,S2B_MSIL2A_20210708T094029_R036_T34TBK_20210709T044017,2021-07-08,0.15,47212,['2018-07-29']
184,45.75,13.65,S2A_MSIL2A_20230811T101031_R022_T33TUL_20241015T092320,2023-08-11,0.0,42472,"['2015-08-13', '2016-09-23']"
184,45.75,13.65,S2B_MSIL2A_20220702T100559_R022_T33TUL_20240701T053734,2022-07-02,0.0,42568,"['2015-08-13', '2016-09-23']"
184,45.75,13.65,S2B_MSIL2A_20250812T100029_R122_T33TUL_20250812T135806,2025-08-12,0.01,42568,"['2015-08-13', '2016-09-23']"
184,45.75,13.65,S2B_MSIL2A_20220520T100029_R122_T33TUL_20220521T195746,2022-05-20,0.02,42560,"['2015-08-13', '2016-09-23']"
184,45.75,13.65,S2A_MSIL2A_20250610T100041_R122_T33TUL_20250610T135209,2025-06-10,0.02,42536,"['2015-08-13', '2016-09-23']"
185,45.72734827,13.68344598,S2C_MSIL2A_20250807T100041_R122_T33TUL_20250807T122013,2025-08-07,0.0,44232,"['2015-08-13', '2016-09-23']"
185,45.72734827,13.68344598,S2B_MSIL2A_20220702T100559_R022_T33TUL_20240701T053734,2022-07-02,0.0,44288,"['2015-08-13', '2016-09-23']"
185,45.72734827,13.68344598,S2A_MSIL2A_20170312T100021_R122_T33TUL_20210208T215016,2017-03-12,0.0,44456,"['2015-08-13', '2016-09-23']"
185,45.72734827,13.68344598,S2B_MSIL2A_20240731T100559_R022_T33TUL_20240731T125141,2024-07-31,0.01,44200,"['2015-08-13', '2016-09-23']"
185,45.72734827,13.68344598,S2A_MSIL2A_20160807T101032_R022_T33TUL_20210212T115945,2016-08-07,0.01,44188,"['2015-08-13', '2016-09-23']"
188,40.79978561,14.16965528,S2A_MSIL2A_20220912T095611_R122_T33TVF_20240731T073603,2022-09-12,0.0,42920,['2017-07-10']
188,40.79978561,14.16965528,S2B_MSIL2A_20251011T100029_R122_T33TVF_20251011T135640,2025-10-11,0.07,43300,['2017-07-10']
188,40.79978561,14.16965528,S2B_MSIL2A_20190516T100039_R122_T33TVF_20201109T143801,2019-05-16,0.45,42416,['2017-07-10']
188,40.79978561,14.16965528,S2B_MSIL2A_20180421T100029_R122_T33TVF_20201013T010011,2018-04-21,0.6,43016,['2017-07-10']
188,40.79978561,14.16965528,S2A_MSIL2A_20170408T095031_R079_T33TVF_20210209T055102,2017-04-08,0.79,43520,['2017-07-10']
189,40.7767261,14.16994248,S2B_MSIL2A_20181227T100419_R122_T33TVF_20201008T133224,2018-12-27,0.0,66564,['2017-07-10']
189,40.7767261,14.16994248,S2A_MSIL2A_20191204T095401_R079_T33TVF_20201003T003213,2019-12-04,0.0,66564,['2017-07-10']
189,40.7767261,14.16994248,S2B_MSIL2A_20220209T100049_R122_T33TVF_20220220T211430,2022-02-09,0.0,65232,['2017-07-10']
189,40.7767261,14.16994248,S2A_MSIL2A_20191008T100031_R122_T33TVF_20201003T235601,2019-10-08,0.0,66564,['2017-07-10']
189,40.7767261,14.16994248,S2A_MSIL2A_20160930T095022_R079_T33TVF_20210213T060602,2016-09-30,0.0,66564,['2017-07-10']
190,40.77694031,14.20027671,S2A_MSIL2A_20160903T100032_R122_T33TVF_20210212T210243,2016-09-03,0.0,66564,['2017-07-10']
190,40.77694031,14.20027671,S2A_MSIL2A_20170101T100412_R122_T33TVF_20210529T113045,2017-01-01,0.0,66564,['2017-07-10']
190,40.77694031,14.20027671,S2B_MSIL2A_20250918T095029_R079_T33TVF_20250918T123107,2025-09-18,0.0,66564,['2017-07-10']
190,40.77694031,14.20027671,S2A_MSIL2A_20240214T100121_R122_T33TVF_20240214T133932,2024-02-14,0.0,66560,['2017-07-10']
190,40.77694031,14.20027671,S2B_MSIL2A_20180118T095329_R079_T33TVF_20201014T064558,2018-01-18,0.0,66564,['2017-07-10']
191,40.82326617,14.23007852,S2A_MSIL2A_20240812T100031_R122_T33TVF_20240812T155951,2024-08-12,0.0,48108,['2017-07-10']
191,40.82326617,14.23007852,S2B_MSIL2A_20250124T100219_R122_T33TVF_20250124T140013,2025-01-24,0.02,48520,['2017-07-10']
191,40.82326617,14.23007852,S2A_MSIL2A_20220803T100041_R122_T33TVF_20220804T022705,2022-08-03,0.04,47824,['2017-07-10']
191,40.82326617,14.23007852,S2A_MSIL2A_20250501T100041_R122_T33TVF_20250501T165013,2025-05-01,0.04,48012,['2017-07-10']
191,40.82326617,14.23007852,S2B_MSIL2A_20210221T095029_R079_T33TVF_20210221T194811,2021-02-21,0.3,48652,['2017-07-10']
192,44.01,10.08,S2B_MSIL2A_20230707T100559_R022_T32TNP_20240929T030230,2023-07-07,0.0,54900,['2016-06-28']
192,44.01,10.08,S2B_MSIL2A_20240412T100559_R022_T32TNP_20240412T141757,2024-04-12,0.0,55004,['2016-06-28']
192,44.01,10.08,S2A_MSIL2A_20240128T101301_R022_T32TNP_20240128T132020,2024-01-28,0.0,54748,['2016-06-28']
192,44.01,10.08,S2A_MSIL2A_20230506T101601_R065_T32TNP_20230506T173645,2023-05-06,0.0,54976,['2016-06-28']
192,44.01,10.08,S2A_MSIL2A_20161115T101302_R022_T32TNP_20210414T103052,2016-11-15,0.12,54972,['2016-06-28']
194,44.08329881,9.888385883,S2A_MSIL2A_20220620T102041_R065_T32TNP_20240628T034130,2022-06-20,0.0,33016,['2016-07-11']
194,44.08329881,9.888385883,S2A_MSIL2A_20221018T102031_R065_T32TNP_20240802T013810,2022-10-18,0.01,33152,['2016-07-11']
194,44.08329881,9.888385883,S2B_MSIL2A_20240313T100709_R022_T32TNP_20240313T145203,2024-03-13,0.01,33336,['2016-07-11']
194,44.08329881,9.888385883,S2B_MSIL2A_20240512T100559_R022_T32TNP_20240512T142848,2024-05-12,0.01,33352,['2016-07-11']
194,44.08329881,9.888385883,S2B_MSIL2A_20180921T101019_R022_T32TNP_20201009T033226,2018-09-21,0.51,33316,['2016-07-11']
197,43.53039735,16.41832835,S2B_MSIL2A_20230323T095029_R079_T33TXJ_20230323T182743,2023-03-23,0.0,60272,['2015-08-27']
197,43.53039735,16.41832835,S2B_MSIL2A_20240814T094549_R079_T33TXJ_20240814T123852,2024-08-14,0.0,60280,['2015-08-27']
197,43.53039735,16.41832835,S2B_MSIL2A_20251227T095329_R079_T33TXJ_20251227T115656,2025-12-27,0.04,60452,['2015-08-27']
197,43.53039735,16.41832835,S2A_MSIL2A_20170128T095241_R079_T33TXJ_20210207T225526,2017-01-28,0.31,60500,['2015-08-27']
197,43.53039735,16.41832835,S2B_MSIL2A_20170801T095029_R079_T33TXJ_20210210T175919,2017-08-01,0.58,59976,['2015-08-27']
198,41.19349939,16.68008448,S2C_MSIL2A_20260227T094031_R036_T33TXF_20260227T133409,2026-02-27,0.0,55640,['2016-06-12']
198,41.19349939,16.68008448,S2B_MSIL2A_20241013T095029_R079_T33TXF_20241013T123235,2024-10-13,0.0,55664,['2016-06-12']
198,41.19349939,16.68008448,S2C_MSIL2A_20250712T094101_R036_T33TXF_20250712T130215,2025-07-12,0.0,55476,['2016-06-12']
198,41.19349939,16.68008448,S2A_MSIL2A_20221225T094411_R036_T33TXF_20221226T074530,2022-12-25,0.0,55676,['2016-06-12']
198,41.19349939,16.68008448,S2A_MSIL2A_20221108T095221_R079_T33TXF_20221109T075428,2022-11-08,0.0,54984,['2016-06-12']
199,41.16954296,16.74050397,S2C_MSIL2A_20260227T094031_R036_T33TXF_20260227T133409,2026-02-27,0.0,37684,['2016-06-12']
199,41.16954296,16.74050397,S2A_MSIL2A_20230713T094041_R036_T33TXF_20230713T173550,2023-07-13,0.0,36940,['2016-06-12']
199,41.16954296,16.74050397,S2B_MSIL2A_20220613T094039_R036_T33TXF_20240620T035150,2022-06-13,0.0,37320,['2016-06-12']
199,41.16954296,16.74050397,S2A_MSIL2A_20220211T095131_R079_T33TXF_20220221T190624,2022-02-11,0.0,37628,['2016-06-12']
199,41.16954296,16.74050397,S2C_MSIL2A_20250712T094101_R036_T33TXF_20250712T130215,2025-07-12,0.0,37508,['2016-06-12']
203,27.32340048,-82.59446898,S2B_MSIL2A_20221025T160339_R097_T17RLL_20240724T153558,2022-10-25,0.14,55460,"['2018-08-17', '2018-11-10', '2018-12-30', '2021-08-01']"
203,27.32340048,-82.59446898,S2C_MSIL2A_20251024T160341_R097_T17RLL_20251024T191119,2025-10-24,0.15,55656,"['2018-08-17', '2018-11-10', '2018-12-30', '2021-08-01']"
203,27.32340048,-82.59446898,S2B_MSIL2A_20241223T160609_R097_T17RLL_20241223T200412,2024-12-23,1.28,55592,"['2018-08-17', '2018-11-10', '2018-12-30', '2021-08-01']"
203,27.32340048,-82.59446898,S2C_MSIL2A_20250226T160251_R097_T17RLL_20250226T192212,2025-02-26,1.72,55680,"['2018-08-17', '2018-11-10', '2018-12-30', '2021-08-01']"
203,27.32340048,-82.59446898,S2B_MSIL2A_20190325T155909_R097_T17RLL_20201007T104123,2019-03-25,2.23,54896,"['2018-08-17', '2018-11-10', '2018-12-30', '2021-08-01']"
205,27.8121,-82.81915,S2B_MSIL2A_20230811T155829_R097_T17RLL_20241025T121853,2023-08-11,0.47,52612,"['2018-10-31', '2021-06-12']"
205,27.8121,-82.81915,S2A_MSIL2A_20220821T155921_R097_T17RLL_20240704T072134,2022-08-21,0.75,52472,"['2018-10-31', '2021-06-12']"
205,27.8121,-82.81915,S2B_MSIL2A_20241223T160609_R097_T17RLL_20241223T200412,2024-12-23,1.19,53480,"['2018-10-31', '2021-06-12']"
205,27.8121,-82.81915,S2B_MSIL2A_20200228T160119_R097_T17RLL_20200929T020600,2020-02-28,3.27,51940,"['2018-10-31', '2021-06-12']"
205,27.8121,-82.81915,S2A_MSIL2A_20170926T160021_R097_T17RLL_20210202T100821,2017-09-26,3.5,52012,"['2018-10-31', '2021-06-12']"
207,27.78934067,-82.79279185,S2A_MSIL2A_20230207T160431_R097_T17RLL_20240812T220006,2023-02-07,0.4,50072,"['2018-10-31', '2021-07-17', '2021-10-10']"
207,27.78934067,-82.79279185,S2B_MSIL2A_20220508T155819_R097_T17RLL_20240611T235210,2022-05-08,0.52,48680,"['2018-10-31', '2021-07-17', '2021-10-10']"
207,27.78934067,-82.79279185,S2A_MSIL2A_20220304T160151_R097_T17RLL_20240528T224642,2022-03-04,1.37,49916,"['2018-10-31', '2021-07-17', '2021-10-10']"
207,27.78934067,-82.79279185,S2B_MSIL2A_20181225T160659_R097_T17RLL_20201008T130146,2018-12-25,2.79,49248,"['2018-10-31', '2021-07-17', '2021-10-10']"
207,27.78934067,-82.79279185,S2B_MSIL2A_20200228T160119_R097_T17RLL_20200929T020600,2020-02-28,3.56,48500,"['2018-10-31', '2021-07-17', '2021-10-10']"
208,26.19506346,-81.82374551,S2B_MSIL2A_20250112T160529_R097_T17RMK_20250112T210836,2025-01-12,0.0,57876,"['2019-11-20', '2023-02-22']"
208,26.19506346,-81.82374551,S2A_MSIL2A_20190728T155911_R097_T17RMK_20201106T040324,2019-07-28,0.49,54456,"['2019-11-20', '2023-02-22']"
208,26.19506346,-81.82374551,S2B_MSIL2A_20210222T160149_R097_T17RMK_20210228T123147,2021-02-22,0.79,55628,"['2019-11-20', '2023-02-22']"
208,26.19506346,-81.82374551,S2A_MSIL2A_20180124T160541_R097_T17RMJ_20201014T082103,2018-01-24,1.39,55932,"['2019-11-20', '2023-02-22']"
208,26.19506346,-81.82374551,S2B_MSIL2A_20220118T160559_R097_T17RMJ_20220119T155146,2022-01-18,2.09,56332,"['2019-11-20', '2023-02-22']"
209,26.14883647,-81.82342069,S2B_MSIL2A_20241123T160509_R097_T17RMK_20241123T202829,2024-11-23,0.0,66564,['2023-02-22']
209,26.14883647,-81.82342069,S2A_MSIL2A_20180822T155901_R097_T17RMK_20201011T052150,2018-08-22,0.0,66564,['2023-02-22']
209,26.14883647,-81.82342069,S2A_MSIL2A_20220212T160401_R097_T17RMK_20220222T094211,2022-02-12,0.0,66544,['2023-02-22']
209,26.14883647,-81.82342069,S2B_MSIL2A_20250112T160529_R097_T17RMK_20250112T210836,2025-01-12,0.0,66556,['2023-02-22']
209,26.14883647,-81.82342069,S2B_MSIL2A_20231219T160659_R097_T17RMJ_20231222T001228,2023-12-19,0.01,66544,['2023-02-22']
210,26.798,-82.231,S2B_MSIL2A_20190623T155829_R097_T17RLK_20201006T053548,2019-06-23,0.0,56256,['2019-11-10']
210,26.798,-82.231,S2B_MSIL2A_20221025T160339_R097_T17RLK_20240724T153558,2022-10-25,0.0,59524,['2019-11-10']
210,26.798,-82.231,S2B_MSIL2A_20250820T155819_R097_T17RLK_20250820T211624,2025-08-20,0.0,57852,['2019-11-10']
210,26.798,-82.231,S2B_MSIL2A_20201124T160609_R097_T17RLK_20201125T192103,2020-11-24,0.0,55864,['2019-11-10']
210,26.798,-82.231,S2A_MSIL2A_20190119T160601_R097_T17RLK_20201008T024952,2019-01-19,0.0,56264,['2019-11-10']
211,26.77466546,-82.25649598,S2B_MSIL2A_20260328T155859_R097_T17RLK_20260328T200110,2026-03-28,0.0,54876,['2019-11-10']
211,26.77466546,-82.25649598,S2B_MSIL2A_20241004T160029_R097_T17RLK_20241004T212302,2024-10-04,0.42,54020,['2019-11-10']
211,26.77466546,-82.25649598,S2B_MSIL2A_20220518T155819_R097_T17RLK_20220520T110426,2022-05-18,0.54,52768,['2019-11-10']
211,26.77466546,-82.25649598,S2B_MSIL2A_20200408T155819_R097_T17RLK_20200925T140327,2020-04-08,0.65,52608,['2019-11-10']
211,26.77466546,-82.25649598,S2B_MSIL2A_20230222T160249_R097_T17RLK_20230223T115256,2023-02-22,0.89,54280,['2019-11-10']
212,26.77511277,-82.20500507,S2C_MSIL2A_20250226T160251_R097_T17RLK_20250226T192212,2025-02-26,0.0,60916,['2019-11-10']
212,26.77511277,-82.20500507,S2C_MSIL2A_20251113T160531_R097_T17RLK_20251113T194111,2025-11-13,0.0,60124,['2019-11-10']
212,26.77511277,-82.20500507,S2B_MSIL2A_20241024T160239_R097_T17RLK_20241024T213906,2024-10-24,0.0,60208,['2019-11-10']
212,26.77511277,-82.20500507,S2B_MSIL2A_20240507T155819_R097_T17RLK_20240507T222607,2024-05-07,0.0,61000,['2019-11-10']
212,26.77511277,-82.20500507,S2A_MSIL2A_20180414T155901_R097_T17RLK_20201012T221013,2018-04-14,0.01,58976,['2019-11-10']
213,26.92467,-82.36189,S2A_MSIL2A_20230207T160431_R097_T17RLK_20230208T154903,2023-02-07,0.0,52176,"['2016-10-01', '2018-06-23', '2018-09-16']"
213,26.92467,-82.36189,S2A_MSIL2A_20230508T155901_R097_T17RLK_20230509T022430,2023-05-08,0.0,51492,"['2016-10-01', '2018-06-23', '2018-09-16']"
213,26.92467,-82.36189,S2B_MSIL2A_20240726T155819_R097_T17RLK_20240726T201315,2024-07-26,0.25,51660,"['2016-10-01', '2018-06-23', '2018-09-16']"
213,26.92467,-82.36189,S2A_MSIL2A_20191215T160651_R097_T17RLK_20201003T051405,2019-12-15,1.69,51136,"['2016-10-01', '2018-06-23', '2018-09-16']"
213,26.92467,-82.36189,S2A_MSIL2A_20200304T160131_R097_T17RLK_20201101T170705,2020-03-04,2.81,50868,"['2016-10-01', '2018-06-23', '2018-09-16']"
215,26.98609046,-82.41172462,S2B_MSIL2A_20220607T155819_R097_T17RLK_20240629T221338,2022-06-07,0.0,63376,"['2021-08-21', '2021-10-10']"
215,26.98609046,-82.41172462,S2B_MSIL2A_20230513T155829_R097_T17RLK_20230514T005127,2023-05-13,0.07,63252,"['2021-08-21', '2021-10-10']"
215,26.98609046,-82.41172462,S2B_MSIL2A_20231119T160549_R097_T17RLK_20241019T084741,2023-11-19,0.13,62644,"['2021-08-21', '2021-10-10']"
215,26.98609046,-82.41172462,S2B_MSIL2A_20171031T160359_R097_T17RLK_20201015T033024,2017-10-31,0.43,63300,"['2021-08-21', '2021-10-10']"
215,26.98609046,-82.41172462,S2A_MSIL2A_20190429T155911_R097_T17RLK_20201105T221145,2019-04-29,0.46,63048,"['2021-08-21', '2021-10-10']"
216,26.87405829,-82.33851695,S2C_MSIL2A_20250318T160021_R097_T17RLK_20250318T212400,2025-03-18,0.76,62076,['2018-07-28']
216,26.87405829,-82.33851695,S2B_MSIL2A_20201124T160609_R097_T17RLK_20201125T192103,2020-11-24,1.0,61912,['2018-07-28']
216,26.87405829,-82.33851695,S2B_MSIL2A_20171120T160539_R097_T17RLK_20201014T211532,2017-11-20,1.18,61836,['2018-07-28']
216,26.87405829,-82.33851695,S2B_MSIL2A_20210413T155819_R097_T17RLK_20210414T112048,2021-04-13,1.26,61840,['2018-07-28']
216,26.87405829,-82.33851695,S2B_MSIL2A_20190223T160249_R097_T17RLK_20201007T195907,2019-02-23,1.27,61868,['2018-07-28']
217,26.85119244,-82.31248324,S2B_MSIL2A_20240207T160429_R097_T17RLK_20240207T220711,2024-02-07,0.01,52584,"['2018-07-28', '2021-08-21']"
217,26.85119244,-82.31248324,S2A_MSIL2A_20180414T155901_R097_T17RLK_20201012T221013,2018-04-14,1.39,50504,"['2018-07-28', '2021-08-21']"
217,26.85119244,-82.31248324,S2B_MSIL2A_20260328T155859_R097_T17RLK_20260328T200110,2026-03-28,1.48,52700,"['2018-07-28', '2021-08-21']"
217,26.85119244,-82.31248324,S2A_MSIL2A_20210128T160521_R097_T17RLK_20210129T081603,2021-01-28,1.87,51004,"['2018-07-28', '2021-08-21']"
217,26.85119244,-82.31248324,S2A_MSIL2A_20210528T155901_R097_T17RLK_20210529T045824,2021-05-28,2.22,50360,"['2018-07-28', '2021-08-21']"
218,26.538,-82.1257,S2A_MSIL2A_20180414T155901_R097_T17RLK_20201012T221013,2018-04-14,0.0,62544,['2019-11-20']
218,26.538,-82.1257,S2B_MSIL2A_20210314T155929_R097_T17RLK_20210315T193904,2021-03-14,0.0,62372,['2019-11-20']
218,26.538,-82.1257,S2A_MSIL2A_20170926T160021_R097_T17RLK_20210202T100817,2017-09-26,0.0,62404,['2019-11-20']
218,26.538,-82.1257,S2B_MSIL2A_20220329T155819_R097_T17RLK_20220330T043156,2022-03-29,0.0,62504,['2019-11-20']
218,26.538,-82.1257,S2B_MSIL2A_20250112T160529_R097_T17RLK_20250112T210836,2025-01-12,0.02,64220,['2019-11-20']
219,26.56111019,-82.12592571,S2C_MSIL2A_20250226T160251_R097_T17RLK_20250226T192212,2025-02-26,0.0,55296,['2019-11-20']
219,26.56111019,-82.12592571,S2A_MSIL2A_20161021T160402_R097_T17RLK_20210213T130414,2016-10-21,0.0,53396,['2019-11-20']
219,26.56111019,-82.12592571,S2A_MSIL2A_20230627T155821_R097_T17RLK_20230628T022813,2023-06-27,0.0,54892,['2019-11-20']
219,26.56111019,-82.12592571,S2A_MSIL2A_20221129T160621_R097_T17RLK_20221201T184802,2022-11-29,0.0,57744,['2019-11-20']
219,26.56111019,-82.12592571,S2B_MSIL2A_20240527T155819_R097_T17RLK_20240527T222100,2024-05-27,0.0,55504,['2019-11-20']
221,30.380195,-86.410664,S2B_MSIL2A_20220603T161829_R040_T16REU_20220604T074159,2022-06-03,0.0,32732,['2021-10-26']
221,30.380195,-86.410664,S2A_MSIL2A_20230203T162501_R040_T16REU_20240812T120723,2023-02-03,1.01,33104,['2021-10-26']
221,30.380195,-86.410664,S2A_MSIL2A_20220817T161841_R040_T16REU_20220818T084430,2022-08-17,1.17,32736,['2021-10-26']
221,30.380195,-86.410664,S2B_MSIL2A_20240423T161829_R040_T16REU_20240423T211303,2024-04-23,1.45,32536,['2021-10-26']
221,30.380195,-86.410664,S2A_MSIL2A_20250505T162701_R040_T16REU_20250506T033500,2025-05-05,1.54,32112,['2021-10-26']
222,30.4032954,-86.41052532,S2B_MSIL2A_20240622T161829_R040_T16REU_20240622T220124,2024-06-22,0.0,39772,['2021-10-26']
222,30.4032954,-86.41052532,S2B_MSIL2A_20250816T161829_R040_T16REU_20250816T201128,2025-08-16,0.0,39972,['2021-10-26']
222,30.4032954,-86.41052532,S2B_MSIL2A_20221001T162059_R040_T16REU_20240724T022521,2022-10-01,0.0,40088,['2021-10-26']
222,30.4032954,-86.41052532,S2A_MSIL2A_20170515T162341_R040_T16REU_20210209T154415,2017-05-15,0.24,39768,['2021-10-26']
222,30.4032954,-86.41052532,S2A_MSIL2A_20170912T161901_R040_T16REU_20210202T010228,2017-09-12,0.93,39844,['2021-10-26']
223,30.38031245,-86.4373077,S2B_MSIL2A_20250319T161909_R040_T16REU_20250319T215748,2025-03-19,0.0,38472,['2021-10-26']
223,30.38031245,-86.4373077,S2B_MSIL2A_20230628T161829_R040_T16REU_20230629T051516,2023-06-28,0.07,38028,['2021-10-26']
223,30.38031245,-86.4373077,S2A_MSIL2A_20220817T161841_R040_T16REU_20220818T084430,2022-08-17,0.51,38324,['2021-10-26']
223,30.38031245,-86.4373077,S2A_MSIL2A_20200330T161901_R040_T16REU_20201021T063951,2020-03-30,4.43,37900,['2021-10-26']
223,30.38031245,-86.4373077,S2A_MSIL2A_20181116T162541_R040_T16REU_20201008T190306,2018-11-16,5.35,38372,['2021-10-26']
224,30.4031724,-86.38387551,S2C_MSIL2A_20250413T161851_R040_T16REU_20250413T212014,2025-04-13,0.0,60112,['2021-10-26']
224,30.4031724,-86.38387551,S2A_MSIL2A_20230213T162401_R040_T16REU_20240816T014207,2023-02-13,0.0,60284,['2021-10-26']
224,30.4031724,-86.38387551,S2A_MSIL2A_20191201T162641_R040_T16REU_20201030T192131,2019-12-01,0.12,60340,['2021-10-26']
224,30.4031724,-86.38387551,S2A_MSIL2A_20170912T161901_R040_T16REU_20210202T010228,2017-09-12,0.12,60132,['2021-10-26']
224,30.4031724,-86.38387551,S2A_MSIL2A_20190803T161911_R040_T16REU_20201004T195453,2019-08-03,0.12,60092,['2021-10-26']
225,26.6691231,-82.26550146,S2C_MSIL2A_20250206T160501_R097_T17RLK_20250206T192610,2025-02-06,0.0,61140,['2019-11-10']
225,26.6691231,-82.26550146,S2B_MSIL2A_20231119T160549_R097_T17RLK_20241019T084741,2023-11-19,0.52,58984,['2019-11-10']
225,26.6691231,-82.26550146,S2B_MSIL2A_20201124T160609_R097_T17RLK_20201125T192103,2020-11-24,1.64,59776,['2019-11-10']
225,26.6691231,-82.26550146,S2A_MSIL2A_20200503T155911_R097_T17RLK_20200920T080007,2020-05-03,1.67,59848,['2019-11-10']
225,26.6691231,-82.26550146,S2A_MSIL2A_20200801T155911_R097_T17RLK_20200815T175016,2020-08-01,1.92,59524,['2019-11-10']
226,26.69223169,-82.26575664,S2B_MSIL2A_20250112T160529_R097_T17RLK_20250112T210836,2025-01-12,0.0,54964,"['2018-07-28', '2018-11-10', '2019-11-10']"
226,26.69223169,-82.26575664,S2B_MSIL2A_20231119T160549_R097_T17RLK_20241019T084741,2023-11-19,0.21,52972,"['2018-07-28', '2018-11-10', '2019-11-10']"
226,26.69223169,-82.26575664,S2C_MSIL2A_20260221T160301_R097_T17RLK_20260221T192217,2026-02-21,0.86,54148,"['2018-07-28', '2018-11-10', '2019-11-10']"
226,26.69223169,-82.26575664,S2A_MSIL2A_20161001T160052_R097_T17RLK_20210213T062946,2016-10-01,0.91,53580,"['2018-07-28', '2018-11-10', '2019-11-10']"
226,26.69223169,-82.26575664,S2A_MSIL2A_20240212T160401_R097_T17RLK_20240212T230751,2024-02-12,1.08,53480,"['2018-07-28', '2018-11-10', '2019-11-10']"
227,26.71534019,-82.26601214,S2B_MSIL2A_20240417T155819_R097_T17RLK_20240417T231836,2024-04-17,0.0,62088,"['2018-07-28', '2018-11-10', '2019-11-10', '2019-11-20']"
227,26.71534019,-82.26601214,S2B_MSIL2A_20221005T160119_R097_T17RLK_20221006T091333,2022-10-05,0.0,62096,"['2018-07-28', '2018-11-10', '2019-11-10', '2019-11-20']"
227,26.71534019,-82.26601214,S2A_MSIL2A_20220712T155921_R097_T17RLK_20220714T004636,2022-07-12,0.51,61468,"['2018-07-28', '2018-11-10', '2019-11-10', '2019-11-20']"
227,26.71534019,-82.26601214,S2B_MSIL2A_20230222T160249_R097_T17RLK_20230223T115256,2023-02-22,0.95,61904,"['2018-07-28', '2018-11-10', '2019-11-10', '2019-11-20']"
227,26.71534019,-82.26601214,S2A_MSIL2A_20161110T160502_R097_T17RLK_20210414T034146,2016-11-10,1.32,61096,"['2018-07-28', '2018-11-10', '2019-11-10', '2019-11-20']"
228,26.2073,-81.8169,S2B_MSIL2A_20230403T155829_R097_T17RMJ_20230403T223912,2023-04-03,0.18,36448,"['2018-08-22', '2019-11-20']"
228,26.2073,-81.8169,S2B_MSIL2A_20241123T160509_R097_T17RMK_20241123T202829,2024-11-23,0.57,38800,"['2018-08-22', '2019-11-20']"
228,26.2073,-81.8169,S2B_MSIL2A_20220607T155819_R097_T17RMK_20240629T221338,2022-06-07,1.37,36180,"['2018-08-22', '2019-11-20']"
228,26.2073,-81.8169,S2A_MSIL2A_20190129T160521_R097_T17RMJ_20201008T053756,2019-01-29,2.85,35288,"['2018-08-22', '2019-11-20']"
228,26.2073,-81.8169,S2A_MSIL2A_20230905T155821_R097_T17RMJ_20230906T021251,2023-09-05,3.97,35556,"['2018-08-22', '2019-11-20']"
229,26.18418654,-81.81673876,S2A_MSIL2A_20220930T160051_R097_T17RMK_20240726T095241,2022-09-30,0.0,43380,"['2018-08-22', '2019-11-20']"
229,26.18418654,-81.81673876,S2A_MSIL2A_20221129T160621_R097_T17RMK_20221201T183201,2022-11-29,0.34,43448,"['2018-08-22', '2019-11-20']"
229,26.18418654,-81.81673876,S2B_MSIL2A_20200408T155819_R097_T17RMK_20200925T140337,2020-04-08,1.81,41644,"['2018-08-22', '2019-11-20']"
229,26.18418654,-81.81673876,S2B_MSIL2A_20200925T155929_R097_T17RMJ_20200926T220841,2020-09-25,2.51,41616,"['2018-08-22', '2019-11-20']"
229,26.18418654,-81.81673876,S2A_MSIL2A_20200203T160451_R097_T17RMJ_20200930T153529,2020-02-03,3.3,42428,"['2018-08-22', '2019-11-20']"
232,27.05676277,-82.46940713,S2B_MSIL2A_20200109T160629_R097_T17RLK_20201029T181417,2020-01-09,0.0,66564,['2018-07-28']
232,27.05676277,-82.46940713,S2B_MSIL2A_20231119T160549_R097_T17RLK_20241019T084741,2023-11-19,0.0,66564,['2018-07-28']
232,27.05676277,-82.46940713,S2A_MSIL2A_20230207T160431_R097_T17RLK_20230208T154903,2023-02-07,0.0,66564,['2018-07-28']
232,27.05676277,-82.46940713,S2A_MSIL2A_20181031T160411_R097_T17RLK_20201009T170537,2018-10-31,0.0,66564,['2018-07-28']
232,27.05676277,-82.46940713,S2B_MSIL2A_20240527T155819_R097_T17RLK_20240527T222100,2024-05-27,0.0,66564,['2018-07-28']
234,26.46236169,-81.96634289,S2A_MSIL2A_20230518T155901_R097_T17RLK_20230519T015659,2023-05-18,0.1,56052,"['2018-08-07', '2018-09-26']"
234,26.46236169,-81.96634289,S2C_MSIL2A_20250226T160251_R097_T17RLK_20250226T192212,2025-02-26,0.31,55872,"['2018-08-07', '2018-09-26']"
234,26.46236169,-81.96634289,S2A_MSIL2A_20230108T160641_R097_T17RLK_20240812T081749,2023-01-08,0.9,55620,"['2018-08-07', '2018-09-26']"
234,26.46236169,-81.96634289,S2A_MSIL2A_20190129T160521_R097_T17RMK_20201008T053759,2019-01-29,1.66,53920,"['2018-08-07', '2018-09-26']"
234,26.46236169,-81.96634289,S2B_MSIL2A_20190424T155829_R097_T17RMK_20201105T173338,2019-04-24,2.19,53360,"['2018-08-07', '2018-09-26']"
235,26.43942123,-81.94047718,S2A_MSIL2A_20230915T155901_R097_T17RLK_20241103T091138,2023-09-15,0.0,54216,"['2018-08-07', '2018-09-26']"
235,26.43942123,-81.94047718,S2B_MSIL2A_20230722T155829_R097_T17RLK_20230722T235838,2023-07-22,0.49,53868,"['2018-08-07', '2018-09-26']"
235,26.43942123,-81.94047718,S2A_MSIL2A_20250926T160701_R097_T17RLK_20250927T002916,2025-09-26,1.29,53556,"['2018-08-07', '2018-09-26']"
235,26.43942123,-81.94047718,S2B_MSIL2A_20241213T160559_R097_T17RLK_20241213T200052,2024-12-13,2.0,53460,"['2018-08-07', '2018-09-26']"
235,26.43942123,-81.94047718,S2B_MSIL2A_20190703T155829_R097_T17RLK_20201005T085413,2019-07-03,5.81,52168,"['2018-08-07', '2018-09-26']"
236,26.488,-82.1815,S2B_MSIL2A_20220806T155829_R097_T17RLK_20220807T204734,2022-08-06,0.03,35216,['2019-11-20']
236,26.488,-82.1815,S2B_MSIL2A_20230403T155829_R097_T17RLK_20230403T223915,2023-04-03,0.07,38120,['2019-11-20']
236,26.488,-82.1815,S2A_MSIL2A_20170926T160021_R097_T17RLK_20210202T100817,2017-09-26,1.67,35472,['2019-11-20']
236,26.488,-82.1815,S2A_MSIL2A_20210128T160521_R097_T17RLK_20210129T081603,2021-01-28,2.1,35336,['2019-11-20']
236,26.488,-82.1815,S2B_MSIL2A_20190524T155829_R097_T17RLK_20201006T175852,2019-05-24,2.38,34340,['2019-11-20']
240,27.67601768,-82.7020007,S2A_MSIL2A_20211124T160611_R097_T17RLL_20211125T043051,2021-11-24,0.0,64600,['2018-10-31']
240,27.67601768,-82.7020007,S2A_MSIL2A_20160214T160352_R097_T17RLL_20210528T063444,2016-02-14,0.0,64440,['2018-10-31']
240,27.67601768,-82.7020007,S2A_MSIL2A_20201030T160411_R097_T17RLL_20201101T214348,2020-10-30,0.0,64656,['2018-10-31']
240,27.67601768,-82.7020007,S2A_MSIL2A_20231104T160431_R097_T17RLL_20231104T224159,2023-11-04,0.0,64620,['2018-10-31']
240,27.67601768,-82.7020007,S2B_MSIL2A_20220508T155819_R097_T17RLL_20240611T235210,2022-05-08,0.0,64660,['2018-10-31']
245,27.461749,-82.698231,S2B_MSIL2A_20260328T155859_R097_T17RLL_20260328T200110,2026-03-28,0.41,57008,"['2018-08-07', '2018-09-21', '2023-03-04']"
245,27.461749,-82.698231,S2B_MSIL2A_20220329T155819_R097_T17RLL_20220330T040452,2022-03-29,0.8,56348,"['2018-08-07', '2018-09-21', '2023-03-04']"
245,27.461749,-82.698231,S2B_MSIL2A_20220508T155819_R097_T17RLL_20240611T235210,2022-05-08,1.0,56132,"['2018-08-07', '2018-09-21', '2023-03-04']"
245,27.461749,-82.698231,S2A_MSIL2A_20240323T155921_R097_T17RLL_20240324T002120,2024-03-23,1.01,56784,"['2018-08-07', '2018-09-21', '2023-03-04']"
245,27.461749,-82.698231,S2C_MSIL2A_20250417T155921_R097_T17RLL_20250418T083115,2025-04-17,1.22,56768,"['2018-08-07', '2018-09-21', '2023-03-04']"
246,27.43864747,-82.69787712,S2A_MSIL2A_20220212T160401_R097_T17RLL_20220222T094909,2022-02-12,0.21,60228,"['2018-08-07', '2018-08-17', '2018-09-21', '2023-03-04']"
246,27.43864747,-82.69787712,S2B_MSIL2A_20241203T160539_R097_T17RLL_20241203T200858,2024-12-03,0.56,60068,"['2018-08-07', '2018-08-17', '2018-09-21', '2023-03-04']"
246,27.43864747,-82.69787712,S2B_MSIL2A_20221025T160339_R097_T17RLL_20240724T153558,2022-10-25,0.63,60108,"['2018-08-07', '2018-08-17', '2018-09-21', '2023-03-04']"
246,27.43864747,-82.69787712,S2A_MSIL2A_20240502T155901_R097_T17RLL_20240503T001348,2024-05-02,1.06,60080,"['2018-08-07', '2018-08-17', '2018-09-21', '2023-03-04']"
246,27.43864747,-82.69787712,S2A_MSIL2A_20160802T155912_R097_T17RLL_20210212T102714,2016-08-02,1.82,59996,"['2018-08-07', '2018-08-17', '2018-09-21', '2023-03-04']"
247,26.62802627,-82.23865777,S2A_MSIL2A_20230508T155901_R097_T17RLK_20230509T022430,2023-05-08,0.0,62812,"['2018-08-17', '2018-09-16']"
247,26.62802627,-82.23865777,S2A_MSIL2A_20230627T155821_R097_T17RLK_20230628T022813,2023-06-27,0.9,62180,"['2018-08-17', '2018-09-16']"
247,26.62802627,-82.23865777,S2A_MSIL2A_20200503T155911_R097_T17RLK_20200920T080007,2020-05-03,1.38,61092,"['2018-08-17', '2018-09-16']"
247,26.62802627,-82.23865777,S2B_MSIL2A_20200905T155829_R097_T17RLK_20201027T145935,2020-09-05,1.46,60924,"['2018-08-17', '2018-09-16']"
247,26.62802627,-82.23865777,S2B_MSIL2A_20190623T155829_R097_T17RLK_20201006T053548,2019-06-23,1.59,61068,"['2018-08-17', '2018-09-16']"
248,26.65113523,-82.23890709,S2C_MSIL2A_20251113T160531_R097_T17RLK_20251113T194111,2025-11-13,0.56,45120,"['2018-09-16', '2020-10-15']"
248,26.65113523,-82.23890709,S2C_MSIL2A_20260221T160301_R097_T17RLK_20260221T192217,2026-02-21,0.89,45272,"['2018-09-16', '2020-10-15']"
248,26.65113523,-82.23890709,S2A_MSIL2A_20181230T160651_R097_T17RLK_20201008T141453,2018-12-30,1.55,44008,"['2018-09-16', '2020-10-15']"
248,26.65113523,-82.23890709,S2B_MSIL2A_20211109T160459_R097_T17RLK_20211110T021037,2021-11-09,1.65,43492,"['2018-09-16', '2020-10-15']"
248,26.65113523,-82.23890709,S2B_MSIL2A_20191110T160459_R097_T17RLK_20201003T151338,2019-11-10,1.67,43688,"['2018-09-16', '2020-10-15']"
251,27.736603,-82.731398,S2B_MSIL2A_20240825T155819_R097_T17RLL_20240825T202603,2024-08-25,0.01,55100,['2018-10-21']
251,27.736603,-82.731398,S2C_MSIL2A_20250616T155841_R097_T17RLL_20250616T213617,2025-06-16,0.74,55516,['2018-10-21']
251,27.736603,-82.731398,S2A_MSIL2A_20220821T155921_R097_T17RLL_20240704T072134,2022-08-21,2.56,54704,['2018-10-21']
251,27.736603,-82.731398,S2A_MSIL2A_20190129T160521_R097_T17RLL_20201008T053757,2019-01-29,3.27,54876,['2018-10-21']
251,27.736603,-82.731398,S2A_MSIL2A_20170926T160021_R097_T17RLL_20210202T100821,2017-09-26,3.35,53684,['2018-10-21']
252,27.73627559,-82.75735975,S2B_MSIL2A_20230324T155919_R097_T17RLL_20230325T012139,2023-03-24,0.18,48456,"['2018-10-21', '2018-11-10']"
252,27.73627559,-82.75735975,S2B_MSIL2A_20240626T155819_R097_T17RLL_20240627T002627,2024-06-26,0.18,47792,"['2018-10-21', '2018-11-10']"
252,27.73627559,-82.75735975,S2B_MSIL2A_20220329T155819_R097_T17RLL_20220330T040452,2022-03-29,0.43,48356,"['2018-10-21', '2018-11-10']"
252,27.73627559,-82.75735975,S2B_MSIL2A_20260206T160339_R097_T17RLL_20260206T213114,2026-02-06,0.45,48772,"['2018-10-21', '2018-11-10']"
252,27.73627559,-82.75735975,S2B_MSIL2A_20230702T155829_R097_T17RLL_20230703T001320,2023-07-02,0.75,47508,"['2018-10-21', '2018-11-10']"
253,26.45157,-82.01543,S2C_MSIL2A_20251024T160341_R097_T17RLK_20251024T191119,2025-10-24,0.12,57544,"['2018-09-01', '2018-11-10']"
253,26.45157,-82.01543,S2A_MSIL2A_20250509T160701_R097_T17RLK_20250509T224859,2025-05-09,0.48,57292,"['2018-09-01', '2018-11-10']"
253,26.45157,-82.01543,S2B_MSIL2A_20250112T160529_R097_T17RLK_20250112T210836,2025-01-12,0.83,57244,"['2018-09-01', '2018-11-10']"
253,26.45157,-82.01543,S2B_MSIL2A_20180218T160309_R097_T17RLK_20201013T225422,2018-02-18,1.7,56888,"['2018-09-01', '2018-11-10']"
253,26.45157,-82.01543,S2B_MSIL2A_20171210T160639_R097_T17RLK_20201014T131722,2017-12-10,1.85,56732,"['2018-09-01', '2018-11-10']"
254,26.42827403,-82.04089722,S2B_MSIL2A_20220329T155819_R097_T17RLK_20220330T043156,2022-03-29,0.0,55372,"['2018-09-01', '2018-11-10']"
254,26.42827403,-82.04089722,S2C_MSIL2A_20250726T155921_R097_T17RLK_20250726T211924,2025-07-26,0.29,55132,"['2018-09-01', '2018-11-10']"
254,26.42827403,-82.04089722,S2B_MSIL2A_20260308T160019_R097_T17RLK_20260308T200014,2026-03-08,0.52,55196,"['2018-09-01', '2018-11-10']"
254,26.42827403,-82.04089722,S2A_MSIL2A_20160911T155902_R097_T17RLK_20210212T235313,2016-09-11,0.55,55100,"['2018-09-01', '2018-11-10']"
254,26.42827403,-82.04089722,S2A_MSIL2A_20190119T160601_R097_T17RLK_20201008T024952,2019-01-19,1.15,55064,"['2018-09-01', '2018-11-10']"
255,26.813567,-82.288333,S2B_MSIL2A_20250112T160529_R097_T17RLK_20250112T210836,2025-01-12,0.0,58476,['2018-06-23']
255,26.813567,-82.288333,S2B_MSIL2A_20240417T155819_R097_T17RLK_20240417T231836,2024-04-17,0.01,56008,['2018-06-23']
255,26.813567,-82.288333,S2B_MSIL2A_20260328T155859_R097_T17RLK_20260328T200110,2026-03-28,0.38,57464,['2018-06-23']
255,26.813567,-82.288333,S2B_MSIL2A_20251228T160559_R097_T17RLK_20251228T210144,2025-12-28,0.71,57352,['2018-06-23']
255,26.813567,-82.288333,S2B_MSIL2A_20190325T155909_R097_T17RLK_20201007T104120,2019-03-25,2.01,55044,['2018-06-23']
256,26.83643791,-82.3143531,S2B_MSIL2A_20250112T160529_R097_T17RLK_20250112T210836,2025-01-12,0.0,66100,"['2018-06-23', '2019-11-10']"
256,26.83643791,-82.3143531,S2A_MSIL2A_20230915T155901_R097_T17RLK_20241103T091138,2023-09-15,0.0,65692,"['2018-06-23', '2019-11-10']"
256,26.83643791,-82.3143531,S2A_MSIL2A_20160414T155922_R097_T17RLK_20210211T035603,2016-04-14,0.24,65516,"['2018-06-23', '2019-11-10']"
256,26.83643791,-82.3143531,S2A_MSIL2A_20240222T160251_R097_T17RLK_20240222T232202,2024-02-22,0.32,63740,"['2018-06-23', '2019-11-10']"
256,26.83643791,-82.3143531,S2B_MSIL2A_20180926T160029_R097_T17RLK_20201009T051716,2018-09-26,0.38,65412,"['2018-06-23', '2019-11-10']"
257,26.79045901,-82.28807189,S2B_MSIL2A_20240726T155819_R097_T17RLK_20240726T201315,2024-07-26,0.0,64660,['2018-06-23']
257,26.79045901,-82.28807189,S2A_MSIL2A_20230108T160641_R097_T17RLK_20240812T081749,2023-01-08,0.18,64452,['2018-06-23']
257,26.79045901,-82.28807189,S2A_MSIL2A_20190926T160021_R097_T17RLK_20201004T171725,2019-09-26,0.95,63892,['2018-06-23']
257,26.79045901,-82.28807189,S2B_MSIL2A_20190223T160249_R097_T17RLK_20201007T195907,2019-02-23,1.14,63784,['2018-06-23']
257,26.79045901,-82.28807189,S2A_MSIL2A_20210227T160211_R097_T17RLK_20210228T075312,2021-02-27,1.35,63708,['2018-06-23']
260,27.41309829,-82.68976819,S2A_MSIL2A_20200801T155911_R097_T17RLL_20200815T175015,2020-08-01,0.0,66564,['2018-08-17']
260,27.41309829,-82.68976819,S2B_MSIL2A_20181225T160659_R097_T17RLL_20201008T130146,2018-12-25,0.0,66564,['2018-08-17']
260,27.41309829,-82.68976819,S2A_MSIL2A_20220722T155911_R097_T17RLL_20240711T012639,2022-07-22,0.0,66564,['2018-08-17']
260,27.41309829,-82.68976819,S2A_MSIL2A_20170208T160411_R097_T17RLL_20210208T085634,2017-02-08,0.0,66564,['2018-08-17']
260,27.41309829,-82.68976819,S2A_MSIL2A_20170618T155901_R097_T17RLL_20210209T235752,2017-06-18,0.0,66564,['2018-08-17']
261,27.41340966,-82.66388149,S2A_MSIL2A_20230518T155901_R097_T17RLL_20230519T014455,2023-05-18,0.0,47664,"['2018-08-17', '2018-11-10']"
261,27.41340966,-82.66388149,S2B_MSIL2A_20221104T160429_R097_T17RLL_20221105T064531,2022-11-04,1.78,47260,"['2018-08-17', '2018-11-10']"
261,27.41340966,-82.66388149,S2A_MSIL2A_20160623T160352_R097_T17RLL_20210211T222716,2016-06-23,2.4,46892,"['2018-08-17', '2018-11-10']"
261,27.41340966,-82.66388149,S2B_MSIL2A_20171031T160359_R097_T17RLL_20201015T033027,2017-10-31,2.41,46808,"['2018-08-17', '2018-11-10']"
261,27.41340966,-82.66388149,S2A_MSIL2A_20170208T160411_R097_T17RLL_20210208T085634,2017-02-08,2.43,47236,"['2018-08-17', '2018-11-10']"
262,27.79964145,-82.60841001,S2B_MSIL2A_20240825T155819_R097_T17RLL_20240825T202603,2024-08-25,0.0,35892,['2021-07-12']
262,27.79964145,-82.60841001,S2A_MSIL2A_20221209T160651_R097_T17RLL_20221210T144518,2022-12-09,0.01,36716,['2021-07-12']
262,27.79964145,-82.60841001,S2C_MSIL2A_20250606T155841_R097_T17RLL_20250606T212214,2025-06-06,0.12,35096,['2021-07-12']
262,27.79964145,-82.60841001,S2A_MSIL2A_20171125T160611_R097_T17RLL_20201014T221122,2017-11-25,0.88,36132,['2021-07-12']
262,27.79964145,-82.60841001,S2A_MSIL2A_20190129T160521_R097_T17RLL_20201008T053757,2019-01-29,0.93,36540,['2021-07-12']
263,26.4217,-82.0801,S2A_MSIL2A_20170310T160041_R097_T17RLK_20210208T212028,2017-03-10,1.37,35160,"['2018-09-01', '2018-09-16', '2019-11-10', '2020-12-19']"
263,26.4217,-82.0801,S2B_MSIL2A_20221025T160339_R097_T17RLK_20240724T153558,2022-10-25,1.56,35712,"['2018-09-01', '2018-09-16', '2019-11-10', '2020-12-19']"
263,26.4217,-82.0801,S2A_MSIL2A_20190728T155911_R097_T17RLK_20201106T040318,2019-07-28,1.76,35152,"['2018-09-01', '2018-09-16', '2019-11-10', '2020-12-19']"
263,26.4217,-82.0801,S2B_MSIL2A_20210314T155929_R097_T17RLK_20210315T193904,2021-03-14,1.87,34792,"['2018-09-01', '2018-09-16', '2019-11-10', '2020-12-19']"
263,26.4217,-82.0801,S2B_MSIL2A_20171120T160539_R097_T17RLK_20201014T211532,2017-11-20,1.92,34684,"['2018-09-01', '2018-09-16', '2019-11-10', '2020-12-19']"
264,26.42150381,-82.10576777,S2A_MSIL2A_20230207T160431_R097_T17RLK_20230208T154903,2023-02-07,1.21,52304,"['2018-09-01', '2018-09-16', '2019-11-10', '2020-12-19', '2020-12-19']"
264,26.42150381,-82.10576777,S2A_MSIL2A_20190208T160421_R097_T17RLK_20201007T150132,2019-02-08,1.67,51388,"['2018-09-01', '2018-09-16', '2019-11-10', '2020-12-19', '2020-12-19']"
264,26.42150381,-82.10576777,S2B_MSIL2A_20171120T160539_R097_T17RLK_20201014T211532,2017-11-20,1.7,51204,"['2018-09-01', '2018-09-16', '2019-11-10', '2020-12-19', '2020-12-19']"
264,26.42150381,-82.10576777,S2C_MSIL2A_20260221T160301_R097_T17RLK_20260221T192217,2026-02-21,1.87,51752,"['2018-09-01', '2018-09-16', '2019-11-10', '2020-12-19', '2020-12-19']"
264,26.42150381,-82.10576777,S2B_MSIL2A_20200826T155829_R097_T17RLK_20200827T210735,2020-08-26,2.05,51400,"['2018-09-01', '2018-09-16', '2019-11-10', '2020-12-19', '2020-12-19']"
266,26.42189158,-82.05443197,S2B_MSIL2A_20240207T160429_R097_T17RLK_20240207T220711,2024-02-07,0.0,54304,"['2018-09-01', '2018-09-16', '2019-11-10', '2020-12-19']"
266,26.42189158,-82.05443197,S2B_MSIL2A_20230910T155829_R097_T17RLK_20241029T095753,2023-09-10,0.0,54324,"['2018-09-01', '2018-09-16', '2019-11-10', '2020-12-19']"
266,26.42189158,-82.05443197,S2B_MSIL2A_20210821T155819_R097_T17RLK_20210822T082453,2021-08-21,1.83,53600,"['2018-09-01', '2018-09-16', '2019-11-10', '2020-12-19']"
266,26.42189158,-82.05443197,S2A_MSIL2A_20210227T160211_R097_T17RLK_20210228T075312,2021-02-27,2.0,53452,"['2018-09-01', '2018-09-16', '2019-11-10', '2020-12-19']"
266,26.42189158,-82.05443197,S2B_MSIL2A_20211109T160459_R097_T17RLK_20211110T021037,2021-11-09,2.04,53432,"['2018-09-01', '2018-09-16', '2019-11-10', '2020-12-19']"
267,27.93873,-82.838087,S2B_MSIL2A_20260321T160859_R140_T17RLL_20260321T200307,2026-03-21,0.0,56164,"['2018-09-09', '2018-11-08']"
267,27.93873,-82.838087,S2A_MSIL2A_20220317T161011_R140_T17RLL_20220318T014253,2022-03-17,0.01,56456,"['2018-09-09', '2018-11-08']"
267,27.93873,-82.838087,S2B_MSIL2A_20250112T160529_R097_T17RLM_20250112T210836,2025-01-12,0.12,56928,"['2018-09-09', '2018-11-08']"
267,27.93873,-82.838087,S2C_MSIL2A_20250828T160921_R140_T17RLL_20250828T211315,2025-08-28,0.13,44192,"['2018-09-09', '2018-11-08']"
267,27.93873,-82.838087,S2A_MSIL2A_20210727T155911_R097_T17RLM_20210728T033028,2021-07-27,1.14,54868,"['2018-09-09', '2018-11-08']"
268,27.96182811,-82.83847829,S2C_MSIL2A_20250606T155841_R097_T17RLL_20250606T212214,2025-06-06,0.02,56132,"['2018-09-09', '2018-09-24', '2018-10-21', '2018-11-08']"
268,27.96182811,-82.83847829,S2B_MSIL2A_20240131T161509_R140_T17RLL_20240131T212142,2024-01-31,0.13,55832,"['2018-09-09', '2018-09-24', '2018-10-21', '2018-11-08']"
268,27.96182811,-82.83847829,S2A_MSIL2A_20220930T160051_R097_T17RLM_20240726T095241,2022-09-30,1.17,55356,"['2018-09-09', '2018-09-24', '2018-10-21', '2018-11-08']"
268,27.96182811,-82.83847829,S2A_MSIL2A_20170323T161341_R140_T17RLL_20210209T010650,2017-03-23,2.35,54788,"['2018-09-09', '2018-09-24', '2018-10-21', '2018-11-08']"
268,27.96182811,-82.83847829,S2A_MSIL2A_20200203T160451_R097_T17RLM_20200930T153524,2020-02-03,3.22,54624,"['2018-09-09', '2018-09-24', '2018-10-21', '2018-11-08']"
273,27.872283,-80.477017,S2B_MSIL2A_20230907T160519_R054_T17RNL_20240908T193200,2023-09-07,0.0,55520,['2018-10-28']
273,27.872283,-80.477017,S2B_MSIL2A_20231119T160549_R097_T17RNL_20241019T084741,2023-11-19,0.0,55464,['2018-10-28']
273,27.872283,-80.477017,S2A_MSIL2A_20180322T160511_R054_T17RNL_20201013T123514,2018-03-22,0.45,56656,['2018-10-28']
273,27.872283,-80.477017,S2A_MSIL2A_20180511T160511_R054_T17RNL_20201012T083154,2018-05-11,0.66,56284,['2018-10-28']
273,27.872283,-80.477017,S2A_MSIL2A_20160201T155502_R054_T17RNL_20210528T011656,2016-02-01,1.25,55192,['2018-10-28']
274,27.89539231,-80.47690596,S2B_MSIL2A_20220204T160509_R054_T17RNL_20220218T173701,2022-02-04,0.0,53568,['2018-10-28']
274,27.89539231,-80.47690596,S2A_MSIL2A_20161120T160552_R097_T17RNL_20210414T172338,2016-11-20,0.09,53160,['2018-10-28']
274,27.89539231,-80.47690596,S2B_MSIL2A_20180218T160309_R097_T17RNL_20201013T225422,2018-02-18,0.5,53344,['2018-10-28']
274,27.89539231,-80.47690596,S2B_MSIL2A_20200408T155819_R097_T17RNL_20200925T140339,2020-04-08,0.78,52736,['2018-10-28']
274,27.89539231,-80.47690596,S2B_MSIL2A_20210719T160519_R054_T17RNL_20210720T011140,2021-07-19,1.12,52796,['2018-10-28']
275,27.84907265,-80.45112841,S2A_MSIL2A_20240130T160511_R054_T17RNL_20240130T222104,2024-01-30,0.02,53144,"['2018-10-06', '2018-10-28']"
275,27.84907265,-80.45112841,S2B_MSIL2A_20250728T160509_R054_T17RNL_20250728T194053,2025-07-28,0.03,52824,"['2018-10-06', '2018-10-28']"
275,27.84907265,-80.45112841,S2B_MSIL2A_20230321T160519_R054_T17RNL_20240826T213952,2023-03-21,0.04,52912,"['2018-10-06', '2018-10-28']"
275,27.84907265,-80.45112841,S2A_MSIL2A_20161021T160402_R097_T17RNL_20210213T130414,2016-10-21,0.07,52612,"['2018-10-06', '2018-10-28']"
275,27.84907265,-80.45112841,S2B_MSIL2A_20260107T160549_R097_T17RNL_20260107T210607,2026-01-07,0.21,52876,"['2018-10-06', '2018-10-28']"
280,26.25375,-81.82377,S2A_MSIL2A_20220831T155831_R097_T17RMK_20240710T181707,2022-08-31,0.0,37460,"['2019-10-21', '2020-12-09']"
280,26.25375,-81.82377,S2B_MSIL2A_20220428T155819_R097_T17RMK_20220713T223011,2022-04-28,0.02,36964,"['2019-10-21', '2020-12-09']"
280,26.25375,-81.82377,S2A_MSIL2A_20220212T160401_R097_T17RMK_20220222T094211,2022-02-12,0.1,37720,"['2019-10-21', '2020-12-09']"
280,26.25375,-81.82377,S2B_MSIL2A_20260107T160549_R097_T17RMK_20260107T210607,2026-01-07,0.2,38028,"['2019-10-21', '2020-12-09']"
280,26.25375,-81.82377,S2B_MSIL2A_20220607T155819_R097_T17RMK_20240629T221338,2022-06-07,0.59,36256,"['2019-10-21', '2020-12-09']"
281,26.23063673,-81.82360707,S2B_MSIL2A_20250412T155819_R097_T17RMK_20250412T195703,2025-04-12,0.15,46152,['2019-10-21']
281,26.23063673,-81.82360707,S2A_MSIL2A_20230418T155821_R097_T17RMK_20240906T005219,2023-04-18,0.34,46244,['2019-10-21']
281,26.23063673,-81.82360707,S2C_MSIL2A_20250127T160601_R097_T17RMK_20250127T195013,2025-01-27,0.75,46284,['2019-10-21']
281,26.23063673,-81.82360707,S2B_MSIL2A_20220118T160559_R097_T17RMK_20220119T151006,2022-01-18,1.06,45544,['2019-10-21']
281,26.23063673,-81.82360707,S2B_MSIL2A_20190114T160619_R097_T17RMK_20201008T013618,2019-01-14,1.36,45072,['2019-10-21']
282,26.61330978,-82.15633233,S2B_MSIL2A_20220329T155819_R097_T17RLK_20220330T043156,2022-03-29,0.0,64420,"['2018-08-07', '2019-10-26', '2019-11-20']"
282,26.61330978,-82.15633233,S2B_MSIL2A_20221025T160339_R097_T17RLK_20240724T153558,2022-10-25,0.0,65068,"['2018-08-07', '2019-10-26', '2019-11-20']"
282,26.61330978,-82.15633233,S2B_MSIL2A_20190623T155829_R097_T17RLK_20201006T053548,2019-06-23,0.0,64388,"['2018-08-07', '2019-10-26', '2019-11-20']"
282,26.61330978,-82.15633233,S2B_MSIL2A_20180509T155859_R097_T17RLK_20201012T075530,2018-05-09,0.0,64400,"['2018-08-07', '2019-10-26', '2019-11-20']"
282,26.61330978,-82.15633233,S2A_MSIL2A_20230508T155901_R097_T17RLK_20230509T022430,2023-05-08,0.0,65056,"['2018-08-07', '2019-10-26', '2019-11-20']"
283,26.7615,-82.0725,S2C_MSIL2A_20260221T160301_R097_T17RLK_20260221T192217,2026-02-21,0.03,58652,"['2019-11-30', '2021-03-14', '2021-04-08']"
283,26.7615,-82.0725,S2B_MSIL2A_20200408T155819_R097_T17RLK_20200925T140327,2020-04-08,0.12,58492,"['2019-11-30', '2021-03-14', '2021-04-08']"
283,26.7615,-82.0725,S2A_MSIL2A_20230207T160431_R097_T17RLK_20230208T154903,2023-02-07,0.15,58512,"['2019-11-30', '2021-03-14', '2021-04-08']"
283,26.7615,-82.0725,S2B_MSIL2A_20200707T155819_R097_T17RLK_20200912T094138,2020-07-07,0.16,58356,"['2019-11-30', '2021-03-14', '2021-04-08']"
283,26.7615,-82.0725,S2C_MSIL2A_20250726T155921_R097_T17RLK_20250726T211924,2025-07-26,0.25,58428,"['2019-11-30', '2021-03-14', '2021-04-08']"
284,26.78460988,-82.07271714,S2C_MSIL2A_20250417T155921_R097_T17RLK_20250418T083115,2025-04-17,0.0,63664,"['2019-11-30', '2021-03-14', '2021-03-14', '2021-04-08', '2021-04-08']"
284,26.78460988,-82.07271714,S2B_MSIL2A_20211109T160459_R097_T17RLK_20211110T021037,2021-11-09,0.01,63096,"['2019-11-30', '2021-03-14', '2021-03-14', '2021-04-08', '2021-04-08']"
284,26.78460988,-82.07271714,S2A_MSIL2A_20181230T160651_R097_T17RLK_20201008T141453,2018-12-30,0.02,63376,"['2019-11-30', '2021-03-14', '2021-03-14', '2021-04-08', '2021-04-08']"
284,26.78460988,-82.07271714,S2B_MSIL2A_20190325T155909_R097_T17RLK_20201007T104120,2019-03-25,0.04,63316,"['2019-11-30', '2021-03-14', '2021-03-14', '2021-04-08', '2021-04-08']"
284,26.78460988,-82.07271714,S2B_MSIL2A_20190524T155829_R097_T17RLK_20201006T175852,2019-05-24,1.39,62496,"['2019-11-30', '2021-03-14', '2021-03-14', '2021-04-08', '2021-04-08']"
285,26.73839004,-82.07228312,S2B_MSIL2A_20231119T160549_R097_T17RLK_20241019T084741,2023-11-19,0.0,42288,['2019-11-30']
285,26.73839004,-82.07228312,S2A_MSIL2A_20170926T160021_R097_T17RLK_20210202T100817,2017-09-26,0.01,42288,['2019-11-30']
285,26.73839004,-82.07228312,S2A_MSIL2A_20200503T155911_R097_T17RLK_20200920T080007,2020-05-03,0.12,42176,['2019-11-30']
285,26.73839004,-82.07228312,S2A_MSIL2A_20230627T155821_R097_T17RLK_20230628T022813,2023-06-27,0.43,42040,['2019-11-30']
285,26.73839004,-82.07228312,S2A_MSIL2A_20160802T155912_R097_T17RLK_20210212T102714,2016-08-02,0.57,41776,['2019-11-30']
292,26.70915,-82.2479,S2B_MSIL2A_20250820T155819_R097_T17RLK_20250820T211624,2025-08-20,0.18,55240,"['2018-11-10', '2019-11-20', '2020-08-26']"
292,26.70915,-82.2479,S2B_MSIL2A_20201124T160609_R097_T17RLK_20201125T192103,2020-11-24,0.78,54712,"['2018-11-10', '2019-11-20', '2020-08-26']"
292,26.70915,-82.2479,S2B_MSIL2A_20171210T160639_R097_T17RLK_20201014T131722,2017-12-10,0.79,54712,"['2018-11-10', '2019-11-20', '2020-08-26']"
292,26.70915,-82.2479,S2A_MSIL2A_20160822T155902_R097_T17RLK_20210212T165915,2016-08-22,0.81,54464,"['2018-11-10', '2019-11-20', '2020-08-26']"
292,26.70915,-82.2479,S2B_MSIL2A_20210811T155819_R097_T17RLK_20210812T040634,2021-08-11,0.85,54540,"['2018-11-10', '2019-11-20', '2020-08-26']"
293,26.73225861,-82.24815207,S2B_MSIL2A_20240726T155819_R097_T17RLK_20240726T201315,2024-07-26,0.0,58572,"['2018-11-10', '2019-11-20']"
293,26.73225861,-82.24815207,S2B_MSIL2A_20240417T155819_R097_T17RLK_20240417T231836,2024-04-17,0.0,58548,"['2018-11-10', '2019-11-20']"
293,26.73225861,-82.24815207,S2A_MSIL2A_20230627T155821_R097_T17RLK_20230628T022813,2023-06-27,0.01,58176,"['2018-11-10', '2019-11-20']"
293,26.73225861,-82.24815207,S2A_MSIL2A_20221129T160621_R097_T17RLK_20221201T184802,2022-11-29,0.02,58660,"['2018-11-10', '2019-11-20']"
293,26.73225861,-82.24815207,S2B_MSIL2A_20201015T160149_R097_T17RLK_20201019T065151,2020-10-15,0.31,58756,"['2018-11-10', '2019-11-20']"
298,26.68881701,-82.23232018,S2B_MSIL2A_20241004T160029_R097_T17RLK_20241004T212302,2024-10-04,0.0,57568,['2018-11-10']
298,26.68881701,-82.23232018,S2A_MSIL2A_20230508T155901_R097_T17RLK_20230509T022430,2023-05-08,0.0,57888,['2018-11-10']
298,26.68881701,-82.23232018,S2C_MSIL2A_20251113T160531_R097_T17RLK_20251113T194111,2025-11-13,0.13,57812,['2018-11-10']
298,26.68881701,-82.23232018,S2B_MSIL2A_20190325T155909_R097_T17RLK_20201007T104120,2019-03-25,0.27,57084,['2018-11-10']
298,26.68881701,-82.23232018,S2B_MSIL2A_20211229T160649_R097_T17RLK_20211230T211628,2021-12-29,0.27,56984,['2018-11-10']
302,26.6092,-82.221,S2B_MSIL2A_20240207T160429_R097_T17RLK_20240207T220711,2024-02-07,0.0,58700,['2018-08-17']
302,26.6092,-82.221,S2A_MSIL2A_20230905T155821_R097_T17RLK_20230906T021255,2023-09-05,0.0,58328,['2018-08-17']
302,26.6092,-82.221,S2B_MSIL2A_20250820T155819_R097_T17RLK_20250820T211624,2025-08-20,0.52,58024,['2018-08-17']
302,26.6092,-82.221,S2A_MSIL2A_20230207T160431_R097_T17RLK_20230208T154903,2023-02-07,0.65,58180,['2018-08-17']
302,26.6092,-82.221,S2A_MSIL2A_20190129T160521_R097_T17RLK_20201008T053752,2019-01-29,1.58,57668,['2018-08-17']
308,27.52858449,-82.69726391,S2A_MSIL2A_20230915T155901_R097_T17RLL_20241103T091138,2023-09-15,0.0,65584,['2021-07-17']
308,27.52858449,-82.69726391,S2B_MSIL2A_20241014T160129_R097_T17RLL_20241014T202025,2024-10-14,0.01,65572,['2021-07-17']
308,27.52858449,-82.69726391,S2A_MSIL2A_20200403T155901_R097_T17RLL_20200924T200432,2020-04-03,0.05,65452,['2021-07-17']
308,27.52858449,-82.69726391,S2B_MSIL2A_20171210T160639_R097_T17RLL_20201014T131728,2017-12-10,0.06,65536,['2021-07-17']
308,27.52858449,-82.69726391,S2B_MSIL2A_20210413T155819_R097_T17RLL_20210414T111142,2021-04-13,0.11,65448,['2021-07-17']
309,27.52889846,-82.67135031,S2B_MSIL2A_20220329T155819_R097_T17RLL_20220330T040452,2022-03-29,0.0,59104,['2021-07-17']
309,27.52889846,-82.67135031,S2B_MSIL2A_20240207T160429_R097_T17RLL_20240207T220723,2024-02-07,0.0,59168,['2021-07-17']
309,27.52889846,-82.67135031,S2A_MSIL2A_20180504T155911_R097_T17RLL_20201012T054309,2018-05-04,0.32,58880,['2021-07-17']
309,27.52889846,-82.67135031,S2A_MSIL2A_20200203T160451_R097_T17RLL_20200930T153519,2020-02-03,0.34,59068,['2021-07-17']
309,27.52889846,-82.67135031,S2A_MSIL2A_20190208T160421_R097_T17RLL_20201007T150135,2019-02-08,0.42,59032,['2021-07-17']
310,27.5292076,-82.64543629,S2C_MSIL2A_20250417T155921_R097_T17RLL_20250418T083115,2025-04-17,0.0,52140,['2021-07-17']
310,27.5292076,-82.64543629,S2B_MSIL2A_20181205T160639_R097_T17RLL_20201008T074224,2018-12-05,0.17,51744,['2021-07-17']
310,27.5292076,-82.64543629,S2A_MSIL2A_20211124T160611_R097_T17RLL_20211125T043051,2021-11-24,0.23,51272,['2021-07-17']
310,27.5292076,-82.64543629,S2B_MSIL2A_20171210T160639_R097_T17RLL_20201014T131728,2017-12-10,0.26,51208,['2021-07-17']
310,27.5292076,-82.64543629,S2A_MSIL2A_20210128T160521_R097_T17RLL_20210202T105133,2021-01-28,0.29,51344,['2021-07-17']
311,30.382596,-86.500029,S2A_MSIL2A_20250505T162701_R040_T16REU_20250506T033500,2025-05-05,0.0,44504,"['2015-10-23', '2021-09-26', '2021-10-26']"
311,30.382596,-86.500029,S2A_MSIL2A_20240806T161901_R040_T16REU_20240806T214652,2024-08-06,0.15,44904,"['2015-10-23', '2021-09-26', '2021-10-26']"
311,30.382596,-86.500029,S2C_MSIL2A_20250202T162531_R040_T16REU_20250204T172110,2025-02-02,0.85,44792,"['2015-10-23', '2021-09-26', '2021-10-26']"
311,30.382596,-86.500029,S2B_MSIL2A_20220424T161829_R040_T16REU_20240605T152500,2022-04-24,1.14,43864,"['2015-10-23', '2021-09-26', '2021-10-26']"
311,30.382596,-86.500029,S2A_MSIL2A_20241124T162621_R040_T16REU_20241124T204153,2024-11-24,1.47,44828,"['2015-10-23', '2021-09-26', '2021-10-26']"
312,30.40579606,-86.52656234,S2B_MSIL2A_20180823T161819_R040_T16REU_20201011T060504,2018-08-23,0.01,65660,"['2021-09-26', '2021-10-26', '2023-06-28', '2023-07-18']"
312,30.40579606,-86.52656234,S2B_MSIL2A_20180115T162619_R040_T16REU_20201014T060424,2018-01-15,0.02,65500,"['2021-09-26', '2021-10-26', '2023-06-28', '2023-07-18']"
312,30.40579606,-86.52656234,S2A_MSIL2A_20181116T162541_R040_T16REU_20201008T190306,2018-11-16,0.09,65624,"['2021-09-26', '2021-10-26', '2023-06-28', '2023-07-18']"
312,30.40579606,-86.52656234,S2B_MSIL2A_20190321T161949_R040_T16REU_20201007T090841,2019-03-21,0.09,65568,"['2021-09-26', '2021-10-26', '2023-06-28', '2023-07-18']"
312,30.40579606,-86.52656234,S2A_MSIL2A_20190803T161911_R040_T16REU_20201004T195453,2019-08-03,0.11,65476,"['2021-09-26', '2021-10-26', '2023-06-28', '2023-07-18']"
313,30.38269524,-86.52667374,S2B_MSIL2A_20250727T161829_R040_T16REU_20250727T202049,2025-07-27,0.0,51784,"['2018-10-27', '2021-09-26', '2021-10-26']"
313,30.38269524,-86.52667374,S2C_MSIL2A_20250413T161851_R040_T16REU_20250413T212014,2025-04-13,0.91,51676,"['2018-10-27', '2021-09-26', '2021-10-26']"
313,30.38269524,-86.52667374,S2B_MSIL2A_20220424T161829_R040_T16REU_20240605T152500,2022-04-24,1.32,50872,"['2018-10-27', '2021-09-26', '2021-10-26']"
313,30.38269524,-86.52667374,S2A_MSIL2A_20190704T161911_R040_T16REU_20201005T090758,2019-07-04,5.88,50656,"['2018-10-27', '2021-09-26', '2021-10-26']"
313,30.38269524,-86.52667374,S2A_MSIL2A_20200718T161911_R040_T16REU_20200816T144517,2020-07-18,6.3,50464,"['2018-10-27', '2021-09-26', '2021-10-26']"
314,30.38249133,-86.4733844,S2A_MSIL2A_20230911T161841_R040_T16REU_20240915T101838,2023-09-11,0.0,36064,"['2015-10-23', '2021-09-26', '2021-10-26']"
314,30.38249133,-86.4733844,S2C_MSIL2A_20250202T162531_R040_T16REU_20250204T172110,2025-02-02,0.0,36252,"['2015-10-23', '2021-09-26', '2021-10-26']"
314,30.38249133,-86.4733844,S2B_MSIL2A_20230718T161839_R040_T16REU_20230718T203332,2023-07-18,0.14,36284,"['2015-10-23', '2021-09-26', '2021-10-26']"
314,30.38249133,-86.4733844,S2B_MSIL2A_20230419T161829_R040_T16REU_20240831T090015,2023-04-19,0.25,36300,"['2015-10-23', '2021-09-26', '2021-10-26']"
314,30.38249133,-86.4733844,S2B_MSIL2A_20250905T161829_R040_T16REU_20250905T202408,2025-09-05,0.57,36472,"['2015-10-23', '2021-09-26', '2021-10-26']"
315,26.4983,-82.007217,S2B_MSIL2A_20220329T155819_R097_T17RLK_20220330T043156,2022-03-29,0.0,41764,['2019-11-10']
315,26.4983,-82.007217,S2B_MSIL2A_20241213T160559_R097_T17RLK_20241213T200052,2024-12-13,0.01,42988,['2019-11-10']
315,26.4983,-82.007217,S2B_MSIL2A_20211229T160649_R097_T17RLK_20211230T211628,2021-12-29,0.26,41544,['2019-11-10']
315,26.4983,-82.007217,S2A_MSIL2A_20190119T160601_R097_T17RLK_20201008T024952,2019-01-19,0.3,41724,['2019-11-10']
315,26.4983,-82.007217,S2A_MSIL2A_20170926T160021_R097_T17RLK_20210202T100817,2017-09-26,0.74,41012,['2019-11-10']
316,26.52141122,-82.0074186,S2B_MSIL2A_20250820T155819_R097_T17RLK_20250820T211624,2025-08-20,0.0,44060,['2019-11-10']
316,26.52141122,-82.0074186,S2C_MSIL2A_20260221T160301_R097_T17RLK_20260221T192217,2026-02-21,0.0,44924,['2019-11-10']
316,26.52141122,-82.0074186,S2A_MSIL2A_20230207T160431_R097_T17RLK_20230208T154903,2023-02-07,0.06,45512,['2019-11-10']
316,26.52141122,-82.0074186,S2A_MSIL2A_20161120T160552_R097_T17RLK_20210414T172327,2016-11-20,1.32,43540,['2019-11-10']
316,26.52141122,-82.0074186,S2A_MSIL2A_20190129T160521_R097_T17RLK_20201008T053752,2019-01-29,1.57,43724,['2019-11-10']
317,26.52122743,-82.03310911,S2A_MSIL2A_20220831T155831_R097_T17RLK_20220901T183018,2022-08-31,0.0,56768,"['2016-02-14', '2018-04-29', '2018-08-07', '2019-11-10']"
317,26.52122743,-82.03310911,S2B_MSIL2A_20190325T155909_R097_T17RLK_20201007T104120,2019-03-25,0.01,56852,"['2016-02-14', '2018-04-29', '2018-08-07', '2019-11-10']"
317,26.52122743,-82.03310911,S2A_MSIL2A_20170310T160041_R097_T17RLK_20210208T212028,2017-03-10,0.02,57016,"['2016-02-14', '2018-04-29', '2018-08-07', '2019-11-10']"
317,26.52122743,-82.03310911,S2A_MSIL2A_20170509T155911_R097_T17RLK_20210209T141858,2017-05-09,0.04,57016,"['2016-02-14', '2018-04-29', '2018-08-07', '2019-11-10']"
317,26.52122743,-82.03310911,S2A_MSIL2A_20201209T160641_R097_T17RLK_20210105T205635,2020-12-09,0.1,56728,"['2016-02-14', '2018-04-29', '2018-08-07', '2019-11-10']"
318,26.4981164,-82.03290237,S2B_MSIL2A_20220329T155819_R097_T17RLK_20220330T043156,2022-03-29,0.0,57740,"['2016-02-14', '2018-04-29', '2018-08-07', '2019-11-10']"
318,26.4981164,-82.03290237,S2A_MSIL2A_20170509T155911_R097_T17RLK_20210209T141858,2017-05-09,0.05,57808,"['2016-02-14', '2018-04-29', '2018-08-07', '2019-11-10']"
318,26.4981164,-82.03290237,S2A_MSIL2A_20210428T155901_R097_T17RLK_20210429T124325,2021-04-28,0.1,57684,"['2016-02-14', '2018-04-29', '2018-08-07', '2019-11-10']"
318,26.4981164,-82.03290237,S2C_MSIL2A_20250318T160021_R097_T17RLK_20250318T212400,2025-03-18,0.24,58720,"['2016-02-14', '2018-04-29', '2018-08-07', '2019-11-10']"
318,26.4981164,-82.03290237,S2A_MSIL2A_20230207T160431_R097_T17RLK_20230208T154903,2023-02-07,0.36,59520,"['2016-02-14', '2018-04-29', '2018-08-07', '2019-11-10']"
319,26.47500529,-82.03269588,S2A_MSIL2A_20230508T155901_R097_T17RLK_20230509T022430,2023-05-08,0.01,66484,"['2016-02-14', '2018-08-07', '2019-11-10']"
319,26.47500529,-82.03269588,S2B_MSIL2A_20220518T155819_R097_T17RLK_20220520T110426,2022-05-18,0.35,65668,"['2016-02-14', '2018-08-07', '2019-11-10']"
319,26.47500529,-82.03269588,S2A_MSIL2A_20161120T160552_R097_T17RLK_20210414T172327,2016-11-20,1.5,64932,"['2016-02-14', '2018-08-07', '2019-11-10']"
319,26.47500529,-82.03269588,S2B_MSIL2A_20240417T155819_R097_T17RLK_20240417T231836,2024-04-17,1.59,65400,"['2016-02-14', '2018-08-07', '2019-11-10']"
319,26.47500529,-82.03269588,S2B_MSIL2A_20200707T155819_R097_T17RLK_20200912T094138,2020-07-07,1.63,64912,"['2016-02-14', '2018-08-07', '2019-11-10']"
320,26.47518871,-82.00701564,S2A_MSIL2A_20220831T155831_R097_T17RLK_20220901T183018,2022-08-31,0.0,62156,"['2018-11-10', '2019-11-10']"
320,26.47518871,-82.00701564,S2C_MSIL2A_20250226T160251_R097_T17RLK_20250226T192212,2025-02-26,0.0,62412,"['2018-11-10', '2019-11-10']"
320,26.47518871,-82.00701564,S2B_MSIL2A_20211010T160109_R097_T17RLK_20211011T020558,2021-10-10,0.52,61752,"['2018-11-10', '2019-11-10']"
320,26.47518871,-82.00701564,S2B_MSIL2A_20210821T155819_R097_T17RLK_20210822T082453,2021-08-21,0.6,61796,"['2018-11-10', '2019-11-10']"
320,26.47518871,-82.00701564,S2B_MSIL2A_20241024T160239_R097_T17RLK_20241024T213906,2024-10-24,0.93,61660,"['2018-11-10', '2019-11-10']"
321,26.47536751,-81.98133516,S2A_MSIL2A_20220930T160051_R097_T17RMK_20240726T095241,2022-09-30,0.0,49824,"['2018-11-10', '2019-11-10']"
321,26.47536751,-81.98133516,S2B_MSIL2A_20240207T160429_R097_T17RMK_20240207T220719,2024-02-07,0.0,50012,"['2018-11-10', '2019-11-10']"
321,26.47536751,-81.98133516,S2B_MSIL2A_20241203T160539_R097_T17RMK_20241203T200858,2024-12-03,0.01,49880,"['2018-11-10', '2019-11-10']"
321,26.47536751,-81.98133516,S2A_MSIL2A_20221219T160701_R097_T17RMK_20221220T120549,2022-12-19,0.3,49792,"['2018-11-10', '2019-11-10']"
321,26.47536751,-81.98133516,S2A_MSIL2A_20180414T155901_R097_T17RLK_20201012T221013,2018-04-14,0.71,48156,"['2018-11-10', '2019-11-10']"
322,26.52159037,-81.98172785,S2A_MSIL2A_20220930T160051_R097_T17RMK_20240726T095241,2022-09-30,0.0,52676,['2019-11-10']
322,26.52159037,-81.98172785,S2A_MSIL2A_20210128T160521_R097_T17RLK_20210129T081603,2021-01-28,0.96,52164,['2019-11-10']
322,26.52159037,-81.98172785,S2A_MSIL2A_20180305T160131_R097_T17RLK_20201013T065315,2018-03-05,1.01,52156,['2019-11-10']
322,26.52159037,-81.98172785,S2B_MSIL2A_20200408T155819_R097_T17RLK_20200925T140327,2020-04-08,1.01,52120,['2019-11-10']
322,26.52159037,-81.98172785,S2A_MSIL2A_20190926T160021_R097_T17RLK_20201004T171725,2019-09-26,1.12,51928,['2019-11-10']
323,27.58473394,-80.34769415,S2A_MSIL2A_20161207T160512_R054_T17RNL_20210213T184601,2016-12-07,1.27,55260,['2018-10-28']
323,27.58473394,-80.34769415,S2A_MSIL2A_20190205T160511_R054_T17RNL_20201007T141137,2019-02-05,1.37,55288,['2018-10-28']
323,27.58473394,-80.34769415,S2B_MSIL2A_20180416T160509_R054_T17RNL_20201012T231130,2018-04-16,1.7,54608,['2018-10-28']
323,27.58473394,-80.34769415,S2B_MSIL2A_20210907T160509_R054_T17RNL_20210908T055102,2021-09-07,1.98,54520,['2018-10-28']
323,27.58473394,-80.34769415,S2A_MSIL2A_20160720T160512_R054_T17RNL_20210212T062602,2016-07-20,2.28,54272,['2018-10-28']
324,27.56162414,-80.3478308,S2A_MSIL2A_20241205T160511_R054_T17RNL_20241205T205449,2024-12-05,0.0,53028,['2018-10-28']
324,27.56162414,-80.3478308,S2B_MSIL2A_20230510T160519_R054_T17RNL_20230510T222911,2023-05-10,0.0,53356,['2018-10-28']
324,27.56162414,-80.3478308,S2B_MSIL2A_20240921T160509_R054_T17RNL_20240921T213535,2024-09-21,0.0,52916,['2018-10-28']
324,27.56162414,-80.3478308,S2B_MSIL2A_20231017T160509_R054_T17RNL_20241020T172838,2023-10-17,0.0,51944,['2018-10-28']
324,27.56162414,-80.3478308,S2A_MSIL2A_20240130T160511_R054_T17RNL_20240130T222104,2024-01-30,0.0,52836,['2018-10-28']
325,26.53480962,-82.20624153,S2B_MSIL2A_20240726T155819_R097_T17RLK_20240726T201315,2024-07-26,0.0,60904,['2018-09-16']
325,26.53480962,-82.20624153,S2A_MSIL2A_20200304T160131_R097_T17RLK_20201101T170705,2020-03-04,0.53,60332,['2018-09-16']
325,26.53480962,-82.20624153,S2B_MSIL2A_20210413T155819_R097_T17RLK_20210414T112048,2021-04-13,0.53,60276,['2018-09-16']
325,26.53480962,-82.20624153,S2A_MSIL2A_20210528T155901_R097_T17RLK_20210529T045824,2021-05-28,0.57,60020,['2018-09-16']
325,26.53480962,-82.20624153,S2B_MSIL2A_20220518T155819_R097_T17RLK_20220520T110426,2022-05-18,0.62,60420,['2018-09-16']
327,27.7633,-80.3965,S2B_MSIL2A_20260325T160509_R054_T17RNL_20260325T194353,2026-03-25,0.31,35772,['2018-10-16']
327,27.7633,-80.3965,S2B_MSIL2A_20240921T160509_R054_T17RNL_20240921T213535,2024-09-21,0.71,36148,['2018-10-16']
327,27.7633,-80.3965,S2B_MSIL2A_20241203T160539_R097_T17RNL_20241203T200858,2024-12-03,0.94,35716,['2018-10-16']
327,27.7633,-80.3965,S2B_MSIL2A_20211129T160619_R097_T17RNL_20211130T095237,2021-11-29,1.12,35756,['2018-10-16']
327,27.7633,-80.3965,S2A_MSIL2A_20170330T155901_R097_T17RNL_20210209T030943,2017-03-30,1.54,35392,['2018-10-16']
332,26.902773,-82.0964,S2B_MSIL2A_20260328T155859_R097_T17RLK_20260328T200110,2026-03-28,0.0,39756,"['2019-11-25', '2023-05-28']"
332,26.902773,-82.0964,S2A_MSIL2A_20221129T160621_R097_T17RLK_20221201T184802,2022-11-29,0.0,39752,"['2019-11-25', '2023-05-28']"
332,26.902773,-82.0964,S2A_MSIL2A_20220930T160051_R097_T17RLK_20221001T110830,2022-09-30,0.02,39620,"['2019-11-25', '2023-05-28']"
332,26.902773,-82.0964,S2B_MSIL2A_20180218T160309_R097_T17RLK_20201013T225422,2018-02-18,0.68,39520,"['2019-11-25', '2023-05-28']"
332,26.902773,-82.0964,S2A_MSIL2A_20210528T155901_R097_T17RLK_20210529T045824,2021-05-28,0.9,38856,"['2019-11-25', '2023-05-28']"
334,26.92567956,-82.12240408,S2A_MSIL2A_20190119T160601_R097_T17RLK_20201008T024952,2019-01-19,0.0,64844,"['2019-11-25', '2021-04-13', '2021-04-28']"
334,26.92567956,-82.12240408,S2A_MSIL2A_20220202T160501_R097_T17RLK_20220513T005023,2022-02-02,0.0,64856,"['2019-11-25', '2021-04-13', '2021-04-28']"
334,26.92567956,-82.12240408,S2A_MSIL2A_20230207T160431_R097_T17RLK_20230208T154903,2023-02-07,0.0,64720,"['2019-11-25', '2021-04-13', '2021-04-28']"
334,26.92567956,-82.12240408,S2C_MSIL2A_20251113T160531_R097_T17RLK_20251113T194111,2025-11-13,0.0,64864,"['2019-11-25', '2021-04-13', '2021-04-28']"
334,26.92567956,-82.12240408,S2B_MSIL2A_20231219T160659_R097_T17RLK_20231222T001352,2023-12-19,0.0,64808,"['2019-11-25', '2021-04-13', '2021-04-28']"
335,26.90257053,-82.12217549,S2A_MSIL2A_20230207T160431_R097_T17RLK_20230208T154903,2023-02-07,0.0,66564,['2019-11-25']
335,26.90257053,-82.12217549,S2A_MSIL2A_20201209T160641_R097_T17RLK_20210105T205635,2020-12-09,0.0,66564,['2019-11-25']
335,26.90257053,-82.12217549,S2A_MSIL2A_20221209T160651_R097_T17RLK_20221210T140135,2022-12-09,0.0,66192,['2019-11-25']
335,26.90257053,-82.12217549,S2B_MSIL2A_20200905T155829_R097_T17RLK_20201027T145935,2020-09-05,0.0,66564,['2019-11-25']
335,26.90257053,-82.12217549,S2B_MSIL2A_20240507T155819_R097_T17RLK_20240507T222607,2024-05-07,0.0,66564,['2019-11-25']
336,26.87966369,-82.09617693,S2B_MSIL2A_20190325T155909_R097_T17RLK_20201007T104120,2019-03-25,0.0,64468,"['2019-11-25', '2023-05-28']"
336,26.87966369,-82.09617693,S2A_MSIL2A_20180315T160021_R097_T17RLK_20201013T091802,2018-03-15,0.0,64500,"['2019-11-25', '2023-05-28']"
336,26.87966369,-82.09617693,S2B_MSIL2A_20220617T155829_R097_T17RLK_20240620T025908,2022-06-17,0.0,64104,"['2019-11-25', '2023-05-28']"
336,26.87966369,-82.09617693,S2B_MSIL2A_20260328T155859_R097_T17RLK_20260328T200110,2026-03-28,0.0,64524,"['2019-11-25', '2023-05-28']"
336,26.87966369,-82.09617693,S2A_MSIL2A_20210528T155901_R097_T17RLK_20210529T045824,2021-05-28,0.02,64040,"['2019-11-25', '2023-05-28']"
337,26.87986126,-82.07040641,S2B_MSIL2A_20231119T160549_R097_T17RLK_20241019T084741,2023-11-19,0.0,41624,['2019-11-25']
337,26.87986126,-82.07040641,S2B_MSIL2A_20201124T160609_R097_T17RLK_20201125T192103,2020-11-24,0.01,42112,['2019-11-25']
337,26.87986126,-82.07040641,S2A_MSIL2A_20161110T160502_R097_T17RLK_20210414T034146,2016-11-10,0.01,42320,['2019-11-25']
337,26.87986126,-82.07040641,S2B_MSIL2A_20190325T155909_R097_T17RLK_20201007T104120,2019-03-25,0.01,42456,['2019-11-25']
337,26.87986126,-82.07040641,S2B_MSIL2A_20220518T155819_R097_T17RLK_20220520T110426,2022-05-18,0.02,41548,['2019-11-25']
338,26.62214301,-82.21057964,S2C_MSIL2A_20250606T155841_R097_T17RLK_20250606T212214,2025-06-06,0.0,64228,"['2018-08-07', '2019-11-20']"
338,26.62214301,-82.21057964,S2B_MSIL2A_20240227T160129_R097_T17RLK_20240227T211506,2024-02-27,0.01,64316,"['2018-08-07', '2019-11-20']"
338,26.62214301,-82.21057964,S2B_MSIL2A_20231219T160659_R097_T17RLK_20231222T001352,2023-12-19,0.28,64120,"['2018-08-07', '2019-11-20']"
338,26.62214301,-82.21057964,S2B_MSIL2A_20211010T160109_R097_T17RLK_20211011T020558,2021-10-10,0.45,63904,"['2018-08-07', '2019-11-20']"
338,26.62214301,-82.21057964,S2B_MSIL2A_20251228T160559_R097_T17RLK_20251228T210144,2025-12-28,0.48,64084,"['2018-08-07', '2019-11-20']"
339,26.59903371,-82.21033632,S2C_MSIL2A_20250626T155921_R097_T17RLK_20250626T214021,2025-06-26,0.0,51588,"['2018-08-07', '2019-11-20']"
339,26.59903371,-82.21033632,S2C_MSIL2A_20250318T160021_R097_T17RLK_20250318T212400,2025-03-18,0.04,51972,"['2018-08-07', '2019-11-20']"
339,26.59903371,-82.21033632,S2B_MSIL2A_20241004T160029_R097_T17RLK_20241004T212302,2024-10-04,0.31,51800,"['2018-08-07', '2019-11-20']"
339,26.59903371,-82.21033632,S2B_MSIL2A_20171120T160539_R097_T17RLK_20201014T211532,2017-11-20,0.72,51380,"['2018-08-07', '2019-11-20']"
339,26.59903371,-82.21033632,S2B_MSIL2A_20210712T155819_R097_T17RLK_20210713T093405,2021-07-12,1.1,50796,"['2018-08-07', '2019-11-20']"
340,26.57592434,-82.21009329,S2B_MSIL2A_20241004T160029_R097_T17RLK_20241004T212302,2024-10-04,0.01,58864,"['2018-08-07', '2019-11-20']"
340,26.57592434,-82.21009329,S2B_MSIL2A_20250820T155819_R097_T17RLK_20250820T211624,2025-08-20,0.72,57544,"['2018-08-07', '2019-11-20']"
340,26.57592434,-82.21009329,S2A_MSIL2A_20180414T155901_R097_T17RLK_20201012T221013,2018-04-14,1.73,55344,"['2018-08-07', '2019-11-20']"
340,26.57592434,-82.21009329,S2A_MSIL2A_20160802T155912_R097_T17RLK_20210212T102714,2016-08-02,2.21,55204,"['2018-08-07', '2019-11-20']"
340,26.57592434,-82.21009329,S2C_MSIL2A_20251024T160341_R097_T17RLK_20251024T191119,2025-10-24,2.31,57436,"['2018-08-07', '2019-11-20']"
344,26.85503821,-82.32881874,S2A_MSIL2A_20230508T155901_R097_T17RLK_20230509T022430,2023-05-08,0.0,66200,"['2019-11-10', '2021-08-21']"
344,26.85503821,-82.32881874,S2B_MSIL2A_20200617T155829_R097_T17RLK_20200823T032741,2020-06-17,0.09,65784,"['2019-11-10', '2021-08-21']"
344,26.85503821,-82.32881874,S2A_MSIL2A_20180315T160021_R097_T17RLK_20201013T091802,2018-03-15,0.12,65832,"['2019-11-10', '2021-08-21']"
344,26.85503821,-82.32881874,S2B_MSIL2A_20171120T160539_R097_T17RLK_20201014T211532,2017-11-20,0.12,65848,"['2019-11-10', '2021-08-21']"
344,26.85503821,-82.32881874,S2B_MSIL2A_20211109T160459_R097_T17RLK_20211110T021037,2021-11-09,0.13,65840,"['2019-11-10', '2021-08-21']"
347,25.91165,-81.72805,S2B_MSIL2A_20241203T160539_R097_T17RMJ_20241203T200858,2024-12-03,0.01,45788,"['2018-08-07', '2019-11-20', '2020-12-19']"
347,25.91165,-81.72805,S2C_MSIL2A_20250206T160501_R097_T17RMJ_20250206T192610,2025-02-06,0.55,45400,"['2018-08-07', '2019-11-20', '2020-12-19']"
347,25.91165,-81.72805,S2B_MSIL2A_20251228T160559_R097_T17RMJ_20251228T210144,2025-12-28,1.49,44760,"['2018-08-07', '2019-11-20', '2020-12-19']"
347,25.91165,-81.72805,S2A_MSIL2A_20220212T160401_R097_T17RMJ_20220222T100522,2022-02-12,2.19,44308,"['2018-08-07', '2019-11-20', '2020-12-19']"
347,25.91165,-81.72805,S2A_MSIL2A_20220831T155831_R097_T17RMJ_20240710T181707,2022-08-31,2.36,43932,"['2018-08-07', '2019-11-20', '2020-12-19']"
348,27.615477,-82.725339,S2B_MSIL2A_20250502T155819_R097_T17RLL_20250502T211036,2025-05-02,0.16,47556,"['2016-10-01', '2018-10-16', '2021-07-17']"
348,27.615477,-82.725339,S2C_MSIL2A_20250726T155921_R097_T17RLL_20250726T211924,2025-07-26,0.51,46576,"['2016-10-01', '2018-10-16', '2021-07-17']"
348,27.615477,-82.725339,S2B_MSIL2A_20240227T160129_R097_T17RLL_20240227T221322,2024-02-27,0.7,46904,"['2016-10-01', '2018-10-16', '2021-07-17']"
348,27.615477,-82.725339,S2B_MSIL2A_20191011T160209_R097_T17RLL_20201004T011540,2019-10-11,1.34,46588,"['2016-10-01', '2018-10-16', '2021-07-17']"
348,27.615477,-82.725339,S2A_MSIL2A_20200403T155901_R097_T17RLL_20200924T200432,2020-04-03,1.84,46600,"['2016-10-01', '2018-10-16', '2021-07-17']"
349,27.63857761,-82.72570131,S2A_MSIL2A_20230418T155821_R097_T17RLL_20230419T160550,2023-04-18,0.0,48964,"['2018-10-16', '2021-07-17']"
349,27.63857761,-82.72570131,S2A_MSIL2A_20240412T155901_R097_T17RLL_20240413T001435,2024-04-12,0.04,48860,"['2018-10-16', '2021-07-17']"
349,27.63857761,-82.72570131,S2B_MSIL2A_20211229T160649_R097_T17RLL_20211230T213445,2021-12-29,0.11,48732,"['2018-10-16', '2021-07-17']"
349,27.63857761,-82.72570131,S2A_MSIL2A_20200203T160451_R097_T17RLL_20200930T153519,2020-02-03,0.35,48776,"['2018-10-16', '2021-07-17']"
349,27.63857761,-82.72570131,S2A_MSIL2A_20161021T160402_R097_T17RLL_20210213T130416,2016-10-21,0.52,48364,"['2018-10-16', '2021-07-17']"
350,27.63825232,-82.75163997,S2B_MSIL2A_20250502T155819_R097_T17RLL_20250502T211036,2025-05-02,0.01,60716,"['2018-10-16', '2021-07-17', '2022-12-14']"
350,27.63825232,-82.75163997,S2B_MSIL2A_20240207T160429_R097_T17RLL_20240207T220723,2024-02-07,1.9,59736,"['2018-10-16', '2021-07-17', '2022-12-14']"
350,27.63825232,-82.75163997,S2A_MSIL2A_20160911T155902_R097_T17RLL_20210212T235312,2016-09-11,2.27,60920,"['2018-10-16', '2021-07-17', '2022-12-14']"
350,27.63825232,-82.75163997,S2B_MSIL2A_20190325T155909_R097_T17RLL_20201007T104123,2019-03-25,3.43,60420,"['2018-10-16', '2021-07-17', '2022-12-14']"
350,27.63825232,-82.75163997,S2A_MSIL2A_20170529T155911_R097_T17RLL_20210209T190254,2017-05-29,3.94,59972,"['2018-10-16', '2021-07-17', '2022-12-14']"
351,27.59205166,-82.7509049,S2B_MSIL2A_20240825T155819_R097_T17RLL_20240825T202603,2024-08-25,0.0,57068,['2021-07-17']
351,27.59205166,-82.7509049,S2B_MSIL2A_20220508T155819_R097_T17RLL_20240611T235210,2022-05-08,0.01,56964,['2021-07-17']
351,27.59205166,-82.7509049,S2A_MSIL2A_20240929T160051_R097_T17RLL_20240929T214148,2024-09-29,0.48,57576,['2021-07-17']
351,27.59205166,-82.7509049,S2A_MSIL2A_20190926T160021_R097_T17RLL_20201004T171728,2019-09-26,0.79,56904,['2021-07-17']
351,27.59205166,-82.7509049,S2A_MSIL2A_20180504T155911_R097_T17RLL_20201012T054309,2018-05-04,1.35,56460,['2021-07-17']
354,26.935183,-82.1669,S2B_MSIL2A_20190325T155909_R097_T17RLK_20201007T104120,2019-03-25,0.0,42076,"['2021-04-13', '2021-04-13']"
354,26.935183,-82.1669,S2B_MSIL2A_20220329T155819_R097_T17RLK_20220330T043156,2022-03-29,0.0,42016,"['2021-04-13', '2021-04-13']"
354,26.935183,-82.1669,S2B_MSIL2A_20211010T160109_R097_T17RLK_20211011T020558,2021-10-10,0.0,41676,"['2021-04-13', '2021-04-13']"
354,26.935183,-82.1669,S2B_MSIL2A_20260117T160509_R097_T17RLK_20260117T195809,2026-01-17,0.0,41420,"['2021-04-13', '2021-04-13']"
354,26.935183,-82.1669,S2A_MSIL2A_20230418T155821_R097_T17RLK_20240906T005219,2023-04-18,0.0,42252,"['2021-04-13', '2021-04-13']"
355,26.95807578,-82.19292551,S2B_MSIL2A_20241213T160559_R097_T17RLK_20241213T200052,2024-12-13,0.0,52028,['2021-04-13']
355,26.95807578,-82.19292551,S2A_MSIL2A_20230207T160431_R097_T17RLK_20230208T154903,2023-02-07,0.0,52248,['2021-04-13']
355,26.95807578,-82.19292551,S2B_MSIL2A_20251228T160559_R097_T17RLK_20251228T210144,2025-12-28,0.0,52568,['2021-04-13']
355,26.95807578,-82.19292551,S2C_MSIL2A_20250206T160501_R097_T17RLK_20250206T192610,2025-02-06,0.02,52528,['2021-04-13']
355,26.95807578,-82.19292551,S2B_MSIL2A_20191130T160619_R097_T17RLK_20201003T211031,2019-11-30,0.05,52112,['2021-04-13']
356,26.91207436,-82.16666225,S2A_MSIL2A_20170817T155901_R097_T17RLK_20210201T031945,2017-08-17,0.0,61064,"['2019-12-15', '2021-04-13', '2021-04-13']"
356,26.91207436,-82.16666225,S2A_MSIL2A_20190529T155911_R097_T17RLK_20201006T194437,2019-05-29,0.0,61088,"['2019-12-15', '2021-04-13', '2021-04-13']"
356,26.91207436,-82.16666225,S2A_MSIL2A_20160214T160352_R097_T17RLK_20210528T063443,2016-02-14,0.0,61040,"['2019-12-15', '2021-04-13', '2021-04-13']"
356,26.91207436,-82.16666225,S2A_MSIL2A_20200203T160451_R097_T17RLK_20200930T153523,2020-02-03,0.0,61256,"['2019-12-15', '2021-04-13', '2021-04-13']"
356,26.91207436,-82.16666225,S2A_MSIL2A_20190728T155911_R097_T17RLK_20201106T040318,2019-07-28,0.0,61052,"['2019-12-15', '2021-04-13', '2021-04-13']"
357,26.91228501,-82.140885,S2C_MSIL2A_20250206T160501_R097_T17RLK_20250206T192610,2025-02-06,0.0,66564,"['2017-12-10', '2021-04-13']"
357,26.91228501,-82.140885,S2B_MSIL2A_20211109T160459_R097_T17RLK_20211110T021037,2021-11-09,0.0,66556,"['2017-12-10', '2021-04-13']"
357,26.91228501,-82.140885,S2B_MSIL2A_20180218T160309_R097_T17RLK_20201013T225422,2018-02-18,0.0,66556,"['2017-12-10', '2021-04-13']"
357,26.91228501,-82.140885,S2B_MSIL2A_20221005T160119_R097_T17RLK_20221006T091333,2022-10-05,0.0,66560,"['2017-12-10', '2021-04-13']"
357,26.91228501,-82.140885,S2A_MSIL2A_20200503T155911_R097_T17RLK_20200920T080007,2020-05-03,0.0,66564,"['2017-12-10', '2021-04-13']"
359,26.66577,-82.21941,S2C_MSIL2A_20251024T160341_R097_T17RLK_20251024T191119,2025-10-24,0.0,59404,"['2018-08-07', '2020-10-15', '2023-02-07']"
359,26.66577,-82.21941,S2A_MSIL2A_20190926T160021_R097_T17RLK_20201004T171725,2019-09-26,0.15,58636,"['2018-08-07', '2020-10-15', '2023-02-07']"
359,26.66577,-82.21941,S2A_MSIL2A_20170817T155901_R097_T17RLK_20210201T031945,2017-08-17,0.16,58516,"['2018-08-07', '2020-10-15', '2023-02-07']"
359,26.66577,-82.21941,S2A_MSIL2A_20160822T155902_R097_T17RLK_20210212T165915,2016-08-22,0.18,58536,"['2018-08-07', '2020-10-15', '2023-02-07']"
359,26.66577,-82.21941,S2B_MSIL2A_20260117T160509_R097_T17RLK_20260117T195809,2026-01-17,0.24,59704,"['2018-08-07', '2020-10-15', '2023-02-07']"
360,26.64266092,-82.21916444,S2A_MSIL2A_20220304T160151_R097_T17RLK_20240528T224642,2022-03-04,0.16,62404,['2018-08-07']
360,26.64266092,-82.21916444,S2B_MSIL2A_20200408T155819_R097_T17RLK_20200925T140327,2020-04-08,0.16,62260,['2018-08-07']
