ID,center_lat,center_lon,sat_item,date,local_cloud_cover,water_pixels,original_dates_list
820,28.09624529,-82.79356317,S2B_MSIL2A_20240527T155819_R097_T17RLM_20240527T223547,2024-05-27,0.0,63628,['2019-02-11']
820,28.09624529,-82.79356317,S2B_MSIL2A_20260206T160339_R097_T17RLM_20260206T213114,2026-02-06,0.06,63836,['2019-02-11']
820,28.09624529,-82.79356317,S2B_MSIL2A_20180509T155859_R097_T17RLM_20201012T075530,2018-05-09,0.12,63616,['2019-02-11']
820,28.09624529,-82.79356317,S2B_MSIL2A_20190424T155829_R097_T17RLM_20201109T114105,2019-04-24,0.16,63688,['2019-02-11']
820,28.09624529,-82.79356317,S2B_MSIL2A_20231219T160659_R097_T17RLM_20231222T000941,2023-12-19,0.42,63480,['2019-02-11']
821,28.11934344,-82.79394752,S2C_MSIL2A_20250517T155841_R097_T17RLM_20250517T224313,2025-05-17,0.0,64084,['2019-02-11']
821,28.11934344,-82.79394752,S2B_MSIL2A_20220220T161209_R140_T17RLM_20220226T045759,2022-02-20,0.04,64212,['2019-02-11']
821,28.11934344,-82.79394752,S2B_MSIL2A_20191130T160619_R097_T17RLM_20201003T211036,2019-11-30,0.07,63944,['2019-02-11']
821,28.11934344,-82.79394752,S2B_MSIL2A_20171213T161649_R140_T17RLM_20201014T135559,2017-12-13,0.12,64196,['2019-02-11']
821,28.11934344,-82.79394752,S2A_MSIL2A_20211117T161541_R140_T17RLM_20211118T051910,2021-11-17,0.21,64192,['2019-02-11']
822,28.14244151,-82.79433233,S2B_MSIL2A_20180509T155859_R097_T17RLM_20201012T075530,2018-05-09,0.7,53292,['2019-02-11']
822,28.14244151,-82.79433233,S2B_MSIL2A_20200617T155829_R097_T17RLM_20200823T032742,2020-06-17,0.73,53172,['2019-02-11']
822,28.14244151,-82.79433233,S2A_MSIL2A_20230108T160641_R097_T17RLM_20240812T081749,2023-01-08,0.88,53032,['2019-02-11']
822,28.14244151,-82.79433233,S2B_MSIL2A_20260110T161539_R140_T17RLM_20260110T200904,2026-01-10,0.89,53116,['2019-02-11']
822,28.14244151,-82.79433233,S2A_MSIL2A_20170208T160411_R097_T17RLM_20210208T085635,2017-02-08,0.95,53316,['2019-02-11']
846,27.51477,-82.68395,S2C_MSIL2A_20251113T160531_R097_T17RLL_20251113T194111,2025-11-13,0.07,52048,['2021-11-09']
846,27.51477,-82.68395,S2C_MSIL2A_20250815T155921_R097_T17RLL_20250815T205115,2025-08-15,0.07,51668,['2021-11-09']
846,27.51477,-82.68395,S2A_MSIL2A_20201209T160641_R097_T17RLL_20201210T203640,2020-12-09,0.65,51636,['2021-11-09']
846,27.51477,-82.68395,S2A_MSIL2A_20171125T160611_R097_T17RLL_20201014T221122,2017-11-25,0.84,51664,['2021-11-09']
846,27.51477,-82.68395,S2A_MSIL2A_20161021T160402_R097_T17RLL_20210213T130416,2016-10-21,0.87,51604,['2021-11-09']
847,27.53787144,-82.68430212,S2A_MSIL2A_20221129T160621_R097_T17RLL_20221201T181701,2022-11-29,0.0,66256,['2021-11-09']
847,27.53787144,-82.68430212,S2B_MSIL2A_20220707T155829_R097_T17RLL_20220708T114640,2022-07-07,0.0,66564,['2021-11-09']
847,27.53787144,-82.68430212,S2A_MSIL2A_20170926T160021_R097_T17RLL_20210202T100821,2017-09-26,0.0,66564,['2021-11-09']
847,27.53787144,-82.68430212,S2B_MSIL2A_20190325T155909_R097_T17RLL_20201007T104123,2019-03-25,0.0,66564,['2021-11-09']
847,27.53787144,-82.68430212,S2A_MSIL2A_20230915T155901_R097_T17RLL_20241103T091138,2023-09-15,0.0,66564,['2021-11-09']
848,27.53818309,-82.65838616,S2B_MSIL2A_20220329T155819_R097_T17RLL_20220330T040452,2022-03-29,0.0,66360,['2021-11-09']
848,27.53818309,-82.65838616,S2B_MSIL2A_20191130T160619_R097_T17RLL_20201003T211037,2019-11-30,0.02,66336,['2021-11-09']
848,27.53818309,-82.65838616,S2A_MSIL2A_20170509T155911_R097_T17RLL_20210209T141900,2017-05-09,0.02,66356,['2021-11-09']
848,27.53818309,-82.65838616,S2B_MSIL2A_20181205T160639_R097_T17RLL_20201008T074224,2018-12-05,0.02,66340,['2021-11-09']
848,27.53818309,-82.65838616,S2A_MSIL2A_20190926T160021_R097_T17RLL_20201004T171728,2019-09-26,0.02,66332,['2021-11-09']
896,30.45078559,-86.51384831,S2B_MSIL2A_20250905T161829_R040_T16REU_20250905T202408,2025-09-05,0.02,51988,['2023-07-18']
896,30.45078559,-86.51384831,S2A_MSIL2A_20220916T161921_R040_T16REU_20240731T105808,2022-09-16,0.08,51976,['2023-07-18']
896,30.45078559,-86.51384831,S2B_MSIL2A_20190917T161909_R040_T16REU_20201004T142036,2019-09-17,0.09,51848,['2023-07-18']
896,30.45078559,-86.51384831,S2A_MSIL2A_20160719T162342_R040_T16REU_20210212T060701,2016-07-19,0.13,51448,['2023-07-18']
896,30.45078559,-86.51384831,S2A_MSIL2A_20180331T161901_R040_T16REU_20201013T170731,2018-03-31,0.14,51944,['2023-07-18']
903,29.70743167,-84.91171193,S2B_MSIL2A_20180412T160859_R140_T16RGT_20201012T213509,2018-04-12,0.0,66564,['2023-09-06']
903,29.70743167,-84.91171193,S2A_MSIL2A_20160210T162412_R040_T16RFT_20210528T045722,2016-02-10,0.0,66548,['2023-09-06']
903,29.70743167,-84.91171193,S2A_MSIL2A_20190830T160901_R140_T16RGT_20201005T064901,2019-08-30,0.0,66564,['2023-09-06']
903,29.70743167,-84.91171193,S2B_MSIL2A_20201117T161549_R140_T16RGT_20201118T212832,2020-11-17,0.0,66564,['2023-09-06']
903,29.70743167,-84.91171193,S2A_MSIL2A_20210401T160901_R140_T16RFT_20210402T154314,2021-04-01,0.0,66564,['2023-09-06']
905,30.43930073,-86.53419025,S2C_MSIL2A_20250622T161851_R040_T16REU_20250622T215416,2025-06-22,0.0,64888,['2023-09-11']
905,30.43930073,-86.53419025,S2C_MSIL2A_20251020T162331_R040_T16REU_20251020T201906,2025-10-20,0.0,64880,['2023-09-11']
905,30.43930073,-86.53419025,S2B_MSIL2A_20190917T161909_R040_T16REU_20201004T142036,2019-09-17,0.02,64844,['2023-09-11']
905,30.43930073,-86.53419025,S2A_MSIL2A_20160410T162332_R040_T16REU_20210211T030028,2016-04-10,0.03,64872,['2023-09-11']
905,30.43930073,-86.53419025,S2B_MSIL2A_20190110T162639_R040_T16REU_20201008T003019,2019-01-10,0.04,64808,['2023-09-11']
939,69.59198333,-65.35596667,S2B_MSIL2A_20200802T161829_R040_T19WFT_20200815T224412,2020-08-02,0.0,66564,['2016-08-01']
939,69.59198333,-65.35596667,S2C_MSIL2A_20250831T161921_R040_T19WFT_20250831T195215,2025-08-31,0.0,66564,['2016-08-01']
939,69.59198333,-65.35596667,S2B_MSIL2A_20241020T162219_R040_T19WFT_20241020T185038,2024-10-20,0.0,66564,['2016-08-01']
939,69.59198333,-65.35596667,S2B_MSIL2A_20210317T160919_R140_T20WMC_20210318T214500,2021-03-17,0.0,66564,['2016-08-01']
939,69.59198333,-65.35596667,S2C_MSIL2A_20250406T162921_R083_T19WFT_20250406T212117,2025-04-06,0.0,66564,['2016-08-01']
940,69.61489396,-65.35204366,S2B_MSIL2A_20220530T163839_R126_T20WMC_20240619T133054,2022-05-30,0.0,46020,['2016-08-01']
940,69.61489396,-65.35204366,S2B_MSIL2A_20210218T162329_R040_T20WMC_20210219T170852,2021-02-18,0.0,66564,['2016-08-01']
940,69.61489396,-65.35204366,S2A_MSIL2A_20200827T161911_R040_T19WFT_20200907T083420,2020-08-27,0.0,66564,['2016-08-01']
940,69.61489396,-65.35204366,S2B_MSIL2A_20250511T162829_R083_T20WMC_20250511T202800,2025-05-11,0.0,66564,['2016-08-01']
940,69.61489396,-65.35204366,S2A_MSIL2A_20170405T162331_R040_T19WFT_20210209T050302,2017-04-05,0.0,66564,['2016-08-01']
941,69.61625083,-65.41776725,S2B_MSIL2A_20200629T163839_R126_T20WMC_20200909T102813,2020-06-29,0.0,66564,"['2016-08-01', '2017-07-25']"
941,69.61625083,-65.41776725,S2C_MSIL2A_20250406T162921_R083_T19WFT_20250406T212117,2025-04-06,0.0,66564,"['2016-08-01', '2017-07-25']"
941,69.61625083,-65.41776725,S2B_MSIL2A_20220510T163839_R126_T20WMC_20240611T233838,2022-05-10,0.0,66564,"['2016-08-01', '2017-07-25']"
941,69.61625083,-65.41776725,S2A_MSIL2A_20180417T160901_R140_T20WMC_20201012T232116,2018-04-17,0.0,66564,"['2016-08-01', '2017-07-25']"
941,69.61625083,-65.41776725,S2B_MSIL2A_20230725T160829_R140_T19WFT_20241018T212101,2023-07-25,0.0,66564,"['2016-08-01', '2017-07-25']"
942,69.59333855,-65.42161995,S2B_MSIL2A_20250505T160829_R140_T20WMC_20250505T235603,2025-05-05,0.0,66564,['2016-08-01']
942,69.59333855,-65.42161995,S2B_MSIL2A_20210529T161829_R040_T20WMC_20210530T003428,2021-05-29,0.0,66564,['2016-08-01']
942,69.59333855,-65.42161995,S2B_MSIL2A_20190430T161839_R040_T20WMC_20201105T234602,2019-04-30,0.0,66564,['2016-08-01']
942,69.59333855,-65.42161995,S2B_MSIL2A_20191004T161119_R140_T19WFT_20201003T223941,2019-10-04,0.0,66564,['2016-08-01']
942,69.59333855,-65.42161995,S2A_MSIL2A_20170604T162341_R040_T20WMC_20210209T203033,2017-06-04,0.0,66564,['2016-08-01']
943,69.57042611,-65.42546382,S2A_MSIL2A_20170528T163331_R083_T19WFT_20210209T185030,2017-05-28,0.0,66564,['2016-08-01']
943,69.57042611,-65.42546382,S2B_MSIL2A_20200620T160829_R140_T20WMC_20200823T115907,2020-06-20,0.0,66564,['2016-08-01']
943,69.57042611,-65.42546382,S2A_MSIL2A_20190731T160911_R140_T19WFT_20201005T201915,2019-07-31,0.0,66564,['2016-08-01']
943,69.57042611,-65.42546382,S2A_MSIL2A_20210808T163901_R126_T20WMC_20210809T022408,2021-08-08,0.0,47580,['2016-08-01']
943,69.57042611,-65.42546382,S2B_MSIL2A_20230327T160829_R140_T20WMC_20240827T003532,2023-03-27,0.0,66564,['2016-08-01']
944,69.56907254,-65.35988068,S2A_MSIL2A_20200310T162101_R040_T19WFT_20201005T034024,2020-03-10,0.0,66564,['2016-08-01']
944,69.56907254,-65.35988068,S2A_MSIL2A_20190502T160911_R140_T19WFT_20201006T090544,2019-05-02,0.0,66564,['2016-08-01']
944,69.56907254,-65.35988068,S2B_MSIL2A_20210218T162329_R040_T20WMC_20210219T170852,2021-02-18,0.04,66536,['2016-08-01']
944,69.56907254,-65.35988068,S2B_MSIL2A_20260219T161219_R140_T20WMC_20260219T194216,2026-02-19,10.31,59808,['2016-08-01']
945,69.56769441,-65.29430651,S2A_MSIL2A_20240803T160901_R140_T19WFT_20240803T235452,2024-08-03,0.0,66564,['2016-08-01']
945,69.56769441,-65.29430651,S2B_MSIL2A_20230327T160829_R140_T20WMC_20240827T003532,2023-03-27,0.0,66564,['2016-08-01']
945,69.56769441,-65.29430651,S2A_MSIL2A_20160629T162332_R040_T19WFT_20210212T002431,2016-06-29,0.0,66564,['2016-08-01']
945,69.56769441,-65.29430651,S2B_MSIL2A_20210529T161829_R040_T20WMC_20210530T003428,2021-05-29,0.16,66456,['2016-08-01']
945,69.56769441,-65.29430651,S2A_MSIL2A_20190303T161151_R140_T20WMC_20201030T104830,2019-03-03,0.63,66152,['2016-08-01']
946,79.98151667,-69.78621667,S2B_MSIL2A_20180702T185919_R013_T18XWP_20201011T111904,2018-07-02,0.0,33124,['2016-08-14']
946,79.98151667,-69.78621667,S2A_MSIL2A_20210618T184921_R113_T19XDJ_20210619T031045,2021-06-18,0.0,34788,['2016-08-14']
946,79.98151667,-69.78621667,S2B_MSIL2A_20230714T181919_R127_T19XDJ_20230715T004622,2023-07-14,0.0,50128,['2016-08-14']
946,79.98151667,-69.78621667,S2A_MSIL2A_20190501T195901_R128_T19XDJ_20201006T084125,2019-05-01,0.0,62264,['2016-08-14']
946,79.98151667,-69.78621667,S2B_MSIL2A_20250905T193859_R042_T18XWP_20250905T214724,2025-09-05,0.01,60044,['2016-08-14']
947,79.95660199,-69.66703602,S2A_MSIL2A_20230818T181921_R127_T19XDJ_20240913T004336,2023-08-18,0.0,32616,['2016-08-14']
947,79.95660199,-69.66703602,S2B_MSIL2A_20210823T181919_R127_T19XDJ_20210824T044834,2021-08-23,0.9,56996,['2016-08-14']
947,79.95660199,-69.66703602,S2B_MSIL2A_20220917T200049_R128_T18XWP_20220918T133633,2022-09-17,1.21,45720,['2016-08-14']
948,79.5542,-70.51406667,S2B_MSIL2A_20220628T184919_R113_T19XDJ_20220629T092612,2022-06-28,0.0,52652,['2016-08-14']
948,79.5542,-70.51406667,S2B_MSIL2A_20240728T181919_R127_T19XDJ_20240728T204343,2024-07-28,0.0,61608,['2016-08-14']
948,79.5542,-70.51406667,S2A_MSIL2A_20230818T181921_R127_T19XDJ_20240913T004336,2023-08-18,0.01,65888,['2016-08-14']
949,79.57880952,-70.63070222,S2A_MSIL2A_20230818T181921_R127_T19XDJ_20240913T004336,2023-08-18,0.0,58252,['2016-08-14']
949,79.57880952,-70.63070222,S2B_MSIL2A_20190521T190919_R056_T19XDJ_20201006T165347,2019-05-21,0.0,66564,['2016-08-14']
949,79.57880952,-70.63070222,S2B_MSIL2A_20220805T180919_R084_T19XDJ_20220806T131920,2022-08-05,0.0,51392,['2016-08-14']
949,79.57880952,-70.63070222,S2B_MSIL2A_20210813T181919_R127_T19XDJ_20210814T082950,2021-08-13,0.29,37476,['2016-08-14']
949,79.57880952,-70.63070222,S2B_MSIL2A_20190919T184039_R070_T18XWP_20201004T150825,2019-09-19,1.31,65412,['2016-08-14']
950,79.57527314,-70.37797413,S2A_MSIL2A_20190816T194901_R085_T19XDJ_20201005T010505,2019-08-16,0.0,66480,['2016-08-14']
951,77.31513333,-76.10368333,S2B_MSIL2A_20230806T182919_R027_T18XVL_20230807T001816,2023-08-06,0.0,41856,['2016-08-14']
951,77.31513333,-76.10368333,S2A_MSIL2A_20210311T182151_R127_T18XVL_20210312T091122,2021-03-11,0.01,66556,['2016-08-14']
951,77.31513333,-76.10368333,S2B_MSIL2A_20250324T184929_R113_T18XVL_20250324T223628,2025-03-24,1.9,65320,['2016-08-14']
951,77.31513333,-76.10368333,S2A_MSIL2A_20240928T181131_R084_T18XVL_20240929T134349,2024-09-28,2.57,64880,['2016-08-14']
952,77.33806916,-76.10564941,S2B_MSIL2A_20180606T183929_R070_T18XVL_20201026T174639,2018-06-06,0.0,66564,['2016-08-14']
952,77.33806916,-76.10564941,S2A_MSIL2A_20170611T174911_R141_T18XVL_20210209T221420,2017-06-11,0.0,35192,['2016-08-14']
952,77.33806916,-76.10564941,S2B_MSIL2A_20200517T180919_R084_T18XVL_20200910T012124,2020-05-17,0.01,66560,['2016-08-14']
952,77.33806916,-76.10564941,S2A_MSIL2A_20200926T180121_R041_T18XVL_20200927T191834,2020-09-26,0.26,66396,['2016-08-14']
953,77.31468186,-76.20809497,S2B_MSIL2A_20200629T181919_R127_T18XVL_20200824T152249,2020-06-29,0.0,66560,['2016-08-14']
953,77.31468186,-76.20809497,S2B_MSIL2A_20170814T181919_R127_T18XVL_20210131T223001,2017-08-14,0.0,66092,['2016-08-14']
953,77.31468186,-76.20809497,S2B_MSIL2A_20240529T181919_R127_T18XVL_20240529T231856,2024-05-29,0.0,66564,['2016-08-14']
953,77.31468186,-76.20809497,S2A_MSIL2A_20170515T175921_R041_T18XVL_20210209T154502,2017-05-15,8.89,57620,['2016-08-14']
954,77.29219744,-76.10172441,S2A_MSIL2A_20200725T174911_R141_T18XVL_20200817T120701,2020-07-25,0.0,62608,['2016-08-14']
954,77.29219744,-76.10172441,S2B_MSIL2A_20180508T180919_R084_T18XVL_20201012T073214,2018-05-08,0.0,64176,['2016-08-14']
954,77.29219744,-76.10172441,S2A_MSIL2A_20210311T182151_R127_T18XVL_20210312T091122,2021-03-11,0.0,66564,['2016-08-14']
954,77.29219744,-76.10172441,S2B_MSIL2A_20220822T175909_R041_T18XVL_20240719T034534,2022-08-22,0.0,44080,['2016-08-14']
954,77.29219744,-76.10172441,S2B_MSIL2A_20190726T174919_R141_T18XVL_20210422T025752,2019-07-26,0.0,61916,['2016-08-14']
955,77.31554402,-75.99926453,S2C_MSIL2A_20250718T181941_R127_T18XVL_20250718T230216,2025-07-18,0.0,66564,['2016-08-14']
955,77.31554402,-75.99926453,S2A_MSIL2A_20210311T182151_R127_T18XVL_20210312T091122,2021-03-11,0.0,66564,['2016-08-14']
956,74.221145,-91.51379152,S2B_MSIL2A_20210823T181919_R127_T15XWC_20210824T033902,2021-08-23,0.0,34072,['2016-09-23']
956,74.221145,-91.51379152,S2A_MSIL2A_20200624T181931_R127_T15XWC_20200823T224125,2020-06-24,0.0,45440,['2016-09-23']
956,74.221145,-91.51379152,S2B_MSIL2A_20170909T184049_R070_T15XWC_20210201T225503,2017-09-09,0.0,66564,['2016-09-23']
956,74.221145,-91.51379152,S2B_MSIL2A_20240525T183919_R070_T15XWC_20240525T224430,2024-05-25,0.0,66524,['2016-09-23']
957,67.43425468,-61.44640488,S2B_MSIL2A_20210729T154819_R054_T20WNV_20210730T005033,2021-07-29,0.0,46128,['2017-07-23']
957,67.43425468,-61.44640488,S2A_MSIL2A_20190228T160211_R097_T20WNV_20201007T213250,2019-02-28,0.0,37956,['2017-07-23']
957,67.43425468,-61.44640488,S2A_MSIL2A_20180812T155901_R097_T20WNV_20201011T004112,2018-08-12,0.0,66564,['2017-07-23']
957,67.43425468,-61.44640488,S2A_MSIL2A_20181014T161221_R140_T20WNV_20201009T112538,2018-10-14,9.94,60048,['2017-07-23']
958,67.43366872,-61.38664809,S2A_MSIL2A_20210624T154911_R054_T20WNV_20210625T202431,2021-06-24,0.0,49432,['2017-07-23']
958,67.43366872,-61.38664809,S2B_MSIL2A_20220714T154819_R054_T20WNV_20220715T042000,2022-07-14,0.01,39224,['2017-07-23']
958,67.43366872,-61.38664809,S2B_MSIL2A_20230725T160829_R140_T20WNV_20241018T212101,2023-07-25,0.87,60520,['2017-07-23']
960,69.63592815,-65.38761082,S2A_MSIL2A_20200402T162851_R083_T19WFT_20200924T165434,2020-04-02,0.0,66564,['2017-07-25']
960,69.63592815,-65.38761082,S2A_MSIL2A_20160705T164322_R126_T20WMC_20210212T014633,2016-07-05,0.0,66564,['2017-07-25']
960,69.63592815,-65.38761082,S2A_MSIL2A_20180417T160901_R140_T20WMC_20201012T232116,2018-04-17,0.0,66564,['2017-07-25']
960,69.63592815,-65.38761082,S2B_MSIL2A_20210529T161829_R040_T20WMC_20210530T003428,2021-05-29,0.0,66564,['2017-07-25']
960,69.63592815,-65.38761082,S2B_MSIL2A_20230505T163839_R126_T19WFT_20230506T073804,2023-05-05,0.0,66564,['2017-07-25']
961,69.63727185,-65.45340191,S2B_MSIL2A_20250511T162829_R083_T20WMC_20250511T202800,2025-05-11,0.0,66564,['2017-07-25']
961,69.63727185,-65.45340191,S2A_MSIL2A_20230917T163931_R126_T20WMC_20241026T181756,2023-09-17,0.0,66564,['2017-07-25']
961,69.63727185,-65.45340191,S2A_MSIL2A_20240901T163901_R126_T20WMC_20240901T232646,2024-09-01,0.0,66564,['2017-07-25']
961,69.63727185,-65.45340191,S2A_MSIL2A_20230219T164331_R126_T20WMC_20230221T095834,2023-02-19,0.16,66460,['2017-07-25']
961,69.63727185,-65.45340191,S2B_MSIL2A_20180217T163329_R083_T20WMC_20201013T223027,2018-02-17,6.95,62012,['2017-07-25']
962,69.61435874,-65.45722062,S2B_MSIL2A_20250511T162829_R083_T20WMC_20250511T202800,2025-05-11,0.0,66564,['2017-07-25']
962,69.61435874,-65.45722062,S2A_MSIL2A_20200402T162851_R083_T19WFT_20200924T165434,2020-04-02,0.0,66564,['2017-07-25']
962,69.61435874,-65.45722062,S2A_MSIL2A_20210808T163901_R126_T20WMC_20210809T022408,2021-08-08,0.0,66564,['2017-07-25']
962,69.61435874,-65.45722062,S2B_MSIL2A_20180819T163829_R126_T20WMC_20201011T041231,2018-08-19,0.0,66564,['2017-07-25']
962,69.61435874,-65.45722062,S2B_MSIL2A_20180217T163329_R083_T19WFT_20201013T223029,2018-02-17,0.9,65972,['2017-07-25']
963,69.59144547,-65.46103056,S2A_MSIL2A_20180417T160901_R140_T20WMC_20201012T232116,2018-04-17,0.0,66564,['2017-07-25']
963,69.59144547,-65.46103056,S2A_MSIL2A_20160801T163332_R083_T19WFT_20210212T101117,2016-08-01,0.0,66564,['2017-07-25']
963,69.59144547,-65.46103056,S2A_MSIL2A_20220306T164151_R126_T19WFT_20220307T033138,2022-03-06,0.0,66564,['2017-07-25']
963,69.59144547,-65.46103056,S2C_MSIL2A_20250831T161921_R040_T19WFT_20250831T195215,2025-08-31,0.0,66564,['2017-07-25']
963,69.59144547,-65.46103056,S2B_MSIL2A_20241013T163139_R083_T20WMC_20241013T185801,2024-10-13,0.05,66532,['2017-07-25']
964,76.38516667,-77.40516667,S2A_MSIL2A_20240706T182921_R027_T18XVK_20240707T014629,2024-07-06,0.0,63044,['2017-07-19']
964,76.38516667,-77.40516667,S2B_MSIL2A_20221004T181209_R084_T17XNE_20240801T213944,2022-10-04,0.59,34040,['2017-07-19']
965,76.38421203,-77.50249893,S2B_MSIL2A_20190702T180929_R084_T18XVK_20201005T082635,2019-07-02,0.0,62340,['2017-07-19']
965,76.38421203,-77.50249893,S2B_MSIL2A_20210607T182919_R027_T18XVK_20210610T091713,2021-06-07,0.0,66556,['2017-07-19']
965,76.38421203,-77.50249893,S2B_MSIL2A_20180727T180919_R084_T18XVK_20201011T204847,2018-07-27,0.05,66228,['2017-07-19']
965,76.38421203,-77.50249893,S2B_MSIL2A_20190923T182059_R127_T17XNE_20201004T163119,2019-09-23,0.42,66288,['2017-07-19']
965,76.38421203,-77.50249893,S2B_MSIL2A_20201008T175139_R141_T18XVK_20201010T101245,2020-10-08,9.56,60212,['2017-07-19']
966,78.32388333,-74.081,S2A_MSIL2A_20210604T190911_R056_T18XWM_20210605T132927,2021-06-04,0.0,66564,['2017-07-25']
966,78.32388333,-74.081,S2A_MSIL2A_20190907T184921_R113_T18XWN_20201004T102159,2019-09-07,0.0,66552,['2017-07-25']
966,78.32388333,-74.081,S2A_MSIL2A_20210805T180921_R084_T18XWN_20210806T042309,2021-08-05,0.0,66492,['2017-07-25']
966,78.32388333,-74.081,S2B_MSIL2A_20220825T180919_R084_T18XWN_20240708T052539,2022-08-25,0.07,61268,['2017-07-25']
966,78.32388333,-74.081,S2A_MSIL2A_20220409T175911_R041_T18XWN_20240528T115117,2022-04-09,0.48,40136,['2017-07-25']
968,78.30056609,-73.96970081,S2B_MSIL2A_20180717T180919_R084_T18XWN_20201011T170121,2018-07-17,0.0,65216,['2017-07-25']
968,78.30056609,-73.96970081,S2B_MSIL2A_20200625T183919_R070_T18XWN_20200918T210123,2020-06-25,0.0,66496,['2017-07-25']
968,78.30056609,-73.96970081,S2B_MSIL2A_20250718T190919_R056_T18XWM_20250718T224037,2025-07-18,0.0,65000,['2017-07-25']
968,78.30056609,-73.96970081,S2A_MSIL2A_20220716T185931_R013_T18XWN_20220717T092637,2022-07-16,0.0,59836,['2017-07-25']
971,77.75744401,-76.60780409,S2A_MSIL2A_20210709T181921_R127_T18XVM_20210710T103928,2021-07-09,0.0,66564,['2017-07-24']
971,77.75744401,-76.60780409,S2B_MSIL2A_20221001T180149_R041_T17XNG_20221002T170513,2022-10-01,2.06,49448,['2017-07-24']
972,77.75805186,-76.49969531,S2C_MSIL2A_20250725T180941_R084_T18XVM_20250725T225215,2025-07-25,0.0,63272,['2017-07-24']
972,77.75805186,-76.49969531,S2A_MSIL2A_20160709T175912_R041_T17XNG_20210212T030059,2016-07-09,0.0,66564,['2017-07-24']
972,77.75805186,-76.49969531,S2B_MSIL2A_20230414T184919_R113_T17XNG_20240809T115400,2023-04-14,0.0,37396,['2017-07-24']
972,77.75805186,-76.49969531,S2B_MSIL2A_20210607T182919_R027_T17XNG_20210610T092344,2021-06-07,0.0,64016,['2017-07-24']
973,77.75861743,-76.39157608,S2B_MSIL2A_20210607T182919_R027_T17XNG_20210610T092344,2021-06-07,0.0,54180,['2017-07-24']
973,77.75861743,-76.39157608,S2A_MSIL2A_20200727T182921_R027_T18XVM_20200817T181805,2020-07-27,0.0,37980,['2017-07-24']
973,77.75861743,-76.39157608,S2B_MSIL2A_20220726T180919_R084_T18XVM_20240717T084955,2022-07-26,0.0,42940,['2017-07-24']
973,77.75861743,-76.39157608,S2B_MSIL2A_20240728T181919_R127_T18XVM_20240728T204343,2024-07-28,0.0,66552,['2017-07-24']
973,77.75861743,-76.39157608,S2A_MSIL2A_20170511T181921_R127_T18XVM_20210209T144755,2017-05-11,0.02,66548,['2017-07-24']
976,63.72815348,-68.48560308,S2A_MSIL2A_20221013T161231_R140_T19VEL_20221014T010448,2022-10-13,0.01,49944,"['2019-08-20', '2020-08-22']"
976,63.72815348,-68.48560308,S2A_MSIL2A_20200715T160911_R140_T19VEL_20200912T040748,2020-07-15,0.09,49072,"['2019-08-20', '2020-08-22']"
976,63.72815348,-68.48560308,S2A_MSIL2A_20170701T161341_R140_T19VEL_20210210T032447,2017-07-01,0.31,49616,"['2019-08-20', '2020-08-22']"
976,63.72815348,-68.48560308,S2B_MSIL2A_20180711T160829_R140_T19VEL_20201011T144423,2018-07-11,0.43,48432,"['2019-08-20', '2020-08-22']"
977,63.72832911,-68.53743706,S2A_MSIL2A_20220622T155921_R097_T19VEL_20240630T142336,2022-06-22,0.0,38852,['2020-08-22']
977,63.72832911,-68.53743706,S2A_MSIL2A_20220923T161001_R140_T19VEL_20220924T182330,2022-09-23,0.0,40540,['2020-08-22']
977,63.72832911,-68.53743706,S2B_MSIL2A_20190729T161839_R040_T19VEL_20201005T194703,2019-07-29,0.2,40968,['2020-08-22']
979,63.76244395,-68.68754637,S2B_MSIL2A_20170729T161859_R040_T19VEL_20210210T163055,2017-07-29,0.01,34708,['2020-08-22']
979,63.76244395,-68.68754637,S2B_MSIL2A_20181019T161249_R140_T19VEL_20201009T131844,2018-10-19,13.23,33768,['2020-08-22']
980,63.71659881,-68.739867,S2B_MSIL2A_20230916T161829_R040_T19VEL_20241105T194748,2023-09-16,0.0,56268,['2020-08-22']
980,63.71659881,-68.739867,S2A_MSIL2A_20220811T155921_R097_T19VEL_20220812T111838,2022-08-11,0.0,54312,['2020-08-22']
980,63.71659881,-68.739867,S2B_MSIL2A_20210831T155819_R097_T19VEL_20210901T044135,2021-08-31,0.0,56860,['2020-08-22']
984,63.74678109,-68.62308403,S2B_MSIL2A_20220627T155829_R097_T19VEL_20220628T045107,2022-06-27,0.0,47408,['2019-08-12']
1043,38.31613,-123.0705,S2B_MSIL2A_20250324T184929_R113_T10SDH_20250324T234142,2025-03-24,0.0,33284,['2022-06-18']
1043,38.31613,-123.0705,S2C_MSIL2A_20260324T185031_R113_T10SDH_20260324T215217,2026-03-24,0.0,33780,['2022-06-18']
1043,38.31613,-123.0705,S2B_MSIL2A_20240401T185929_R013_T10SDH_20240402T014927,2024-04-01,0.09,33188,['2022-06-18']
1043,38.31613,-123.0705,S2C_MSIL2A_20250915T185031_R113_T10SDH_20250916T012207,2025-09-15,0.18,34688,['2022-06-18']
1043,38.31613,-123.0705,S2A_MSIL2A_20201014T190351_R013_T10SDH_20201019T004416,2020-10-14,0.31,34804,['2022-06-18']
1044,38.33920172,-123.0705224,S2B_MSIL2A_20250923T190019_R013_T10SDH_20250923T225749,2025-09-23,0.0,38128,"['2022-06-18', '2023-03-25']"
1044,38.33920172,-123.0705224,S2A_MSIL2A_20231006T185241_R113_T10SDH_20231007T022423,2023-10-06,0.01,38848,"['2022-06-18', '2023-03-25']"
1044,38.33920172,-123.0705224,S2B_MSIL2A_20211210T185759_R113_T10SDH_20211211T005143,2021-12-10,0.03,37192,"['2022-06-18', '2023-03-25']"
1044,38.33920172,-123.0705224,S2B_MSIL2A_20180709T185019_R113_T10SDH_20201011T135729,2018-07-09,0.57,37964,"['2022-06-18', '2023-03-25']"
1044,38.33920172,-123.0705224,S2B_MSIL2A_20181206T185749_R113_T10SDH_20201008T080035,2018-12-06,0.6,38560,"['2022-06-18', '2023-03-25']"
1087,25.7111,-80.1436,S2C_MSIL2A_20251031T160521_R054_T17RNJ_20251031T185919,2025-10-31,0.06,52868,['2018-11-07']
1087,25.7111,-80.1436,S2A_MSIL2A_20221007T160521_R054_T17RNJ_20221008T072013,2022-10-07,0.07,52836,['2018-11-07']
1087,25.7111,-80.1436,S2B_MSIL2A_20260404T160509_R054_T17RNJ_20260404T210418,2026-04-04,0.23,52868,['2018-11-07']
1087,25.7111,-80.1436,S2B_MSIL2A_20231017T160509_R054_T17RNJ_20241020T172838,2023-10-17,0.24,52392,['2018-11-07']
1087,25.7111,-80.1436,S2A_MSIL2A_20230125T160511_R054_T17RNJ_20240807T063957,2023-01-25,0.29,52972,['2018-11-07']
1088,25.73421473,-80.14343443,S2A_MSIL2A_20220410T160511_R054_T17RNJ_20220411T180911,2022-04-10,0.12,51312,['2018-11-07']
1088,25.73421473,-80.14343443,S2A_MSIL2A_20221206T160511_R054_T17RNJ_20221207T175448,2022-12-06,0.26,51392,['2018-11-07']
1088,25.73421473,-80.14343443,S2B_MSIL2A_20170928T160459_R054_T17RNJ_20210202T112318,2017-09-28,0.62,51152,['2018-11-07']
1088,25.73421473,-80.14343443,S2B_MSIL2A_20201231T160509_R054_T17RNJ_20210101T135331,2020-12-31,0.9,51056,['2018-11-07']
1088,25.73421473,-80.14343443,S2B_MSIL2A_20210209T160509_R054_T17RNJ_20210211T180159,2021-02-09,1.15,50900,['2018-11-07']
1104,25.10643,-80.43448,S2A_MSIL2A_20240509T160511_R054_T17RNH_20240509T233844,2024-05-09,0.0,35688,['2017-10-23']
1104,25.10643,-80.43448,S2A_MSIL2A_20230326T160511_R054_T17RNH_20230327T000753,2023-03-26,0.0,35852,['2017-10-23']
1104,25.10643,-80.43448,S2B_MSIL2A_20251115T160509_R054_T17RNH_20251115T205327,2025-11-15,0.0,35964,['2017-10-23']
1104,25.10643,-80.43448,S2B_MSIL2A_20240812T160519_R054_T17RNH_20240812T194800,2024-08-12,0.01,35648,['2017-10-23']
1104,25.10643,-80.43448,S2A_MSIL2A_20201126T160511_R054_T17RNH_20201127T143239,2020-11-26,9.66,35772,['2017-10-23']
1116,24.97153326,-80.51693746,S2B_MSIL2A_20210510T160509_R054_T17RNH_20210511T142410,2021-05-10,0.0,66564,['2022-06-14']
1116,24.97153326,-80.51693746,S2C_MSIL2A_20251021T160521_R054_T17RNH_20251021T185420,2025-10-21,0.0,66564,['2022-06-14']
1116,24.97153326,-80.51693746,S2A_MSIL2A_20170804T160511_R054_T17RNH_20210210T192010,2017-08-04,0.0,66564,['2022-06-14']
1116,24.97153326,-80.51693746,S2B_MSIL2A_20190302T160509_R054_T17RNH_20201030T092543,2019-03-02,0.0,66564,['2022-06-14']
1116,24.97153326,-80.51693746,S2B_MSIL2A_20240214T160509_R054_T17RNH_20240214T214827,2024-02-14,0.0,66564,['2022-06-14']
1119,25.9733,-81.7275,S2A_MSIL2A_20230508T155901_R097_T17RMJ_20230509T021746,2023-05-08,0.0,38184,['2022-11-24']
1119,25.9733,-81.7275,S2B_MSIL2A_20201124T160609_R097_T17RMJ_20201125T190749,2020-11-24,2.34,40940,['2022-11-24']
1119,25.9733,-81.7275,S2B_MSIL2A_20220118T160559_R097_T17RMJ_20220119T155146,2022-01-18,2.41,41376,['2022-11-24']
1119,25.9733,-81.7275,S2A_MSIL2A_20180414T155901_R097_T17RMJ_20201012T221011,2018-04-14,2.99,40292,['2022-11-24']
1119,25.9733,-81.7275,S2A_MSIL2A_20161230T160652_R097_T17RMJ_20210214T015409,2016-12-30,3.22,40392,['2022-11-24']
1126,26.28661,-81.85153,S2A_MSIL2A_20160414T155922_R097_T17RMK_20210211T035604,2016-04-14,0.0,66564,['2020-12-09']
1126,26.28661,-81.85153,S2A_MSIL2A_20200801T155911_R097_T17RMK_20200815T175024,2020-08-01,0.0,66564,['2020-12-09']
1126,26.28661,-81.85153,S2B_MSIL2A_20231020T160209_R097_T17RMK_20241108T002628,2023-10-20,0.0,66564,['2020-12-09']
1126,26.28661,-81.85153,S2A_MSIL2A_20181110T160501_R097_T17RMK_20201008T172904,2018-11-10,0.0,66564,['2020-12-09']
1126,26.28661,-81.85153,S2B_MSIL2A_20200508T155819_R097_T17RMK_20200921T020151,2020-05-08,0.15,66468,['2020-12-09']
1128,26.263497,-81.85136133,S2B_MSIL2A_20231020T160209_R097_T17RMK_20241108T002628,2023-10-20,0.0,66564,['2020-12-09']
1128,26.263497,-81.85136133,S2B_MSIL2A_20251228T160559_R097_T17RMK_20251228T210144,2025-12-28,0.0,66564,['2020-12-09']
1128,26.263497,-81.85136133,S2C_MSIL2A_20250226T160251_R097_T17RMK_20250226T192212,2025-02-26,0.0,66564,['2020-12-09']
1128,26.263497,-81.85136133,S2B_MSIL2A_20180916T155859_R097_T17RMK_20201009T015128,2018-09-16,0.0,66564,['2020-12-09']
1128,26.263497,-81.85136133,S2A_MSIL2A_20170926T160021_R097_T17RMK_20210202T100824,2017-09-26,0.0,66564,['2020-12-09']
1132,26.3901,-81.8795,S2B_MSIL2A_20220518T155819_R097_T17RMK_20220520T121206,2022-05-18,0.22,44976,['2019-10-26']
1132,26.3901,-81.8795,S2C_MSIL2A_20250226T160251_R097_T17RMK_20250226T192212,2025-02-26,1.8,47552,['2019-10-26']
1132,26.3901,-81.8795,S2B_MSIL2A_20230722T155829_R097_T17RMK_20230722T235627,2023-07-22,3.17,45224,['2019-10-26']
1132,26.3901,-81.8795,S2A_MSIL2A_20181110T160501_R097_T17RMK_20201008T172904,2018-11-10,4.49,44236,['2019-10-26']
1132,26.3901,-81.8795,S2B_MSIL2A_20211109T160459_R097_T17RMK_20211110T022957,2021-11-09,4.96,43612,['2019-10-26']
1134,26.43380428,-81.99129142,S2A_MSIL2A_20200304T160131_R097_T17RLK_20201101T170705,2020-03-04,0.0,66564,['2018-09-26']
1134,26.43380428,-81.99129142,S2B_MSIL2A_20241213T160559_R097_T17RLK_20241213T200052,2024-12-13,0.0,66564,['2018-09-26']
1134,26.43380428,-81.99129142,S2B_MSIL2A_20240815T155819_R097_T17RLK_20240815T202258,2024-08-15,0.0,66564,['2018-09-26']
1134,26.43380428,-81.99129142,S2A_MSIL2A_20180305T160131_R097_T17RLK_20201013T065315,2018-03-05,0.0,66564,['2018-09-26']
1134,26.43380428,-81.99129142,S2A_MSIL2A_20220712T155921_R097_T17RLK_20220714T004636,2022-07-12,0.0,66564,['2018-09-26']
1138,26.3878,-81.97891,S2A_MSIL2A_20220304T160151_R097_T17RLK_20240528T224642,2022-03-04,0.0,66564,['2019-11-20']
1138,26.3878,-81.97891,S2A_MSIL2A_20210428T155901_R097_T17RMK_20210429T114127,2021-04-28,0.0,66564,['2019-11-20']
1138,26.3878,-81.97891,S2B_MSIL2A_20241123T160509_R097_T17RMK_20241123T202829,2024-11-23,0.0,66564,['2019-11-20']
1138,26.3878,-81.97891,S2B_MSIL2A_20241004T160029_R097_T17RLK_20241004T212302,2024-10-04,0.0,66564,['2019-11-20']
1138,26.3878,-81.97891,S2B_MSIL2A_20171210T160639_R097_T17RMK_20201014T131725,2017-12-10,0.0,66564,['2019-11-20']
1139,26.36451052,-82.00437124,S2C_MSIL2A_20260221T160301_R097_T17RLK_20260221T192217,2026-02-21,0.0,66564,['2019-11-20']
1139,26.36451052,-82.00437124,S2A_MSIL2A_20170310T160041_R097_T17RLK_20210208T212028,2017-03-10,0.0,66564,['2019-11-20']
1139,26.36451052,-82.00437124,S2B_MSIL2A_20230222T160249_R097_T17RLK_20230223T115256,2023-02-22,0.0,66564,['2019-11-20']
1139,26.36451052,-82.00437124,S2B_MSIL2A_20250502T155819_R097_T17RLK_20250502T211036,2025-05-02,0.0,66564,['2019-11-20']
1139,26.36451052,-82.00437124,S2B_MSIL2A_20180817T155819_R097_T17RLK_20201011T031434,2018-08-17,0.0,66564,['2019-11-20']
1140,26.36468815,-81.97871524,S2B_MSIL2A_20220806T155829_R097_T17RLK_20220807T204734,2022-08-06,0.0,66564,['2019-11-20']
1140,26.36468815,-81.97871524,S2B_MSIL2A_20240417T155819_R097_T17RLK_20240417T231836,2024-04-17,0.0,66564,['2019-11-20']
1140,26.36468815,-81.97871524,S2A_MSIL2A_20161001T160052_R097_T17RLK_20210213T062946,2016-10-01,0.0,66564,['2019-11-20']
1140,26.36468815,-81.97871524,S2B_MSIL2A_20260117T160509_R097_T17RLK_20260117T195809,2026-01-17,0.0,66564,['2019-11-20']
1140,26.36468815,-81.97871524,S2A_MSIL2A_20221219T160701_R097_T17RMK_20221220T120549,2022-12-19,0.0,66564,['2019-11-20']
1141,26.36486119,-81.95305901,S2B_MSIL2A_20231219T160659_R097_T17RLK_20231222T001352,2023-12-19,0.0,66564,['2019-11-20']
1141,26.36486119,-81.95305901,S2B_MSIL2A_20180916T155859_R097_T17RLK_20201009T015123,2018-09-16,0.0,66564,['2019-11-20']
1141,26.36486119,-81.95305901,S2A_MSIL2A_20240721T155901_R097_T17RLK_20240722T005347,2024-07-21,0.0,66564,['2019-11-20']
1141,26.36486119,-81.95305901,S2B_MSIL2A_20210811T155819_R097_T17RLK_20210812T040634,2021-08-11,0.0,66564,['2019-11-20']
1141,26.36486119,-81.95305901,S2B_MSIL2A_20250112T160529_R097_T17RMK_20250112T210836,2025-01-12,0.01,66560,['2019-11-20']
1142,26.38797322,-81.95324866,S2A_MSIL2A_20161120T160552_R097_T17RLK_20210414T172327,2016-11-20,0.0,66564,['2019-11-20']
1142,26.38797322,-81.95324866,S2B_MSIL2A_20180218T160309_R097_T17RLK_20201013T225422,2018-02-18,0.0,66564,['2019-11-20']
1142,26.38797322,-81.95324866,S2A_MSIL2A_20220930T160051_R097_T17RMK_20240726T095241,2022-09-30,0.0,66564,['2019-11-20']
1142,26.38797322,-81.95324866,S2A_MSIL2A_20230806T155911_R097_T17RMK_20230807T021741,2023-08-06,0.0,66564,['2019-11-20']
1142,26.38797322,-81.95324866,S2A_MSIL2A_20210528T155901_R097_T17RLK_20210529T045824,2021-05-28,0.0,66564,['2019-11-20']
1144,26.3141,-82.00202,S2A_MSIL2A_20160214T160352_R097_T17RLK_20210528T063443,2016-02-14,0.0,66560,['2019-11-20']
1144,26.3141,-82.00202,S2C_MSIL2A_20260221T160301_R097_T17RLK_20260221T192217,2026-02-21,0.0,66564,['2019-11-20']
1144,26.3141,-82.00202,S2B_MSIL2A_20190901T155829_R097_T17RLK_20201004T081125,2019-09-01,0.0,66564,['2019-11-20']
1144,26.3141,-82.00202,S2A_MSIL2A_20240701T160031_R097_T17RLK_20240702T012619,2024-07-01,0.0,66564,['2019-11-20']
1144,26.3141,-82.00202,S2B_MSIL2A_20190114T160619_R097_T17RMK_20201008T013618,2019-01-14,0.0,34056,['2019-11-20']
1145,26.33721185,-82.00221895,S2B_MSIL2A_20210314T155929_R097_T17RLK_20210315T193904,2021-03-14,0.0,66564,['2019-11-20']
1145,26.33721185,-82.00221895,S2A_MSIL2A_20240909T155901_R097_T17RLK_20240909T230449,2024-09-09,0.0,66564,['2019-11-20']
1145,26.33721185,-82.00221895,S2B_MSIL2A_20211109T160459_R097_T17RLK_20211110T021037,2021-11-09,0.0,66564,['2019-11-20']
1145,26.33721185,-82.00221895,S2B_MSIL2A_20250112T160529_R097_T17RMK_20250112T210836,2025-01-12,0.0,34056,['2019-11-20']
1145,26.33721185,-82.00221895,S2C_MSIL2A_20250427T155921_R097_T17RMK_20250427T205612,2025-04-27,0.0,34056,['2019-11-20']
1146,26.33703018,-82.02786871,S2A_MSIL2A_20200801T155911_R097_T17RLK_20200815T175016,2020-08-01,0.0,66564,['2019-11-20']
1146,26.33703018,-82.02786871,S2A_MSIL2A_20161110T160502_R097_T17RLK_20210414T034146,2016-11-10,0.0,66564,['2019-11-20']
1146,26.33703018,-82.02786871,S2B_MSIL2A_20201104T160439_R097_T17RLK_20201106T105557,2020-11-04,0.0,66564,['2019-11-20']
1146,26.33703018,-82.02786871,S2C_MSIL2A_20250226T160251_R097_T17RLK_20250226T192212,2025-02-26,0.0,66564,['2019-11-20']
1146,26.33703018,-82.02786871,S2B_MSIL2A_20210712T155819_R097_T17RLK_20210713T093405,2021-07-12,0.0,66564,['2019-11-20']
1147,26.31391851,-82.02766466,S2B_MSIL2A_20241024T160239_R097_T17RLK_20241024T213906,2024-10-24,0.0,66564,['2019-11-20']
1147,26.31391851,-82.02766466,S2A_MSIL2A_20230418T155821_R097_T17RLK_20240906T005219,2023-04-18,0.0,66564,['2019-11-20']
1147,26.31391851,-82.02766466,S2A_MSIL2A_20160822T155902_R097_T17RLK_20210212T165915,2016-08-22,0.0,66564,['2019-11-20']
1147,26.31391851,-82.02766466,S2B_MSIL2A_20220428T155819_R097_T17RLK_20220713T223642,2022-04-28,0.0,66564,['2019-11-20']
1147,26.31391851,-82.02766466,S2A_MSIL2A_20190728T155911_R097_T17RLK_20201106T040318,2019-07-28,0.0,66564,['2019-11-20']
1148,26.33738893,-81.97656896,S2A_MSIL2A_20201219T160701_R097_T17RLK_20201220T172045,2020-12-19,0.0,66564,['2019-11-20']
1148,26.33738893,-81.97656896,S2A_MSIL2A_20230627T155821_R097_T17RLK_20230628T022813,2023-06-27,0.0,66564,['2019-11-20']
1148,26.33738893,-81.97656896,S2B_MSIL2A_20241123T160509_R097_T17RMK_20241123T202829,2024-11-23,0.0,66564,['2019-11-20']
1148,26.33738893,-81.97656896,S2C_MSIL2A_20251024T160341_R097_T17RLK_20251024T191119,2025-10-24,0.0,66564,['2019-11-20']
1148,26.33738893,-81.97656896,S2B_MSIL2A_20211010T160109_R097_T17RLK_20211011T020558,2021-10-10,0.0,66564,['2019-11-20']
1153,26.94118,-82.06233,S2A_MSIL2A_20220712T155921_R097_T17RLK_20220714T004636,2022-07-12,0.1,57656,['2021-04-18']
1153,26.94118,-82.06233,S2A_MSIL2A_20161110T160502_R097_T17RLK_20210414T034146,2016-11-10,0.63,57880,['2021-04-18']
1153,26.94118,-82.06233,S2A_MSIL2A_20210925T160021_R097_T17RLK_20210926T163159,2021-09-25,1.62,57448,['2021-04-18']
1153,26.94118,-82.06233,S2A_MSIL2A_20230518T155901_R097_T17RLK_20230519T015659,2023-05-18,1.78,56504,['2021-04-18']
1153,26.94118,-82.06233,S2A_MSIL2A_20180623T155901_R097_T17RLK_20201012T012652,2018-06-23,2.19,57232,['2021-04-18']
1154,26.96448136,-82.03675673,S2A_MSIL2A_20240412T155901_R097_T17RLK_20240413T001336,2024-04-12,0.0,43184,['2021-04-18']
1154,26.96448136,-82.03675673,S2B_MSIL2A_20240527T155819_R097_T17RLK_20240527T222100,2024-05-27,0.0,42924,['2021-04-18']
1154,26.96448136,-82.03675673,S2B_MSIL2A_20250502T155819_R097_T17RLK_20250502T211036,2025-05-02,0.11,43276,['2021-04-18']
1154,26.96448136,-82.03675673,S2B_MSIL2A_20230222T160249_R097_T17RLK_20230223T115256,2023-02-22,1.89,43252,['2021-04-18']
1154,26.96448136,-82.03675673,S2B_MSIL2A_20210801T155819_R097_T17RLK_20210802T072319,2021-08-01,3.53,42288,['2021-04-18']
1156,26.62204049,-82.06259358,S2C_MSIL2A_20251014T160241_R097_T17RLK_20251014T191613,2025-10-14,0.0,41668,['2018-01-09']
1156,26.62204049,-82.06259358,S2B_MSIL2A_20240207T160429_R097_T17RLK_20240207T220711,2024-02-07,0.0,41624,['2018-01-09']
1156,26.62204049,-82.06259358,S2B_MSIL2A_20190424T155829_R097_T17RLK_20201105T173333,2019-04-24,0.75,40724,['2018-01-09']
1156,26.62204049,-82.06259358,S2A_MSIL2A_20190926T160021_R097_T17RLK_20201004T171725,2019-09-26,0.94,40748,['2018-01-09']
1156,26.62204049,-82.06259358,S2A_MSIL2A_20201209T160641_R097_T17RLK_20210105T205635,2020-12-09,0.96,41228,['2018-01-09']
1158,26.64811031,-82.0744162,S2C_MSIL2A_20260221T160301_R097_T17RLK_20260221T192217,2026-02-21,0.0,43692,['2018-01-09']
1158,26.64811031,-82.0744162,S2A_MSIL2A_20230207T160431_R097_T17RLK_20230208T154903,2023-02-07,0.01,46524,['2018-01-09']
1158,26.64811031,-82.0744162,S2C_MSIL2A_20250318T160021_R097_T17RLK_20250318T212400,2025-03-18,0.07,43716,['2018-01-09']
1158,26.64811031,-82.0744162,S2B_MSIL2A_20231219T160659_R097_T17RLK_20231222T001352,2023-12-19,0.53,43688,['2018-01-09']
1158,26.64811031,-82.0744162,S2B_MSIL2A_20191120T160549_R097_T17RLK_20201003T182645,2019-11-20,0.85,42352,['2018-01-09']
1180,26.4887,-82.1073,S2B_MSIL2A_20240815T155819_R097_T17RLK_20240815T202258,2024-08-15,0.0,57256,"['2018-08-22', '2019-10-26', '2020-12-09']"
1180,26.4887,-82.1073,S2B_MSIL2A_20221025T160339_R097_T17RLK_20240724T153558,2022-10-25,0.0,58548,"['2018-08-22', '2019-10-26', '2020-12-09']"
1180,26.4887,-82.1073,S2B_MSIL2A_20220518T155819_R097_T17RLK_20220520T110426,2022-05-18,0.0,56240,"['2018-08-22', '2019-10-26', '2020-12-09']"
1180,26.4887,-82.1073,S2A_MSIL2A_20160214T160352_R097_T17RLK_20210528T063443,2016-02-14,0.02,55244,"['2018-08-22', '2019-10-26', '2020-12-09']"
1180,26.4887,-82.1073,S2A_MSIL2A_20230207T160431_R097_T17RLK_20230208T154903,2023-02-07,0.07,57952,"['2018-08-22', '2019-10-26', '2020-12-09']"
1181,26.5118105,-82.10752154,S2B_MSIL2A_20250820T155819_R097_T17RLK_20250820T211624,2025-08-20,0.0,51384,"['2018-08-22', '2020-12-09']"
1181,26.5118105,-82.10752154,S2C_MSIL2A_20260221T160301_R097_T17RLK_20260221T192217,2026-02-21,0.02,51700,"['2018-08-22', '2020-12-09']"
1181,26.5118105,-82.10752154,S2A_MSIL2A_20220712T155921_R097_T17RLK_20220714T004636,2022-07-12,0.23,49096,"['2018-08-22', '2020-12-09']"
1181,26.5118105,-82.10752154,S2A_MSIL2A_20161110T160502_R097_T17RLK_20210414T034146,2016-11-10,0.29,49076,"['2018-08-22', '2020-12-09']"
1181,26.5118105,-82.10752154,S2A_MSIL2A_20200203T160451_R097_T17RLK_20200930T153523,2020-02-03,0.52,49616,"['2018-08-22', '2020-12-09']"
1187,26.46578615,-82.08140119,S2B_MSIL2A_20220329T155819_R097_T17RLK_20220330T043156,2022-03-29,0.0,61068,"['2019-10-26', '2020-12-09']"
1187,26.46578615,-82.08140119,S2A_MSIL2A_20160802T155912_R097_T17RLK_20210212T102714,2016-08-02,0.01,60808,"['2019-10-26', '2020-12-09']"
1187,26.46578615,-82.08140119,S2B_MSIL2A_20190325T155909_R097_T17RLK_20201007T104120,2019-03-25,0.02,61044,"['2019-10-26', '2020-12-09']"
1187,26.46578615,-82.08140119,S2B_MSIL2A_20200627T155829_R097_T17RLK_20200824T090551,2020-06-27,0.02,61076,"['2019-10-26', '2020-12-09']"
1187,26.46578615,-82.08140119,S2B_MSIL2A_20171031T160359_R097_T17RLK_20201015T033024,2017-10-31,0.08,61152,"['2019-10-26', '2020-12-09']"
1188,26.48889692,-82.08161734,S2B_MSIL2A_20240726T155819_R097_T17RLK_20240726T201315,2024-07-26,0.01,39372,"['2019-10-26', '2020-12-09']"
1188,26.48889692,-82.08161734,S2B_MSIL2A_20221005T160119_R097_T17RLK_20221006T091333,2022-10-05,0.02,40072,"['2019-10-26', '2020-12-09']"
1188,26.48889692,-82.08161734,S2A_MSIL2A_20210227T160211_R097_T17RLK_20210228T075312,2021-02-27,0.74,38820,"['2019-10-26', '2020-12-09']"
1188,26.48889692,-82.08161734,S2B_MSIL2A_20211229T160649_R097_T17RLK_20211230T211628,2021-12-29,0.74,38936,"['2019-10-26', '2020-12-09']"
1188,26.48889692,-82.08161734,S2A_MSIL2A_20220712T155921_R097_T17RLK_20220714T004636,2022-07-12,0.85,38096,"['2019-10-26', '2020-12-09']"
1196,26.9119,-82.10845,S2B_MSIL2A_20250502T155819_R097_T17RLK_20250502T211036,2025-05-02,0.0,65592,"['2017-12-10', '2023-05-28']"
1196,26.9119,-82.10845,S2B_MSIL2A_20191110T160459_R097_T17RLK_20201003T151338,2019-11-10,0.05,65704,"['2017-12-10', '2023-05-28']"
1196,26.9119,-82.10845,S2A_MSIL2A_20181031T160411_R097_T17RLK_20201009T170537,2018-10-31,0.05,65800,"['2017-12-10', '2023-05-28']"
1196,26.9119,-82.10845,S2A_MSIL2A_20170310T160041_R097_T17RLK_20210208T212028,2017-03-10,0.05,65784,"['2017-12-10', '2023-05-28']"
1196,26.9119,-82.10845,S2B_MSIL2A_20221025T160339_R097_T17RLK_20240724T153558,2022-10-25,0.06,65744,"['2017-12-10', '2023-05-28']"
1199,26.93520934,-82.0828929,S2A_MSIL2A_20220513T155821_R097_T17RLK_20220516T062203,2022-05-13,0.0,61216,"['2017-12-10', '2021-04-28']"
1199,26.93520934,-82.0828929,S2C_MSIL2A_20250726T155921_R097_T17RLK_20250726T211924,2025-07-26,0.01,61188,"['2017-12-10', '2021-04-28']"
1199,26.93520934,-82.0828929,S2C_MSIL2A_20251014T160241_R097_T17RLK_20251014T191613,2025-10-14,0.02,61368,"['2017-12-10', '2021-04-28']"
1199,26.93520934,-82.0828929,S2A_MSIL2A_20210128T160521_R097_T17RLK_20210129T081603,2021-01-28,0.38,61360,"['2017-12-10', '2021-04-28']"
1199,26.93520934,-82.0828929,S2A_MSIL2A_20200203T160451_R097_T17RLK_20200930T153523,2020-02-03,0.42,61444,"['2017-12-10', '2021-04-28']"
1203,26.95583223,-82.09306242,S2A_MSIL2A_20230418T155821_R097_T17RLK_20240906T005219,2023-04-18,0.0,38096,['2021-04-28']
1203,26.95583223,-82.09306242,S2A_MSIL2A_20240222T160251_R097_T17RLK_20240222T232202,2024-02-22,0.0,38492,['2021-04-28']
1203,26.95583223,-82.09306242,S2B_MSIL2A_20170703T155909_R097_T17RLK_20210210T042132,2017-07-03,0.74,37440,['2021-04-28']
1203,26.95583223,-82.09306242,S2A_MSIL2A_20200304T160131_R097_T17RLK_20201101T170705,2020-03-04,1.02,37940,['2021-04-28']
1203,26.95583223,-82.09306242,S2A_MSIL2A_20181031T160411_R097_T17RLK_20201009T170537,2018-10-31,1.78,37836,['2021-04-28']
1204,26.59981,-82.13492789,S2B_MSIL2A_20260328T155859_R097_T17RLK_20260328T200110,2026-03-28,0.0,50452,"['2017-11-25', '2023-02-22']"
1204,26.59981,-82.13492789,S2B_MSIL2A_20241123T160509_R097_T17RLK_20241123T202829,2024-11-23,0.02,50612,"['2017-11-25', '2023-02-22']"
1204,26.59981,-82.13492789,S2A_MSIL2A_20161021T160402_R097_T17RLK_20210213T130414,2016-10-21,0.37,49276,"['2017-11-25', '2023-02-22']"
1204,26.59981,-82.13492789,S2A_MSIL2A_20200203T160451_R097_T17RLK_20200930T153523,2020-02-03,0.44,49444,"['2017-11-25', '2023-02-22']"
1204,26.59981,-82.13492789,S2B_MSIL2A_20181205T160639_R097_T17RLK_20201008T074221,2018-12-05,0.49,49104,"['2017-11-25', '2023-02-22']"
1207,26.73229467,-82.1121331,S2B_MSIL2A_20231119T160549_R097_T17RLK_20241019T084741,2023-11-19,0.0,66564,['2021-04-13']
1207,26.73229467,-82.1121331,S2A_MSIL2A_20230508T155901_R097_T17RLK_20230509T022430,2023-05-08,0.0,66564,['2021-04-13']
1207,26.73229467,-82.1121331,S2A_MSIL2A_20230915T155901_R097_T17RLK_20241103T091138,2023-09-15,0.0,66564,['2021-04-13']
1207,26.73229467,-82.1121331,S2A_MSIL2A_20160214T160352_R097_T17RLK_20210528T063443,2016-02-14,0.0,66552,['2021-04-13']
1207,26.73229467,-82.1121331,S2A_MSIL2A_20160514T155912_R097_T17RLK_20210211T111802,2016-05-14,0.0,66564,['2021-04-13']
1208,26.578,-82.13845,S2B_MSIL2A_20181205T160639_R097_T17RLK_20201008T074221,2018-12-05,0.0,66384,['2017-11-25']
1208,26.578,-82.13845,S2A_MSIL2A_20211124T160611_R097_T17RLK_20211125T041110,2021-11-24,0.0,66384,['2017-11-25']
1208,26.578,-82.13845,S2C_MSIL2A_20260221T160301_R097_T17RLK_20260221T192217,2026-02-21,0.0,66488,['2017-11-25']
1208,26.578,-82.13845,S2B_MSIL2A_20220329T155819_R097_T17RLK_20220330T043156,2022-03-29,0.0,66396,['2017-11-25']
1208,26.578,-82.13845,S2A_MSIL2A_20170310T160041_R097_T17RLK_20210208T212028,2017-03-10,0.0,66408,['2017-11-25']
1212,26.7112675,-82.12820494,S2B_MSIL2A_20211229T160649_R097_T17RLK_20211230T211628,2021-12-29,0.0,64328,['2019-10-26']
1212,26.7112675,-82.12820494,S2B_MSIL2A_20210712T155819_R097_T17RLK_20210713T093405,2021-07-12,0.0,63920,['2019-10-26']
1212,26.7112675,-82.12820494,S2A_MSIL2A_20230508T155901_R097_T17RLK_20230509T022430,2023-05-08,0.0,64484,['2019-10-26']
1212,26.7112675,-82.12820494,S2B_MSIL2A_20220617T155829_R097_T17RLK_20240620T025908,2022-06-17,0.0,63816,['2019-10-26']
1212,26.7112675,-82.12820494,S2B_MSIL2A_20250112T160529_R097_T17RLK_20250112T210836,2025-01-12,0.03,64444,['2019-10-26']
1213,26.73437711,-82.12843286,S2B_MSIL2A_20180218T160309_R097_T17RLK_20201013T225422,2018-02-18,0.0,66564,['2019-10-26']
1213,26.73437711,-82.12843286,S2B_MSIL2A_20220518T155819_R097_T17RLK_20220520T110426,2022-05-18,0.0,66564,['2019-10-26']
1213,26.73437711,-82.12843286,S2C_MSIL2A_20250726T155921_R097_T17RLK_20250726T211924,2025-07-26,0.0,66564,['2019-10-26']
1213,26.73437711,-82.12843286,S2B_MSIL2A_20211229T160649_R097_T17RLK_20211230T211628,2021-12-29,0.0,66564,['2019-10-26']
1213,26.73437711,-82.12843286,S2B_MSIL2A_20230222T160249_R097_T17RLK_20230223T115256,2023-02-22,0.0,66564,['2019-10-26']
1216,26.5264,-82.1945,S2B_MSIL2A_20251228T160559_R097_T17RLK_20251228T210144,2025-12-28,0.31,56476,['2018-08-07']
1216,26.5264,-82.1945,S2A_MSIL2A_20161001T160052_R097_T17RLK_20210213T062946,2016-10-01,0.54,55448,['2018-08-07']
1216,26.5264,-82.1945,S2A_MSIL2A_20170926T160021_R097_T17RLK_20210202T100817,2017-09-26,0.76,55396,['2018-08-07']
1216,26.5264,-82.1945,S2B_MSIL2A_20201124T160609_R097_T17RLK_20201125T192103,2020-11-24,0.79,55308,['2018-08-07']
1216,26.5264,-82.1945,S2A_MSIL2A_20160802T155912_R097_T17RLK_20210212T102714,2016-08-02,0.85,54980,['2018-08-07']
1218,26.57654322,-82.22924091,S2B_MSIL2A_20201104T160439_R097_T17RLK_20201106T105557,2020-11-04,0.07,65032,['2018-08-07']
1218,26.57654322,-82.22924091,S2B_MSIL2A_20190524T155829_R097_T17RLK_20201006T175852,2019-05-24,0.16,65012,['2018-08-07']
1218,26.57654322,-82.22924091,S2A_MSIL2A_20181031T160411_R097_T17RLK_20201009T170537,2018-10-31,0.16,64908,['2018-08-07']
1218,26.57654322,-82.22924091,S2A_MSIL2A_20161021T160402_R097_T17RLK_20210213T130414,2016-10-21,0.16,64800,['2018-08-07']
1218,26.57654322,-82.22924091,S2B_MSIL2A_20180509T155859_R097_T17RLK_20201012T075530,2018-05-09,0.18,64640,['2018-08-07']
1219,26.80562,-82.27415,S2A_MSIL2A_20230309T160101_R097_T17RLK_20240823T143703,2023-03-09,0.02,55036,"['2018-07-18', '2018-07-28']"
1219,26.80562,-82.27415,S2A_MSIL2A_20220712T155921_R097_T17RLK_20220714T004636,2022-07-12,0.03,54064,"['2018-07-18', '2018-07-28']"
1219,26.80562,-82.27415,S2B_MSIL2A_20230831T155829_R097_T17RLK_20230831T221651,2023-08-31,0.98,54768,"['2018-07-18', '2018-07-28']"
1219,26.80562,-82.27415,S2A_MSIL2A_20200304T160131_R097_T17RLK_20201101T170705,2020-03-04,2.91,52960,"['2018-07-18', '2018-07-28']"
1219,26.80562,-82.27415,S2A_MSIL2A_20170529T155911_R097_T17RLK_20210209T190257,2017-05-29,3.25,51988,"['2018-07-18', '2018-07-28']"
1220,26.82849371,-82.30016548,S2B_MSIL2A_20220428T155819_R097_T17RLK_20220713T223642,2022-04-28,0.01,60416,"['2018-07-18', '2018-07-28', '2019-11-10']"
1220,26.82849371,-82.30016548,S2C_MSIL2A_20251024T160341_R097_T17RLK_20251024T191119,2025-10-24,0.19,61860,"['2018-07-18', '2018-07-28', '2019-11-10']"
1220,26.82849371,-82.30016548,S2A_MSIL2A_20240412T155901_R097_T17RLK_20240413T001336,2024-04-12,0.34,59804,"['2018-07-18', '2018-07-28', '2019-11-10']"
1220,26.82849371,-82.30016548,S2B_MSIL2A_20190325T155909_R097_T17RLK_20201007T104120,2019-03-25,0.89,59756,"['2018-07-18', '2018-07-28', '2019-11-10']"
1220,26.82849371,-82.30016548,S2B_MSIL2A_20180218T160309_R097_T17RLK_20201013T225422,2018-02-18,1.27,59548,"['2018-07-18', '2018-07-28', '2019-11-10']"
1221,26.78251186,-82.27389186,S2C_MSIL2A_20250924T160021_R097_T17RLK_20250924T212114,2025-09-24,0.0,56812,"['2018-07-18', '2018-07-28']"
1221,26.78251186,-82.27389186,S2B_MSIL2A_20240507T155819_R097_T17RLK_20240507T222607,2024-05-07,0.0,55456,"['2018-07-18', '2018-07-28']"
1221,26.78251186,-82.27389186,S2A_MSIL2A_20230418T155821_R097_T17RLK_20240906T005219,2023-04-18,0.04,55908,"['2018-07-18', '2018-07-28']"
1221,26.78251186,-82.27389186,S2B_MSIL2A_20241004T160029_R097_T17RLK_20241004T212302,2024-10-04,0.38,56284,"['2018-07-18', '2018-07-28']"
1221,26.78251186,-82.27389186,S2A_MSIL2A_20220712T155921_R097_T17RLK_20220714T004636,2022-07-12,0.92,54904,"['2018-07-18', '2018-07-28']"
1227,26.84801729,-82.35037409,S2B_MSIL2A_20210314T155929_R097_T17RLK_20210315T193904,2021-03-14,0.0,66564,['2021-08-21']
1227,26.84801729,-82.35037409,S2B_MSIL2A_20190325T155909_R097_T17RLK_20201007T104120,2019-03-25,0.0,66564,['2021-08-21']
1227,26.84801729,-82.35037409,S2B_MSIL2A_20231219T160659_R097_T17RLK_20231222T001352,2023-12-19,0.0,66544,['2021-08-21']
1227,26.84801729,-82.35037409,S2B_MSIL2A_20231020T160209_R097_T17RLK_20231020T230636,2023-10-20,0.0,66476,['2021-08-21']
1227,26.84801729,-82.35037409,S2B_MSIL2A_20180817T155819_R097_T17RLK_20201011T031434,2018-08-17,0.0,66564,['2021-08-21']
1233,26.9664971,-82.3784835,S2A_MSIL2A_20230806T155911_R097_T17RLK_20230807T021929,2023-08-06,0.0,47252,['2018-07-28']
1233,26.9664971,-82.3784835,S2B_MSIL2A_20220329T155819_R097_T17RLK_20220330T043156,2022-03-29,0.49,46936,['2018-07-28']
1233,26.9664971,-82.3784835,S2A_MSIL2A_20230108T160641_R097_T17RLK_20240812T081749,2023-01-08,0.73,47044,['2018-07-28']
1233,26.9664971,-82.3784835,S2B_MSIL2A_20240527T155819_R097_T17RLK_20240527T222100,2024-05-27,1.04,46932,['2018-07-28']
1233,26.9664971,-82.3784835,S2A_MSIL2A_20181110T160501_R097_T17RLK_20201008T172900,2018-11-10,1.62,46552,['2018-07-28']
1235,26.92028375,-82.37792139,S2B_MSIL2A_20250502T155819_R097_T17RLK_20250502T211036,2025-05-02,0.0,66320,['2018-07-28']
1235,26.92028375,-82.37792139,S2A_MSIL2A_20170926T160021_R097_T17RLK_20210202T100817,2017-09-26,0.03,66384,['2018-07-28']
1235,26.92028375,-82.37792139,S2A_MSIL2A_20190728T155911_R097_T17RLK_20201106T040318,2019-07-28,0.04,66380,['2018-07-28']
1235,26.92028375,-82.37792139,S2B_MSIL2A_20220329T155819_R097_T17RLK_20220330T043156,2022-03-29,0.04,66364,['2018-07-28']
1235,26.92028375,-82.37792139,S2A_MSIL2A_20181031T160411_R097_T17RLK_20201009T170537,2018-10-31,0.05,66372,['2018-07-28']
1239,26.90156307,-82.36161266,S2B_MSIL2A_20240726T155819_R097_T17RLK_20240726T201315,2024-07-26,0.01,64716,['2018-09-16']
1239,26.90156307,-82.36161266,S2B_MSIL2A_20241203T160539_R097_T17RLK_20241203T200858,2024-12-03,0.27,64940,['2018-09-16']
1239,26.90156307,-82.36161266,S2B_MSIL2A_20170703T155909_R097_T17RLK_20210210T042132,2017-07-03,0.6,64340,['2018-09-16']
1239,26.90156307,-82.36161266,S2A_MSIL2A_20210528T155901_R097_T17RLK_20210529T045824,2021-05-28,0.78,64364,['2018-09-16']
1239,26.90156307,-82.36161266,S2A_MSIL2A_20190728T155911_R097_T17RLK_20201106T040318,2019-07-28,0.79,64360,['2018-09-16']
1240,27.01031,-82.41312,S2B_MSIL2A_20220518T155819_R097_T17RLK_20220520T110426,2022-05-18,0.07,40300,['2021-10-10']
1240,27.01031,-82.41312,S2A_MSIL2A_20230108T160641_R097_T17RLK_20240812T081749,2023-01-08,0.17,41012,['2021-10-10']
1240,27.01031,-82.41312,S2A_MSIL2A_20220202T160501_R097_T17RLK_20220513T005023,2022-02-02,0.23,41248,['2021-10-10']
1240,27.01031,-82.41312,S2C_MSIL2A_20250206T160501_R097_T17RLK_20250206T192610,2025-02-06,1.59,41904,['2021-10-10']
1240,27.01031,-82.41312,S2B_MSIL2A_20190623T155829_R097_T17RLK_20201006T053548,2019-06-23,1.87,39764,['2021-10-10']
1246,27.01154408,-82.42769782,S2A_MSIL2A_20220212T160401_R097_T17RLK_20220222T093822,2022-02-12,0.08,64828,['2018-08-17']
1246,27.01154408,-82.42769782,S2C_MSIL2A_20250606T155841_R097_T17RLK_20250606T212214,2025-06-06,0.25,65008,['2018-08-17']
1246,27.01154408,-82.42769782,S2A_MSIL2A_20190926T160021_R097_T17RLK_20201004T171725,2019-09-26,0.25,64656,['2018-08-17']
1246,27.01154408,-82.42769782,S2A_MSIL2A_20240412T155901_R097_T17RLK_20240413T001336,2024-04-12,0.26,64540,['2018-08-17']
1246,27.01154408,-82.42769782,S2A_MSIL2A_20200203T160451_R097_T17RLK_20200930T153523,2020-02-03,0.4,64692,['2018-08-17']
1248,27.12332,-82.47122,S2C_MSIL2A_20250726T155921_R097_T17RLL_20250726T211924,2025-07-26,0.0,40736,"['2021-10-10', '2022-11-19']"
1248,27.12332,-82.47122,S2B_MSIL2A_20171031T160359_R097_T17RLL_20201015T033027,2017-10-31,1.05,40088,"['2021-10-10', '2022-11-19']"
1248,27.12332,-82.47122,S2B_MSIL2A_20191110T160459_R097_T17RLL_20201003T151344,2019-11-10,1.66,39948,"['2021-10-10', '2022-11-19']"
1248,27.12332,-82.47122,S2A_MSIL2A_20220712T155921_R097_T17RLL_20240713T031722,2022-07-12,2.86,39444,"['2021-10-10', '2022-11-19']"
1248,27.12332,-82.47122,S2A_MSIL2A_20160623T160352_R097_T17RLL_20210211T222716,2016-06-23,3.94,38624,"['2021-10-10', '2022-11-19']"
1252,27.28799412,-82.57928038,S2C_MSIL2A_20251113T160531_R097_T17RLL_20251113T194111,2025-11-13,0.0,63924,"['2015-11-16', '2021-10-10']"
1252,27.28799412,-82.57928038,S2B_MSIL2A_20240207T160429_R097_T17RLL_20240207T220723,2024-02-07,0.0,63588,"['2015-11-16', '2021-10-10']"
1252,27.28799412,-82.57928038,S2A_MSIL2A_20170208T160411_R097_T17RLL_20210208T085634,2017-02-08,0.33,63744,"['2015-11-16', '2021-10-10']"
1252,27.28799412,-82.57928038,S2B_MSIL2A_20200228T160119_R097_T17RLL_20200929T020600,2020-02-28,0.68,63776,"['2015-11-16', '2021-10-10']"
1252,27.28799412,-82.57928038,S2C_MSIL2A_20250318T160021_R097_T17RLL_20250318T212400,2025-03-18,1.1,63788,"['2015-11-16', '2021-10-10']"
1253,27.26489064,-82.57895371,S2B_MSIL2A_20250112T160529_R097_T17RLL_20250112T210836,2025-01-12,0.0,65212,['2015-11-16']
1253,27.26489064,-82.57895371,S2B_MSIL2A_20260206T160339_R097_T17RLL_20260206T213114,2026-02-06,0.0,65212,['2015-11-16']
1253,27.26489064,-82.57895371,S2A_MSIL2A_20231104T160431_R097_T17RLL_20231104T224159,2023-11-04,0.65,64896,['2015-11-16']
1253,27.26489064,-82.57895371,S2A_MSIL2A_20200203T160451_R097_T17RLL_20200930T153519,2020-02-03,0.75,65100,['2015-11-16']
1253,27.26489064,-82.57895371,S2A_MSIL2A_20201209T160641_R097_T17RLL_20201210T203640,2020-12-09,0.97,65016,['2015-11-16']
1256,27.3316,-82.5779,S2A_MSIL2A_20230915T155901_R097_T17RLL_20241103T091138,2023-09-15,0.0,50288,"['2018-11-10', '2021-08-01']"
1256,27.3316,-82.5779,S2C_MSIL2A_20260221T160301_R097_T17RLL_20260221T192217,2026-02-21,0.0,51428,"['2018-11-10', '2021-08-01']"
1256,27.3316,-82.5779,S2B_MSIL2A_20250919T155839_R097_T17RLL_20250919T211656,2025-09-19,0.01,50404,"['2018-11-10', '2021-08-01']"
1256,27.3316,-82.5779,S2A_MSIL2A_20180305T160131_R097_T17RLL_20201013T065308,2018-03-05,1.53,49888,"['2018-11-10', '2021-08-01']"
1256,27.3316,-82.5779,S2B_MSIL2A_20171210T160639_R097_T17RLL_20201014T131728,2017-12-10,1.54,49884,"['2018-11-10', '2021-08-01']"
1257,27.35470327,-82.57822738,S2C_MSIL2A_20250417T155921_R097_T17RLL_20250418T083115,2025-04-17,0.0,66564,['2018-11-10']
1257,27.35470327,-82.57822738,S2A_MSIL2A_20181230T160651_R097_T17RLL_20201008T141453,2018-12-30,0.0,66564,['2018-11-10']
1257,27.35470327,-82.57822738,S2B_MSIL2A_20170921T155929_R097_T17RLL_20210202T074140,2017-09-21,0.01,66556,['2018-11-10']
1257,27.35470327,-82.57822738,S2A_MSIL2A_20180504T155911_R097_T17RLL_20201012T054309,2018-05-04,0.02,66548,['2018-11-10']
1257,27.35470327,-82.57822738,S2A_MSIL2A_20210627T155911_R097_T17RLL_20210629T140600,2021-06-27,0.03,66544,['2018-11-10']
1260,27.30849665,-82.57757301,S2C_MSIL2A_20250417T155921_R097_T17RLL_20250418T083115,2025-04-17,0.0,46332,"['2018-11-10', '2021-08-01']"
1260,27.30849665,-82.57757301,S2B_MSIL2A_20260328T155859_R097_T17RLL_20260328T200110,2026-03-28,0.36,46044,"['2018-11-10', '2021-08-01']"
1260,27.30849665,-82.57757301,S2A_MSIL2A_20251215T160711_R097_T17RLL_20251215T193112,2025-12-15,2.53,45812,"['2018-11-10', '2021-08-01']"
1260,27.30849665,-82.57757301,S2A_MSIL2A_20180124T160541_R097_T17RLL_20201014T082104,2018-01-24,3.28,45400,"['2018-11-10', '2021-08-01']"
1260,27.30849665,-82.57757301,S2A_MSIL2A_20220712T155921_R097_T17RLL_20240713T031722,2022-07-12,5.56,44256,"['2018-11-10', '2021-08-01']"
1261,27.30878618,-82.55170919,S2A_MSIL2A_20231104T160431_R097_T17RLL_20231104T224159,2023-11-04,0.0,46888,"['2018-11-10', '2021-08-01']"
1261,27.30878618,-82.55170919,S2B_MSIL2A_20260328T155859_R097_T17RLL_20260328T200110,2026-03-28,0.01,46840,"['2018-11-10', '2021-08-01']"
1261,27.30878618,-82.55170919,S2B_MSIL2A_20220508T155819_R097_T17RLL_20240611T235210,2022-05-08,0.02,45708,"['2018-11-10', '2021-08-01']"
1261,27.30878618,-82.55170919,S2C_MSIL2A_20250206T160501_R097_T17RLL_20250206T192610,2025-02-06,0.07,47792,"['2018-11-10', '2021-08-01']"
1261,27.30878618,-82.55170919,S2A_MSIL2A_20170208T160411_R097_T17RLL_20210208T085634,2017-02-08,1.23,46924,"['2018-11-10', '2021-08-01']"
1262,27.33188981,-82.55203082,S2B_MSIL2A_20260328T155859_R097_T17RLL_20260328T200110,2026-03-28,0.0,45488,"['2018-11-10', '2021-08-01']"
1262,27.33188981,-82.55203082,S2A_MSIL2A_20200203T160451_R097_T17RLL_20200930T153519,2020-02-03,2.4,45400,"['2018-11-10', '2021-08-01']"
1262,27.33188981,-82.55203082,S2A_MSIL2A_20200403T155901_R097_T17RLL_20200924T200432,2020-04-03,3.06,44652,"['2018-11-10', '2021-08-01']"
1262,27.33188981,-82.55203082,S2A_MSIL2A_20180504T155911_R097_T17RLL_20201012T054309,2018-05-04,3.45,44052,"['2018-11-10', '2021-08-01']"
1262,27.33188981,-82.55203082,S2B_MSIL2A_20210222T160149_R097_T17RLL_20210228T124559,2021-02-22,5.24,44028,"['2018-11-10', '2021-08-01']"
1269,26.57899828,-82.56031376,S2B_MSIL2A_20190901T155829_R097_T17RLK_20201004T081125,2019-09-01,0.0,66564,['2015-12-16']
1269,26.57899828,-82.56031376,S2B_MSIL2A_20220617T155829_R097_T17RLK_20240620T025908,2022-06-17,0.0,66564,['2015-12-16']
1269,26.57899828,-82.56031376,S2A_MSIL2A_20160214T160352_R097_T17RLK_20210528T063443,2016-02-14,0.0,66564,['2015-12-16']
1269,26.57899828,-82.56031376,S2B_MSIL2A_20221025T160339_R097_T17RLK_20240724T153558,2022-10-25,0.0,66564,['2015-12-16']
1269,26.57899828,-82.56031376,S2A_MSIL2A_20170509T155911_R097_T17RLK_20210209T141858,2017-05-09,0.0,66564,['2015-12-16']
1272,27.78320553,-82.60564017,S2B_MSIL2A_20250112T160529_R097_T17RLL_20250112T210836,2025-01-12,0.0,62064,['2015-12-16']
1272,27.78320553,-82.60564017,S2C_MSIL2A_20251024T160341_R097_T17RLL_20251024T191119,2025-10-24,0.0,61964,['2015-12-16']
1272,27.78320553,-82.60564017,S2A_MSIL2A_20220212T160401_R097_T17RLL_20220222T094909,2022-02-12,0.03,61980,['2015-12-16']
1272,27.78320553,-82.60564017,S2B_MSIL2A_20200228T160119_R097_T17RLL_20200929T020600,2020-02-28,0.22,61956,['2015-12-16']
1272,27.78320553,-82.60564017,S2B_MSIL2A_20211229T160649_R097_T17RLL_20211230T213445,2021-12-29,0.24,62048,['2015-12-16']
1279,27.69522,-82.71707,S2A_MSIL2A_20221129T160621_R097_T17RLL_20221201T181701,2022-11-29,0.02,51176,['2018-09-21']
1279,27.69522,-82.71707,S2C_MSIL2A_20260412T155821_R097_T17RLL_20260412T210156,2026-04-12,0.03,50672,['2018-09-21']
1279,27.69522,-82.71707,S2B_MSIL2A_20220607T155819_R097_T17RLL_20220608T053252,2022-06-07,0.07,49980,['2018-09-21']
1279,27.69522,-82.71707,S2B_MSIL2A_20241203T160539_R097_T17RLL_20241203T200858,2024-12-03,0.08,51092,['2018-09-21']
1279,27.69522,-82.71707,S2A_MSIL2A_20210128T160521_R097_T17RLL_20210202T105133,2021-01-28,1.25,50768,['2018-09-21']
1280,27.71832044,-82.7174318,S2C_MSIL2A_20250318T160021_R097_T17RLL_20250318T212400,2025-03-18,0.89,53616,['2018-09-21']
1280,27.71832044,-82.7174318,S2A_MSIL2A_20170509T155911_R097_T17RLL_20210209T141900,2017-05-09,1.28,52068,['2018-09-21']
1280,27.71832044,-82.7174318,S2B_MSIL2A_20200617T155829_R097_T17RLL_20200823T032740,2020-06-17,1.4,52216,['2018-09-21']
1280,27.71832044,-82.7174318,S2A_MSIL2A_20160911T155902_R097_T17RLL_20210212T235312,2016-09-11,1.58,52480,['2018-09-21']
1280,27.71832044,-82.7174318,S2A_MSIL2A_20180623T155901_R097_T17RLL_20201012T012653,2018-06-23,1.77,51984,['2018-09-21']
1281,27.71799585,-82.74338941,S2B_MSIL2A_20250502T155819_R097_T17RLL_20250502T211036,2025-05-02,0.0,50516,['2018-09-21']
1281,27.71799585,-82.74338941,S2A_MSIL2A_20240412T155901_R097_T17RLL_20240413T001435,2024-04-12,1.14,49920,['2018-09-21']
1281,27.71799585,-82.74338941,S2A_MSIL2A_20220304T160151_R097_T17RLL_20240528T224642,2022-03-04,1.73,50748,['2018-09-21']
1281,27.71799585,-82.74338941,S2B_MSIL2A_20210930T155959_R097_T17RLL_20211002T012855,2021-09-30,2.79,48504,['2018-09-21']
1281,27.71799585,-82.74338941,S2A_MSIL2A_20191225T160651_R097_T17RLL_20201003T092446,2019-12-25,4.43,49776,['2018-09-21']
1282,27.69489572,-82.74302215,S2B_MSIL2A_20260328T155859_R097_T17RLL_20260328T200110,2026-03-28,0.1,57640,['2018-09-21']
1282,27.69489572,-82.74302215,S2C_MSIL2A_20251024T160341_R097_T17RLL_20251024T191119,2025-10-24,0.75,57192,['2018-09-21']
1282,27.69489572,-82.74302215,S2A_MSIL2A_20180504T155911_R097_T17RLL_20201012T054309,2018-05-04,1.19,55360,['2018-09-21']
1282,27.69489572,-82.74302215,S2B_MSIL2A_20201124T160609_R097_T17RLL_20201125T192000,2020-11-24,2.42,56292,['2018-09-21']
1282,27.69489572,-82.74302215,S2A_MSIL2A_20180305T160131_R097_T17RLL_20201013T065308,2018-03-05,2.76,56164,['2018-09-21']
1284,27.67211948,-82.71670863,S2A_MSIL2A_20230207T160431_R097_T17RLL_20240812T220006,2023-02-07,0.0,49160,"['2018-09-21', '2018-10-16']"
1284,27.67211948,-82.71670863,S2B_MSIL2A_20230811T155829_R097_T17RLL_20241025T121853,2023-08-11,0.0,48384,"['2018-09-21', '2018-10-16']"
1284,27.67211948,-82.71670863,S2B_MSIL2A_20180509T155859_R097_T17RLL_20201012T075528,2018-05-09,0.71,48248,"['2018-09-21', '2018-10-16']"
1284,27.67211948,-82.71670863,S2A_MSIL2A_20220304T160151_R097_T17RLL_20240528T224642,2022-03-04,0.72,48816,"['2018-09-21', '2018-10-16']"
1284,27.67211948,-82.71670863,S2B_MSIL2A_20211109T160459_R097_T17RLL_20211110T015620,2021-11-09,0.84,48472,"['2018-09-21', '2018-10-16']"
1289,27.62262581,-82.7430144,S2B_MSIL2A_20220508T155819_R097_T17RLL_20240611T235210,2022-05-08,0.01,51932,"['2018-09-06', '2018-10-16', '2021-09-30']"
1289,27.62262581,-82.7430144,S2A_MSIL2A_20220722T155911_R097_T17RLL_20240711T012639,2022-07-22,0.04,51900,"['2018-09-06', '2018-10-16', '2021-09-30']"
1289,27.62262581,-82.7430144,S2B_MSIL2A_20231119T160549_R097_T17RLL_20241019T084741,2023-11-19,0.07,50080,"['2018-09-06', '2018-10-16', '2021-09-30']"
1289,27.62262581,-82.7430144,S2B_MSIL2A_20240417T155819_R097_T17RLL_20240417T231835,2024-04-17,0.14,52032,"['2018-09-06', '2018-10-16', '2021-09-30']"
1289,27.62262581,-82.7430144,S2A_MSIL2A_20220304T160151_R097_T17RLL_20240528T224642,2022-03-04,0.69,51696,"['2018-09-06', '2018-10-16', '2021-09-30']"
1298,27.5385,-82.7402,S2A_MSIL2A_20240721T155901_R097_T17RLL_20240722T005326,2024-07-21,0.0,53872,"['2018-09-06', '2021-08-06']"
1298,27.5385,-82.7402,S2C_MSIL2A_20250226T160251_R097_T17RLL_20250226T192212,2025-02-26,0.93,53400,"['2018-09-06', '2021-08-06']"
1298,27.5385,-82.7402,S2B_MSIL2A_20200228T160119_R097_T17RLL_20200929T020600,2020-02-28,2.22,51168,"['2018-09-06', '2021-08-06']"
1298,27.5385,-82.7402,S2B_MSIL2A_20211229T160649_R097_T17RLL_20211230T213445,2021-12-29,2.47,51680,"['2018-09-06', '2021-08-06']"
1298,27.5385,-82.7402,S2A_MSIL2A_20180613T155901_R097_T17RLL_20201026T234705,2018-06-13,2.51,50904,"['2018-09-06', '2021-08-06']"
1302,27.515721,-82.71392625,S2A_MSIL2A_20230915T155901_R097_T17RLL_20241103T091138,2023-09-15,0.0,38168,['2021-08-06']
1302,27.515721,-82.71392625,S2B_MSIL2A_20250919T155839_R097_T17RLL_20250919T211656,2025-09-19,0.05,38260,['2021-08-06']
1302,27.515721,-82.71392625,S2B_MSIL2A_20241024T160239_R097_T17RLL_20241024T213906,2024-10-24,0.2,38392,['2021-08-06']
1302,27.515721,-82.71392625,S2A_MSIL2A_20230309T160101_R097_T17RLL_20240823T143703,2023-03-09,0.41,38208,['2021-08-06']
1302,27.515721,-82.71392625,S2A_MSIL2A_20170509T155911_R097_T17RLL_20210209T141900,2017-05-09,2.26,36932,['2021-08-06']
1303,27.53882208,-82.71428465,S2B_MSIL2A_20260206T160339_R097_T17RLL_20260206T213114,2026-02-06,0.0,65568,['2021-08-06']
1303,27.53882208,-82.71428465,S2A_MSIL2A_20230528T155911_R097_T17RLL_20240908T194220,2023-05-28,0.01,65384,['2021-08-06']
1303,27.53882208,-82.71428465,S2A_MSIL2A_20240323T155921_R097_T17RLL_20240324T002120,2024-03-23,0.01,65564,['2021-08-06']
1303,27.53882208,-82.71428465,S2A_MSIL2A_20220304T160151_R097_T17RLL_20240528T224642,2022-03-04,0.11,65348,['2021-08-06']
1303,27.53882208,-82.71428465,S2B_MSIL2A_20181205T160639_R097_T17RLL_20201008T074224,2018-12-05,0.18,65368,['2021-08-06']
1304,27.76524,-82.77117,S2A_MSIL2A_20240502T155901_R097_T17RLL_20240503T001348,2024-05-02,0.05,46900,['2021-07-17']
1304,27.76524,-82.77117,S2C_MSIL2A_20251113T160531_R097_T17RLL_20251113T194111,2025-11-13,0.46,48012,['2021-07-17']
1304,27.76524,-82.77117,S2C_MSIL2A_20250206T160501_R097_T17RLL_20250206T192610,2025-02-06,1.93,47432,['2021-07-17']
1304,27.76524,-82.77117,S2B_MSIL2A_20200925T155929_R097_T17RLL_20200926T221136,2020-09-25,3.01,44404,['2021-07-17']
1304,27.76524,-82.77117,S2A_MSIL2A_20200203T160451_R097_T17RLL_20200930T153519,2020-02-03,7.18,45436,['2021-07-17']
1306,27.76490481,-82.79713799,S2A_MSIL2A_20180315T160021_R097_T17RLL_20201013T091802,2018-03-15,0.0,66564,['2021-07-17']
1306,27.76490481,-82.79713799,S2B_MSIL2A_20230423T155819_R097_T17RLL_20240831T032118,2023-04-23,0.0,66564,['2021-07-17']
1306,27.76490481,-82.79713799,S2A_MSIL2A_20220722T155911_R097_T17RLL_20240711T012639,2022-07-22,0.0,66564,['2021-07-17']
1306,27.76490481,-82.79713799,S2A_MSIL2A_20200801T155911_R097_T17RLL_20200815T175015,2020-08-01,0.0,66564,['2021-07-17']
1306,27.76490481,-82.79713799,S2B_MSIL2A_20260328T155859_R097_T17RLL_20260328T200110,2026-03-28,0.0,66564,['2021-07-17']
1307,27.74180551,-82.79675865,S2B_MSIL2A_20210930T155959_R097_T17RLL_20211002T012855,2021-09-30,0.0,66564,['2021-07-17']
1307,27.74180551,-82.79675865,S2A_MSIL2A_20180404T155901_R097_T17RLL_20201012T181114,2018-04-04,0.0,66564,['2021-07-17']
1307,27.74180551,-82.79675865,S2B_MSIL2A_20231119T160549_R097_T17RLL_20241019T084741,2023-11-19,0.0,66564,['2021-07-17']
1307,27.74180551,-82.79675865,S2A_MSIL2A_20201030T160411_R097_T17RLL_20201101T214348,2020-10-30,0.0,66564,['2021-07-17']
1307,27.74180551,-82.79675865,S2B_MSIL2A_20250502T155819_R097_T17RLL_20250502T211036,2025-05-02,0.0,66564,['2021-07-17']
1308,27.74214038,-82.77079614,S2B_MSIL2A_20240527T155819_R097_T17RLL_20240527T223747,2024-05-27,0.0,63624,['2021-07-17']
1308,27.74214038,-82.77079614,S2C_MSIL2A_20260221T160301_R097_T17RLL_20260221T192217,2026-02-21,0.0,63684,['2021-07-17']
1308,27.74214038,-82.77079614,S2A_MSIL2A_20230207T160431_R097_T17RLL_20240812T220006,2023-02-07,0.0,63420,['2021-07-17']
1308,27.74214038,-82.77079614,S2B_MSIL2A_20220118T160559_R097_T17RLL_20220119T153950,2022-01-18,0.44,63068,['2021-07-17']
1308,27.74214038,-82.77079614,S2B_MSIL2A_20180218T160309_R097_T17RLL_20201013T225427,2018-02-18,0.49,62940,['2021-07-17']
1309,27.98108306,-82.83807499,S2B_MSIL2A_20220508T155819_R097_T17RLL_20240611T235210,2022-05-08,0.45,56580,"['2018-09-24', '2018-11-08']"
1309,27.98108306,-82.83807499,S2B_MSIL2A_20230324T155919_R097_T17RLM_20240824T132818,2023-03-24,1.2,56736,"['2018-09-24', '2018-11-08']"
1309,27.98108306,-82.83807499,S2A_MSIL2A_20190628T155911_R097_T17RLL_20201006T072410,2019-06-28,3.48,55176,"['2018-09-24', '2018-11-08']"
1309,27.98108306,-82.83807499,S2A_MSIL2A_20200327T160901_R140_T17RLM_20201027T113434,2020-03-27,5.64,55716,"['2018-09-24', '2018-11-08']"
1309,27.98108306,-82.83807499,S2A_MSIL2A_20201013T161231_R140_T17RLL_20201015T033311,2020-10-13,5.88,55556,"['2018-09-24', '2018-11-08']"
1316,28.00702058,-82.84848371,S2A_MSIL2A_20230111T161631_R140_T17RLL_20230112T111725,2023-01-11,0.0,49188,['2018-10-21']
1316,28.00702058,-82.84848371,S2B_MSIL2A_20180509T155859_R097_T17RLM_20201012T075530,2018-05-09,0.0,66564,['2018-10-21']
1316,28.00702058,-82.84848371,S2B_MSIL2A_20260301T161109_R140_T17RLM_20260301T213315,2026-03-01,0.0,66564,['2018-10-21']
1316,28.00702058,-82.84848371,S2A_MSIL2A_20201209T160641_R097_T17RLM_20201210T203910,2020-12-09,0.0,66564,['2018-10-21']
1316,28.00702058,-82.84848371,S2B_MSIL2A_20200122T161549_R140_T17RLM_20201002T062029,2020-01-22,0.0,66564,['2018-10-21']
1323,28.03512345,-82.83824001,S2B_MSIL2A_20191223T161659_R140_T17RLM_20201003T085038,2019-12-23,0.0,66452,['2018-09-24']
1323,28.03512345,-82.83824001,S2B_MSIL2A_20220707T155829_R097_T17RLM_20220708T113558,2022-07-07,0.0,66424,['2018-09-24']
1323,28.03512345,-82.83824001,S2B_MSIL2A_20250303T160059_R097_T17RLM_20250303T200242,2025-03-03,0.0,66472,['2018-09-24']
1323,28.03512345,-82.83824001,S2A_MSIL2A_20250919T161701_R140_T17RLM_20250920T002414,2025-09-19,0.0,66388,['2018-09-24']
1323,28.03512345,-82.83824001,S2A_MSIL2A_20201102T161431_R140_T17RLM_20201104T005846,2020-11-02,0.0,66420,['2018-09-24']
1328,27.82442798,-82.88314848,S2A_MSIL2A_20250110T161631_R140_T17RLL_20250110T193551,2025-01-10,0.0,66564,['2018-10-14']
1328,27.82442798,-82.88314848,S2A_MSIL2A_20190323T160931_R140_T17RLL_20201007T094258,2019-03-23,0.0,66564,['2018-10-14']
1328,27.82442798,-82.88314848,S2A_MSIL2A_20171228T161651_R140_T17RLL_20201014T165638,2017-12-28,0.0,66564,['2018-10-14']
1328,27.82442798,-82.88314848,S2A_MSIL2A_20210717T155911_R097_T17RLL_20210718T034237,2021-07-17,0.0,66564,['2018-10-14']
1328,27.82442798,-82.88314848,S2A_MSIL2A_20230322T160941_R140_T17RLL_20230323T015136,2023-03-22,0.0,66564,['2018-10-14']
1330,29.79863,-85.30442,S2A_MSIL2A_20241201T161631_R140_T16RFU_20241201T193354,2024-12-01,0.0,39828,['2018-10-29']
1330,29.79863,-85.30442,S2A_MSIL2A_20240704T160901_R140_T16RFT_20240706T010013,2024-07-04,0.0,39964,['2018-10-29']
1330,29.79863,-85.30442,S2A_MSIL2A_20240813T160901_R140_T16RFT_20240813T234454,2024-08-13,0.0,39692,['2018-10-29']
1330,29.79863,-85.30442,S2C_MSIL2A_20250719T160921_R140_T16RFT_20250719T211215,2025-07-19,0.02,39916,['2018-10-29']
1330,29.79863,-85.30442,S2A_MSIL2A_20160410T162332_R040_T16RFT_20210211T030030,2016-04-10,0.23,40132,['2018-10-29']
1331,29.7755364,-85.30480929,S2B_MSIL2A_20240104T162659_R040_T16RFU_20240104T203236,2024-01-04,0.0,37160,['2018-10-29']
1331,29.7755364,-85.30480929,S2B_MSIL2A_20250515T160829_R140_T16RFU_20250515T211031,2025-05-15,0.0,37088,['2018-10-29']
1331,29.7755364,-85.30480929,S2A_MSIL2A_20230213T162401_R040_T16RFT_20240816T014207,2023-02-13,0.0,37072,['2018-10-29']
1331,29.7755364,-85.30480929,S2A_MSIL2A_20191101T162431_R040_T16RFU_20201003T115313,2019-11-01,0.02,36872,['2018-10-29']
1331,29.7755364,-85.30480929,S2B_MSIL2A_20180323T160929_R140_T16RFT_20201013T131552,2018-03-23,0.02,37032,['2018-10-29']
1332,29.77702595,-85.38537311,S2B_MSIL2A_20191004T161119_R140_T16RFU_20201003T223909,2019-10-04,0.0,66564,['2015-11-12']
1332,29.77702595,-85.38537311,S2B_MSIL2A_20190321T161949_R040_T16RFT_20210515T185834,2019-03-21,0.0,66564,['2015-11-12']
1332,29.77702595,-85.38537311,S2A_MSIL2A_20170316T162321_R040_T16RFT_20210208T230444,2017-03-16,0.0,66564,['2015-11-12']
1332,29.77702595,-85.38537311,S2B_MSIL2A_20200125T162539_R040_T16RFU_20201002T104839,2020-01-25,0.0,66564,['2015-11-12']
1332,29.77702595,-85.38537311,S2C_MSIL2A_20250719T160921_R140_T16RFT_20250719T211215,2025-07-19,0.07,66520,['2015-11-12']
1333,29.75393133,-85.38574349,S2B_MSIL2A_20231003T161019_R140_T16RFU_20231004T004544,2023-10-03,0.01,50516,['2015-11-12']
1333,29.75393133,-85.38574349,S2A_MSIL2A_20230315T162031_R040_T16RFT_20230315T233040,2023-03-15,0.02,50676,['2015-11-12']
1333,29.75393133,-85.38574349,S2B_MSIL2A_20210923T160909_R140_T16RFU_20210924T114222,2021-09-23,0.78,50576,['2015-11-12']
1333,29.75393133,-85.38574349,S2A_MSIL2A_20210401T160901_R140_T16RFT_20210402T154314,2021-04-01,1.09,50308,['2015-11-12']
1333,29.75393133,-85.38574349,S2B_MSIL2A_20180813T161859_R040_T16RFT_20201011T012259,2018-08-13,1.12,49208,['2015-11-12']
1334,29.75327475,-85.33280984,S2B_MSIL2A_20191203T161629_R140_T16RFU_20201003T002214,2019-12-03,0.0,66564,['2015-11-12']
1334,29.75327475,-85.33280984,S2B_MSIL2A_20231003T161019_R140_T16RFU_20231004T004544,2023-10-03,0.0,66564,['2015-11-12']
1334,29.75327475,-85.33280984,S2B_MSIL2A_20240104T162659_R040_T16RFU_20240104T203236,2024-01-04,0.0,66444,['2015-11-12']
1334,29.75327475,-85.33280984,S2B_MSIL2A_20240821T161829_R040_T16RFT_20240821T202842,2024-08-21,0.0,66564,['2015-11-12']
1334,29.75327475,-85.33280984,S2A_MSIL2A_20210401T160901_R140_T16RFT_20210402T154314,2021-04-01,0.0,66564,['2015-11-12']
1335,29.9159,-85.3802,S2B_MSIL2A_20240413T161829_R040_T16RFU_20240413T212132,2024-04-13,0.0,33556,['2015-10-20']
1335,29.9159,-85.3802,S2B_MSIL2A_20230906T161829_R040_T16RFU_20230906T220735,2023-09-06,0.0,33520,['2015-10-20']
1335,29.9159,-85.3802,S2A_MSIL2A_20230305T162141_R040_T16RFU_20240819T210702,2023-03-05,0.18,33284,['2015-10-20']
1335,29.9159,-85.3802,S2B_MSIL2A_20180316T162019_R040_T16RFU_20201013T095949,2018-03-16,0.64,32208,['2015-10-20']
1335,29.9159,-85.3802,S2A_MSIL2A_20240614T160911_R140_T16RFU_20240615T004132,2024-06-14,0.68,33196,['2015-10-20']
1336,29.89280593,-85.38057366,S2B_MSIL2A_20240609T160829_R140_T16RFU_20240609T221857,2024-06-09,0.01,65304,['2015-10-20']
1336,29.89280593,-85.38057366,S2A_MSIL2A_20170502T161351_R140_T16RFU_20210209T123239,2017-05-02,0.12,65960,['2015-10-20']
1336,29.89280593,-85.38057366,S2B_MSIL2A_20181218T161659_R140_T16RFU_20201008T111624,2018-12-18,0.18,46316,['2015-10-20']
1336,29.89280593,-85.38057366,S2B_MSIL2A_20250217T162239_R040_T16RFU_20250217T201947,2025-02-17,0.2,66344,['2015-10-20']
1336,29.89280593,-85.38057366,S2A_MSIL2A_20231107T161451_R140_T16RFU_20241031T081735,2023-11-07,0.23,65876,['2015-10-20']
1339,30.10185,-85.59119,S2B_MSIL2A_20230330T161829_R040_T16RFU_20240825T055439,2023-03-30,0.0,53204,"['2015-10-23', '2015-11-12', '2018-10-07']"
1339,30.10185,-85.59119,S2B_MSIL2A_20221021T162319_R040_T16RFU_20221023T014346,2022-10-21,0.01,53308,"['2015-10-23', '2015-11-12', '2018-10-07']"
1339,30.10185,-85.59119,S2B_MSIL2A_20250408T161829_R040_T16RFU_20250408T202021,2025-04-08,0.34,51932,"['2015-10-23', '2015-11-12', '2018-10-07']"
1339,30.10185,-85.59119,S2B_MSIL2A_20210807T161829_R040_T16RFU_20210808T061516,2021-08-07,0.52,52176,"['2015-10-23', '2015-11-12', '2018-10-07']"
1339,30.10185,-85.59119,S2B_MSIL2A_20230109T162639_R040_T16RFU_20230110T081737,2023-01-09,0.54,53008,"['2015-10-23', '2015-11-12', '2018-10-07']"
1340,30.12522804,-85.61743054,S2C_MSIL2A_20251219T162721_R040_T16RFU_20251219T200415,2025-12-19,0.04,49336,"['2015-10-23', '2015-11-12', '2018-10-07']"
1340,30.12522804,-85.61743054,S2B_MSIL2A_20250408T161829_R040_T16RFU_20250408T202021,2025-04-08,0.15,48556,"['2015-10-23', '2015-11-12', '2018-10-07']"
1340,30.12522804,-85.61743054,S2A_MSIL2A_20170425T162331_R040_T16RFU_20210209T103848,2017-04-25,0.86,47516,"['2015-10-23', '2015-11-12', '2018-10-07']"
1340,30.12522804,-85.61743054,S2B_MSIL2A_20201001T162019_R040_T16RFU_20201004T083336,2020-10-01,1.1,48424,"['2015-10-23', '2015-11-12', '2018-10-07']"
1340,30.12522804,-85.61743054,S2A_MSIL2A_20161106T163312_R040_T16RFU_20210413T224212,2016-11-06,11.12,42568,"['2015-10-23', '2015-11-12', '2018-10-07']"
1341,30.10156244,-85.56462819,S2A_MSIL2A_20170316T162321_R040_T16RFU_20210208T230444,2017-03-16,0.0,60892,['2015-10-23']
1341,30.10156244,-85.56462819,S2B_MSIL2A_20221021T162319_R040_T16RFU_20221023T014346,2022-10-21,0.0,60988,['2015-10-23']
1341,30.10156244,-85.56462819,S2B_MSIL2A_20220213T162349_R040_T16RFU_20220222T201001,2022-02-13,0.0,61104,['2015-10-23']
1341,30.10156244,-85.56462819,S2B_MSIL2A_20190430T161839_R040_T16RFU_20201105T234455,2019-04-30,0.01,60732,['2015-10-23']
1341,30.10156244,-85.56462819,S2B_MSIL2A_20171126T162609_R040_T16RFU_20201014T222317,2017-11-26,0.48,60976,['2015-10-23']
1344,30.09686,-85.60978,S2B_MSIL2A_20240413T161829_R040_T16RFU_20240413T212132,2024-04-13,0.0,32812,"['2015-11-12', '2018-10-07']"
1344,30.09686,-85.60978,S2A_MSIL2A_20251231T162721_R040_T16RFU_20251231T200509,2025-12-31,0.04,33000,"['2015-11-12', '2018-10-07']"
1344,30.09686,-85.60978,S2B_MSIL2A_20200125T162539_R040_T16RFU_20201002T104839,2020-01-25,1.62,32600,"['2015-11-12', '2018-10-07']"
1344,30.09686,-85.60978,S2B_MSIL2A_20210926T161929_R040_T16RFU_20210927T072058,2021-09-26,2.27,32176,"['2015-11-12', '2018-10-07']"
1344,30.09686,-85.60978,S2B_MSIL2A_20201001T162019_R040_T16RFU_20201004T083336,2020-10-01,2.59,32140,"['2015-11-12', '2018-10-07']"
1346,30.12023444,-85.63602381,S2B_MSIL2A_20230330T161829_R040_T16RFU_20240825T055439,2023-03-30,0.0,32992,"['2015-11-12', '2018-10-07']"
1346,30.12023444,-85.63602381,S2C_MSIL2A_20250920T162001_R040_T16RFU_20250920T212115,2025-09-20,0.0,33060,"['2015-11-12', '2018-10-07']"
1346,30.12023444,-85.63602381,S2B_MSIL2A_20260304T162049_R040_T16RFU_20260304T214511,2026-03-04,0.0,33048,"['2015-11-12', '2018-10-07']"
1346,30.12023444,-85.63602381,S2B_MSIL2A_20241020T162219_R040_T16RFU_20241020T201902,2024-10-20,0.01,33012,"['2015-11-12', '2018-10-07']"
1346,30.12023444,-85.63602381,S2B_MSIL2A_20250408T161829_R040_T16RFU_20250408T202021,2025-04-08,0.32,32692,"['2015-11-12', '2018-10-07']"
1348,30.22422,-85.71397,S2B_MSIL2A_20250108T162549_R040_T16RFU_20250108T201827,2025-01-08,0.0,65624,"['2015-10-23', '2015-11-12']"
1348,30.22422,-85.71397,S2A_MSIL2A_20241124T162621_R040_T16RFU_20241124T204153,2024-11-24,0.0,65764,"['2015-10-23', '2015-11-12']"
1348,30.22422,-85.71397,S2A_MSIL2A_20170912T161901_R040_T16RFU_20210202T010230,2017-09-12,0.2,65604,"['2015-10-23', '2015-11-12']"
1348,30.22422,-85.71397,S2B_MSIL2A_20180115T162619_R040_T16RFU_20201014T060425,2018-01-15,0.23,65532,"['2015-10-23', '2015-11-12']"
1348,30.22422,-85.71397,S2A_MSIL2A_20191121T162601_R040_T16RFU_20201003T183555,2019-11-21,0.31,65776,"['2015-10-23', '2015-11-12']"
1349,30.22447831,-85.74056634,S2B_MSIL2A_20190729T161839_R040_T16RFU_20201005T194610,2019-07-29,0.0,63472,"['2015-10-23', '2015-11-12']"
1349,30.22447831,-85.74056634,S2C_MSIL2A_20251219T162721_R040_T16RFU_20251219T200415,2025-12-19,0.0,63672,"['2015-10-23', '2015-11-12']"
1349,30.22447831,-85.74056634,S2B_MSIL2A_20210419T161829_R040_T16RFU_20210420T090522,2021-04-19,0.01,63536,"['2015-10-23', '2015-11-12']"
1349,30.22447831,-85.74056634,S2A_MSIL2A_20160410T162332_R040_T16RFU_20210211T030029,2016-04-10,0.01,63536,"['2015-10-23', '2015-11-12']"
1349,30.22447831,-85.74056634,S2A_MSIL2A_20170316T162321_R040_T16RFU_20210208T230444,2017-03-16,0.28,63448,"['2015-10-23', '2015-11-12']"
1350,30.20138165,-85.74086051,S2C_MSIL2A_20250920T162001_R040_T16RFU_20250920T212115,2025-09-20,0.0,49892,"['2015-10-23', '2015-11-12']"
1350,30.20138165,-85.74086051,S2B_MSIL2A_20230330T161829_R040_T16RFU_20240825T055439,2023-03-30,0.0,49556,"['2015-10-23', '2015-11-12']"
1350,30.20138165,-85.74086051,S2A_MSIL2A_20241124T162621_R040_T16RFU_20241124T204153,2024-11-24,0.0,49704,"['2015-10-23', '2015-11-12']"
1350,30.20138165,-85.74086051,S2B_MSIL2A_20230718T161839_R040_T16RFU_20230718T212915,2023-07-18,0.0,48744,"['2015-10-23', '2015-11-12']"
1350,30.20138165,-85.74086051,S2B_MSIL2A_20251114T162439_R040_T16RFU_20251114T183857,2025-11-14,0.01,49656,"['2015-10-23', '2015-11-12']"
1351,30.20112358,-85.71427038,S2B_MSIL2A_20250319T161909_R040_T16RFU_20250319T215748,2025-03-19,0.0,45240,"['2015-10-23', '2015-11-12']"
1351,30.20112358,-85.71427038,S2A_MSIL2A_20220320T161951_R040_T16RFU_20220321T055816,2022-03-20,0.12,45336,"['2015-10-23', '2015-11-12']"
1351,30.20112358,-85.71427038,S2B_MSIL2A_20180115T162619_R040_T16RFU_20201014T060425,2018-01-15,0.84,45420,"['2015-10-23', '2015-11-12']"
1351,30.20112358,-85.71427038,S2A_MSIL2A_20180510T161901_R040_T16RFU_20201026T092228,2018-05-10,1.23,44696,"['2015-10-23', '2015-11-12']"
1351,30.20112358,-85.71427038,S2B_MSIL2A_20190321T161949_R040_T16RFU_20201007T090844,2019-03-21,1.44,44700,"['2015-10-23', '2015-11-12']"
1352,30.2239563,-85.68737401,S2C_MSIL2A_20251020T162331_R040_T16RFU_20251020T201906,2025-10-20,0.0,34668,"['2015-10-23', '2015-11-12']"
1352,30.2239563,-85.68737401,S2A_MSIL2A_20230305T162141_R040_T16RFU_20240819T210702,2023-03-05,0.0,34348,"['2015-10-23', '2015-11-12']"
1352,30.2239563,-85.68737401,S2B_MSIL2A_20220404T161829_R040_T16RFU_20240603T090951,2022-04-04,0.0,34196,"['2015-10-23', '2015-11-12']"
1352,30.2239563,-85.68737401,S2A_MSIL2A_20161216T162702_R040_T16RFU_20210213T214051,2016-12-16,2.0,34048,"['2015-10-23', '2015-11-12']"
1352,30.2239563,-85.68737401,S2A_MSIL2A_20211130T162631_R040_T16RFU_20211201T062721,2021-11-30,2.08,34240,"['2015-10-23', '2015-11-12']"
1353,30.24705239,-85.68706706,S2B_MSIL2A_20250217T162239_R040_T16RFU_20250217T201947,2025-02-17,0.04,60628,"['2015-10-23', '2015-11-12']"
1353,30.24705239,-85.68706706,S2A_MSIL2A_20240129T162531_R040_T16RFU_20240129T221554,2024-01-29,0.06,60136,"['2015-10-23', '2015-11-12']"
1353,30.24705239,-85.68706706,S2A_MSIL2A_20251231T162721_R040_T16RFU_20251231T200509,2025-12-31,0.09,60552,"['2015-10-23', '2015-11-12']"
1353,30.24705239,-85.68706706,S2B_MSIL2A_20210419T161829_R040_T16RFU_20210420T090522,2021-04-19,0.26,60532,"['2015-10-23', '2015-11-12']"
1353,30.24705239,-85.68706706,S2B_MSIL2A_20180912T162109_R040_T16RFU_20201009T003331,2018-09-12,0.34,60444,"['2015-10-23', '2015-11-12']"
1375,30.45386403,-87.38508451,S2B_MSIL2A_20210817T161829_R040_T16RDU_20210818T012337,2021-08-17,0.0,37480,['2019-10-05']
1375,30.45386403,-87.38508451,S2A_MSIL2A_20180314T163041_R083_T16RDU_20210517T002854,2018-03-14,0.0,37616,['2019-10-05']
1375,30.45386403,-87.38508451,S2A_MSIL2A_20251124T163711_R083_T16RDU_20251124T202511,2025-11-24,0.0,38492,['2019-10-05']
1375,30.45386403,-87.38508451,S2B_MSIL2A_20211009T163109_R083_T16RDU_20211010T064531,2021-10-09,0.0,37732,['2019-10-05']
1375,30.45386403,-87.38508451,S2A_MSIL2A_20170108T163641_R083_T16RDU_20210529T060053,2017-01-08,0.55,36556,['2019-10-05']
1376,30.43076311,-87.38499373,S2A_MSIL2A_20221215T162701_R040_T16RDU_20221216T092433,2022-12-15,0.0,65400,"['2017-03-09', '2017-04-18', '2019-10-05']"
1376,30.43076311,-87.38499373,S2B_MSIL2A_20181012T162219_R040_T16RDU_20201009T105633,2018-10-12,0.0,65372,"['2017-03-09', '2017-04-18', '2019-10-05']"
1376,30.43076311,-87.38499373,S2A_MSIL2A_20190306T162131_R040_T16RDU_20201030T181527,2019-03-06,0.0,65328,"['2017-03-09', '2017-04-18', '2019-10-05']"
1376,30.43076311,-87.38499373,S2B_MSIL2A_20220213T162349_R040_T16RDU_20220222T202655,2022-02-13,0.0,65340,"['2017-03-09', '2017-04-18', '2019-10-05']"
1376,30.43076311,-87.38499373,S2A_MSIL2A_20180304T163151_R083_T16RDU_20201013T062443,2018-03-04,0.0,65324,"['2017-03-09', '2017-04-18', '2019-10-05']"
1378,30.43455507,-87.3586599,S2A_MSIL2A_20220817T161841_R040_T16RDU_20220818T060212,2022-08-17,0.0,63828,"['2017-03-09', '2017-04-18']"
1378,30.43455507,-87.3586599,S2B_MSIL2A_20200424T161829_R040_T16RDU_20200921T233309,2020-04-24,0.0,63836,"['2017-03-09', '2017-04-18']"
1378,30.43455507,-87.3586599,S2B_MSIL2A_20231105T162449_R040_T16RDU_20231105T201932,2023-11-05,0.0,63732,"['2017-03-09', '2017-04-18']"
1378,30.43455507,-87.3586599,S2A_MSIL2A_20241114T162541_R040_T16RDU_20241114T201412,2024-11-14,0.0,63852,"['2017-03-09', '2017-04-18']"
1378,30.43455507,-87.3586599,S2B_MSIL2A_20190410T161839_R040_T16RDU_20201007T003717,2019-04-10,0.0,63836,"['2017-03-09', '2017-04-18']"
1382,26.07541,-97.15683,S2B_MSIL2A_20250209T170349_R069_T14RPP_20250209T210433,2025-02-09,0.14,45604,"['2015-10-05', '2016-09-09']"
1382,26.07541,-97.15683,S2B_MSIL2A_20241211T170629_R069_T14RPP_20241211T224323,2024-12-11,1.13,45260,"['2015-10-05', '2016-09-09']"
1382,26.07541,-97.15683,S2B_MSIL2A_20210220T170329_R069_T14RPP_20210221T054738,2021-02-20,1.35,45664,"['2015-10-05', '2016-09-09']"
1382,26.07541,-97.15683,S2B_MSIL2A_20181004T170139_R069_T14RPP_20201009T081130,2018-10-04,1.54,45860,"['2015-10-05', '2016-09-09']"
1382,26.07541,-97.15683,S2A_MSIL2A_20171123T170621_R069_T14RPP_20201014T214713,2017-11-23,1.82,45820,"['2015-10-05', '2016-09-09']"
1383,26.09851415,-97.1564679,S2A_MSIL2A_20221227T170721_R069_T14RPP_20221228T020257,2022-12-27,0.0,49040,"['2015-10-05', '2016-09-09']"
1383,26.09851415,-97.1564679,S2C_MSIL2A_20251211T170731_R069_T14RPP_20251211T204509,2025-12-11,0.0,48912,"['2015-10-05', '2016-09-09']"
1383,26.09851415,-97.1564679,S2A_MSIL2A_20220730T165901_R069_T14RPP_20220731T200137,2022-07-30,0.34,47804,"['2015-10-05', '2016-09-09']"
1383,26.09851415,-97.1564679,S2A_MSIL2A_20190328T170201_R069_T14RPP_20201007T113730,2019-03-28,1.21,48988,"['2015-10-05', '2016-09-09']"
1383,26.09851415,-97.1564679,S2A_MSIL2A_20170206T170451_R069_T14RPP_20210208T073951,2017-02-06,1.7,49012,"['2015-10-05', '2016-09-09']"
1384,26.09883903,-97.18205634,S2B_MSIL2A_20231217T170719_R069_T14RPP_20231220T074818,2023-12-17,0.0,64704,['2015-10-05']
1384,26.09883903,-97.18205634,S2B_MSIL2A_20240326T165849_R069_T14RPP_20240327T001645,2024-03-26,0.01,64916,['2015-10-05']
1384,26.09883903,-97.18205634,S2A_MSIL2A_20201217T170721_R069_T14RPP_20201220T113452,2020-12-17,0.08,65032,['2015-10-05']
1384,26.09883903,-97.18205634,S2B_MSIL2A_20171029T170409_R069_T14RPP_20201015T030438,2017-10-29,0.09,64892,['2015-10-05']
1384,26.09883903,-97.18205634,S2B_MSIL2A_20180216T170349_R069_T14RPP_20201013T220743,2018-02-16,0.09,65008,['2015-10-05']
1385,30.2221,-88.0057,S2A_MSIL2A_20230815T162901_R083_T16RCU_20230816T001251,2023-08-15,0.02,45112,['2015-11-25']
1385,30.2221,-88.0057,S2B_MSIL2A_20231128T163629_R083_T16RDU_20231128T210635,2023-11-28,0.12,47204,['2015-11-25']
1385,30.2221,-88.0057,S2A_MSIL2A_20170727T162901_R083_T16RCU_20210210T151431,2017-07-27,1.02,45600,['2015-11-25']
1385,30.2221,-88.0057,S2A_MSIL2A_20210924T163021_R083_T16RCU_20210925T141522,2021-09-24,2.24,46708,['2015-11-25']
1385,30.2221,-88.0057,S2A_MSIL2A_20170418T163321_R083_T16RDU_20210209T084532,2017-04-18,3.56,44820,['2015-11-25']
1386,30.24519861,-88.00593516,S2B_MSIL2A_20240516T162829_R083_T16RCU_20240517T164925,2024-05-16,0.0,66328,['2015-11-25']
1386,30.24519861,-88.00593516,S2A_MSIL2A_20190227T163221_R083_T16RDU_20201007T211116,2019-02-27,0.01,66556,['2015-11-25']
1386,30.24519861,-88.00593516,S2A_MSIL2A_20201029T163421_R083_T16RCU_20201101T094656,2020-10-29,0.02,66552,['2015-11-25']
1386,30.24519861,-88.00593516,S2B_MSIL2A_20210412T162829_R083_T16RCU_20210413T100158,2021-04-12,0.02,66552,['2015-11-25']
1386,30.24519861,-88.00593516,S2B_MSIL2A_20180118T163609_R083_T16RDU_20201014T064813,2018-01-18,0.02,66552,['2015-11-25']
1387,30.2218932,-88.03229807,S2A_MSIL2A_20241008T163201_R083_T16RDU_20241008T222853,2024-10-08,0.0,44828,['2015-11-25']
1387,30.2218932,-88.03229807,S2B_MSIL2A_20240814T162839_R083_T16RCU_20240814T203450,2024-08-14,0.0,60312,['2015-11-25']
1387,30.2218932,-88.03229807,S2A_MSIL2A_20231103T163441_R083_T16RDU_20241028T203059,2023-11-03,0.05,44868,['2015-11-25']
1387,30.2218932,-88.03229807,S2B_MSIL2A_20230701T162839_R083_T16RCU_20230701T212215,2023-07-01,0.25,60120,['2015-11-25']
1387,30.2218932,-88.03229807,S2A_MSIL2A_20181030T163411_R083_T16RDU_20201009T164713,2018-10-30,1.1,44876,['2015-11-25']
1388,30.22230141,-87.97910165,S2C_MSIL2A_20251013T163241_R083_T16RDU_20251013T195717,2025-10-13,0.02,52140,['2015-11-25']
1388,30.22230141,-87.97910165,S2B_MSIL2A_20221103T163439_R083_T16RDU_20221104T085412,2022-11-03,0.09,52056,['2015-11-25']
1388,30.22230141,-87.97910165,S2A_MSIL2A_20200222T163301_R083_T16RDU_20200927T185541,2020-02-22,1.4,51672,['2015-11-25']
1388,30.22230141,-87.97910165,S2A_MSIL2A_20211223T163711_R083_T16RDU_20211224T130633,2021-12-23,2.59,51860,['2015-11-25']
1388,30.22230141,-87.97910165,S2A_MSIL2A_20210308T163121_R083_T16RDU_20210309T092513,2021-03-08,3.23,51124,['2015-11-25']
1389,30.2382,-87.736,S2C_MSIL2A_20251013T163241_R083_T16RDU_20251013T195717,2025-10-13,0.0,56776,['2018-11-16']
1389,30.2382,-87.736,S2A_MSIL2A_20231014T163231_R083_T16RDU_20231015T001149,2023-10-14,0.0,56288,['2018-11-16']
1389,30.2382,-87.736,S2A_MSIL2A_20220817T161841_R040_T16RDU_20220818T060212,2022-08-17,0.51,56404,['2018-11-16']
1389,30.2382,-87.736,S2B_MSIL2A_20220325T161829_R040_T16RDU_20220326T041832,2022-03-25,1.59,55952,['2018-11-16']
1389,30.2382,-87.736,S2C_MSIL2A_20250202T162531_R040_T16RDU_20250204T172110,2025-02-02,1.6,55924,['2018-11-16']
1390,30.23804786,-87.76260435,S2B_MSIL2A_20240811T161829_R040_T16RDU_20240811T202049,2024-08-11,0.45,54824,['2018-11-16']
1390,30.23804786,-87.76260435,S2B_MSIL2A_20241020T162219_R040_T16RDU_20241020T201902,2024-10-20,0.79,54896,['2018-11-16']
1390,30.23804786,-87.76260435,S2B_MSIL2A_20240327T162839_R083_T16RDU_20240330T021301,2024-03-27,0.95,54292,['2018-11-16']
1390,30.23804786,-87.76260435,S2B_MSIL2A_20250727T161829_R040_T16RDU_20250727T202049,2025-07-27,1.21,54820,['2018-11-16']
1390,30.23804786,-87.76260435,S2B_MSIL2A_20211009T163109_R083_T16RDU_20211010T064531,2021-10-09,3.09,54056,['2018-11-16']
1395,30.2694,-87.582,S2A_MSIL2A_20240607T161831_R040_T16RDU_20240608T001902,2024-06-07,0.3,32376,['2023-09-19']
1395,30.2694,-87.582,S2B_MSIL2A_20250816T161829_R040_T16RDU_20250816T201128,2025-08-16,1.07,32420,['2023-09-19']
1395,30.2694,-87.582,S2A_MSIL2A_20230613T161831_R040_T16RDU_20240909T041501,2023-06-13,1.59,32204,['2023-09-19']
1395,30.2694,-87.582,S2A_MSIL2A_20191002T162111_R040_T16RDU_20201003T214259,2019-10-02,4.67,32008,['2023-09-19']
1395,30.2694,-87.582,S2B_MSIL2A_20210807T161829_R040_T16RDU_20210808T064621,2021-08-07,6.86,32232,['2023-09-19']
1396,30.26951558,-87.55538623,S2C_MSIL2A_20251013T163241_R083_T16RDU_20251013T195717,2025-10-13,1.53,50748,['2023-09-19']
1396,30.26951558,-87.55538623,S2A_MSIL2A_20240221T163311_R083_T16RDU_20240221T232918,2024-02-21,2.12,50116,['2023-09-19']
1396,30.26951558,-87.55538623,S2B_MSIL2A_20190917T161909_R040_T16RDU_20201004T142033,2019-09-17,4.39,50608,['2023-09-19']
1396,30.26951558,-87.55538623,S2A_MSIL2A_20180520T161901_R040_T16RDU_20201012T120526,2018-05-20,4.43,49820,['2023-09-19']
1396,30.26951558,-87.55538623,S2B_MSIL2A_20171126T162609_R040_T16RDU_20201014T222312,2017-11-26,5.07,50452,['2023-09-19']
1399,26.06905334,-97.18877205,S2A_MSIL2A_20260313T170721_R069_T14RPP_20260314T025810,2026-03-13,0.0,57960,['2016-09-09']
1399,26.06905334,-97.18877205,S2B_MSIL2A_20240205T170509_R069_T14RPP_20240205T221442,2024-02-05,0.0,58116,['2016-09-09']
1399,26.06905334,-97.18877205,S2B_MSIL2A_20241111T170439_R069_T14RPP_20241111T211142,2024-11-11,0.03,60084,['2016-09-09']
1399,26.06905334,-97.18877205,S2B_MSIL2A_20230312T170119_R069_T14RPP_20240819T000024,2023-03-12,0.04,57996,['2016-09-09']
1399,26.06905334,-97.18877205,S2A_MSIL2A_20220730T165901_R069_T14RPP_20220731T200137,2022-07-30,0.05,57684,['2016-09-09']
1400,28.94897,-95.28603,S2A_MSIL2A_20230205T170511_R069_T15RTN_20230206T144430,2023-02-05,0.0,38892,['2023-09-20']
1400,28.94897,-95.28603,S2C_MSIL2A_20251211T170731_R069_T15RTN_20251211T204509,2025-12-11,0.07,38952,['2023-09-20']
1400,28.94897,-95.28603,S2A_MSIL2A_20260313T170721_R069_T15RTN_20260314T025810,2026-03-13,0.1,37740,['2023-09-20']
1400,28.94897,-95.28603,S2B_MSIL2A_20210131T170529_R069_T15RTN_20210210T132012,2021-01-31,1.81,36556,['2023-09-20']
1400,28.94897,-95.28603,S2A_MSIL2A_20180916T164921_R026_T15RTN_20201009T014026,2018-09-16,2.36,37684,['2023-09-20']
1401,26.6049,-97.2919,S2B_MSIL2A_20231117T170559_R069_T14RPQ_20231117T211322,2023-11-17,0.0,34560,['2015-10-05']
1401,26.6049,-97.2919,S2A_MSIL2A_20230106T170711_R069_T14RPQ_20230107T074910,2023-01-06,0.01,33952,['2015-10-05']
1401,26.6049,-97.2919,S2B_MSIL2A_20181213T170709_R069_T14RPQ_20201008T095345,2018-12-13,0.56,36480,['2015-10-05']
1401,26.6049,-97.2919,S2B_MSIL2A_20241211T170629_R069_T14RPQ_20241211T224323,2024-12-11,0.79,32116,['2015-10-05']
1401,26.6049,-97.2919,S2B_MSIL2A_20181004T170139_R069_T14RPQ_20201009T081125,2018-10-04,0.86,34244,['2015-10-05']
1402,26.62800414,-97.29155655,S2B_MSIL2A_20241121T170529_R069_T14RPQ_20241121T205234,2024-11-21,0.01,55244,['2015-10-05']
1402,26.62800414,-97.29155655,S2B_MSIL2A_20240823T165849_R069_T14RPQ_20240823T230009,2024-08-23,0.08,54264,['2015-10-05']
1402,26.62800414,-97.29155655,S2B_MSIL2A_20240405T165849_R069_T14RPQ_20240406T004522,2024-04-05,0.09,54248,['2015-10-05']
1402,26.62800414,-97.29155655,S2C_MSIL2A_20260209T170441_R069_T14RPQ_20260209T204020,2026-02-09,0.35,54672,['2015-10-05']
1402,26.62800414,-97.29155655,S2B_MSIL2A_20230501T165849_R069_T14RPQ_20240831T081957,2023-05-01,0.45,54576,['2015-10-05']
1404,26.7731,-97.343,S2B_MSIL2A_20231028T170419_R069_T14RPQ_20240909T111155,2023-10-28,0.0,32084,['2015-10-05']
1404,26.7731,-97.343,S2B_MSIL2A_20220625T165849_R069_T14RPQ_20240629T103210,2022-06-25,0.03,33656,['2015-10-05']
1404,26.7731,-97.343,S2A_MSIL2A_20230106T170711_R069_T14RPQ_20230107T074910,2023-01-06,0.1,34508,['2015-10-05']
1404,26.7731,-97.343,S2B_MSIL2A_20260115T170549_R069_T14RPQ_20260115T222637,2026-01-15,0.56,32504,['2015-10-05']
1404,26.7731,-97.343,S2B_MSIL2A_20200127T170549_R069_T14RPQ_20201002T130450,2020-01-27,1.43,33308,['2015-10-05']
1405,26.7962042,-97.34266438,S2B_MSIL2A_20231217T170719_R069_T14RPQ_20231220T075135,2023-12-17,0.0,48604,['2015-10-05']
1405,26.7962042,-97.34266438,S2A_MSIL2A_20230205T170511_R069_T14RPQ_20230206T131612,2023-02-05,0.51,47928,['2015-10-05']
1405,26.7962042,-97.34266438,S2A_MSIL2A_20191014T170251_R069_T14RPQ_20201004T021154,2019-10-14,0.56,48464,['2015-10-05']
1405,26.7962042,-97.34266438,S2A_MSIL2A_20220710T165911_R069_T14RPQ_20220712T175712,2022-07-10,0.56,47812,['2015-10-05']
1405,26.7962042,-97.34266438,S2B_MSIL2A_20200814T165849_R069_T14RPQ_20200815T164001,2020-08-14,0.67,48056,['2015-10-05']
1408,27.82218,-97.22526,S2B_MSIL2A_20221013T170239_R069_T14RPR_20240801T025423,2022-10-13,0.07,46808,['2016-10-19']
1408,27.82218,-97.22526,S2B_MSIL2A_20220605T165849_R069_T14RPR_20220606T030217,2022-06-05,0.15,46416,['2016-10-19']
1408,27.82218,-97.22526,S2B_MSIL2A_20191208T170709_R069_T14RPR_20201003T022953,2019-12-08,1.31,46660,['2016-10-19']
1408,27.82218,-97.22526,S2A_MSIL2A_20160601T170312_R069_T14RPR_20210211T154856,2016-06-01,1.42,45944,['2016-10-19']
1408,27.82218,-97.22526,S2A_MSIL2A_20160711T170312_R069_T14RPR_20210212T033923,2016-07-11,2.03,45928,['2016-10-19']
1409,27.84561124,-97.25087145,S2C_MSIL2A_20260209T170441_R069_T14RPR_20260209T204020,2026-02-09,0.61,50408,['2016-10-19']
1409,27.84561124,-97.25087145,S2B_MSIL2A_20210411T165839_R069_T14RPR_20210412T112139,2021-04-11,1.03,49772,['2016-10-19']
1409,27.84561124,-97.25087145,S2A_MSIL2A_20170127T170551_R069_T14RPR_20210207T220814,2017-01-27,1.03,49508,['2016-10-19']
1409,27.84561124,-97.25087145,S2B_MSIL2A_20231217T170719_R069_T14RPR_20231220T075856,2023-12-17,1.05,51704,['2016-10-19']
1409,27.84561124,-97.25087145,S2B_MSIL2A_20200814T165849_R069_T14RPR_20200815T163949,2020-08-14,1.26,49092,['2016-10-19']
1410,27.4006984,-97.29796417,S2A_MSIL2A_20250716T170721_R069_T14RPR_20250716T231757,2025-07-16,0.05,55804,['2016-09-09']
1410,27.4006984,-97.29796417,S2B_MSIL2A_20230411T165849_R069_T14RPR_20240827T133521,2023-04-11,0.38,55732,['2016-09-09']
1410,27.4006984,-97.29796417,S2A_MSIL2A_20220710T165911_R069_T14RPR_20220712T161629,2022-07-10,0.43,55516,['2016-09-09']
1410,27.4006984,-97.29796417,S2B_MSIL2A_20180507T165849_R069_T14RPR_20201012T070720,2018-05-07,0.82,55588,['2016-09-09']
1410,27.4006984,-97.29796417,S2A_MSIL2A_20201018T170331_R069_T14RPR_20201019T174910,2020-10-18,1.09,55648,['2016-09-09']
1413,27.12582661,-97.37258469,S2C_MSIL2A_20260321T170011_R069_T14RPR_20260321T234211,2026-03-21,0.34,38044,"['2016-09-09', '2016-09-29']"
1413,27.12582661,-97.37258469,S2B_MSIL2A_20190323T165949_R069_T14RPR_20201007T095413,2019-03-23,0.81,38584,"['2016-09-09', '2016-09-29']"
1413,27.12582661,-97.37258469,S2B_MSIL2A_20220804T165849_R069_T14RPR_20220805T035347,2022-08-04,0.84,37556,"['2016-09-09', '2016-09-29']"
1413,27.12582661,-97.37258469,S2A_MSIL2A_20191014T170251_R069_T14RPR_20201004T021156,2019-10-14,0.9,39256,"['2016-09-09', '2016-09-29']"
1413,27.12582661,-97.37258469,S2A_MSIL2A_20200501T165901_R069_T14RPR_20200920T013440,2020-05-01,2.09,37256,"['2016-09-09', '2016-09-29']"
1416,27.11033654,-97.3743341,S2B_MSIL2A_20260115T170549_R069_T14RPR_20260115T222637,2026-01-15,0.01,37512,['2016-09-29']
1416,27.11033654,-97.3743341,S2B_MSIL2A_20191208T170709_R069_T14RPR_20201003T022953,2019-12-08,0.64,37388,['2016-09-29']
1416,27.11033654,-97.3743341,S2A_MSIL2A_20210116T170641_R069_T14RPR_20210119T050325,2021-01-16,0.85,36768,['2016-09-29']
1416,27.11033654,-97.3743341,S2B_MSIL2A_20171009T170249_R069_T14RPR_20210202T160805,2017-10-09,1.14,38296,['2016-09-29']
1416,27.11033654,-97.3743341,S2B_MSIL2A_20200226T170249_R069_T14RPR_20200928T151610,2020-02-26,1.2,37028,['2016-09-29']
1418,28.07513,-97.10716,S2A_MSIL2A_20220710T165911_R069_T14RPS_20220712T162612,2022-07-10,0.0,53984,['2015-10-05']
1418,28.07513,-97.10716,S2B_MSIL2A_20241221T170629_R069_T14RPS_20241221T223839,2024-12-21,0.01,55464,['2015-10-05']
1418,28.07513,-97.10716,S2B_MSIL2A_20170830T165849_R069_T14RPS_20210201T152652,2017-08-30,0.45,54524,['2015-10-05']
1418,28.07513,-97.10716,S2A_MSIL2A_20250914T170711_R069_T14RPS_20250914T230915,2025-09-14,0.95,53968,['2015-10-05']
1418,28.07513,-97.10716,S2B_MSIL2A_20181103T170449_R069_T14RPS_20201008T153303,2018-11-03,1.35,54156,['2015-10-05']
1419,28.09822693,-97.10675474,S2B_MSIL2A_20200426T165839_R069_T14RPS_20200922T060214,2020-04-26,0.0,66564,['2015-10-05']
1419,28.09822693,-97.10675474,S2A_MSIL2A_20170107T170701_R069_T14RPS_20210530T020731,2017-01-07,0.0,66564,['2015-10-05']
1419,28.09822693,-97.10675474,S2B_MSIL2A_20241121T170529_R069_T14RPS_20241121T205234,2024-11-21,0.0,66564,['2015-10-05']
1419,28.09822693,-97.10675474,S2A_MSIL2A_20161128T170642_R069_T14RPS_20210415T041144,2016-11-28,0.0,66564,['2015-10-05']
1419,28.09822693,-97.10675474,S2C_MSIL2A_20251002T170141_R069_T14RPS_20251002T215413,2025-10-02,0.0,66564,['2015-10-05']
1420,28.09858404,-97.13280112,S2A_MSIL2A_20200501T165901_R069_T14RPS_20200920T013440,2020-05-01,0.0,66564,['2015-10-05']
1420,28.09858404,-97.13280112,S2B_MSIL2A_20200206T170459_R069_T14RPS_20201001T035249,2020-02-06,0.0,66564,['2015-10-05']
1420,28.09858404,-97.13280112,S2A_MSIL2A_20260102T170721_R069_T14RPS_20260102T204416,2026-01-02,0.0,66564,['2015-10-05']
1420,28.09858404,-97.13280112,S2B_MSIL2A_20241121T170529_R069_T14RPS_20241121T205234,2024-11-21,0.0,66564,['2015-10-05']
1420,28.09858404,-97.13280112,S2B_MSIL2A_20231117T170559_R069_T14RPS_20231117T211329,2023-11-17,0.0,65868,['2015-10-05']
1421,28.07548677,-97.13320082,S2B_MSIL2A_20230411T165849_R069_T14RPS_20240827T133521,2023-04-11,0.0,66564,['2015-10-05']
1421,28.07548677,-97.13320082,S2B_MSIL2A_20241121T170529_R069_T14RPS_20241121T205234,2024-11-21,0.0,66564,['2015-10-05']
1421,28.07548677,-97.13320082,S2B_MSIL2A_20240803T165849_R069_T14RPS_20240804T084346,2024-08-03,0.0,66564,['2015-10-05']
1421,28.07548677,-97.13320082,S2B_MSIL2A_20210220T170329_R069_T14RPS_20210221T082122,2021-02-20,0.0,66564,['2015-10-05']
1421,28.07548677,-97.13320082,S2B_MSIL2A_20231227T170729_R069_T14RPS_20231227T223230,2023-12-27,0.0,66560,['2015-10-05']
1422,29.34397744,-94.82901115,S2B_MSIL2A_20220910T164849_R026_T15RUN_20220912T052335,2022-09-10,0.09,57544,"['2016-09-06', '2023-09-20']"
1422,29.34397744,-94.82901115,S2A_MSIL2A_20230304T165201_R026_T15RUN_20240819T113811,2023-03-04,0.16,56212,"['2016-09-06', '2023-09-20']"
1422,29.34397744,-94.82901115,S2A_MSIL2A_20230622T164841_R026_T15RUN_20230623T032546,2023-06-22,0.18,55508,"['2016-09-06', '2023-09-20']"
1422,29.34397744,-94.82901115,S2A_MSIL2A_20240328T164911_R026_T15RUN_20240330T062258,2024-03-28,0.73,56116,"['2016-09-06', '2023-09-20']"
1422,29.34397744,-94.82901115,S2B_MSIL2A_20190708T164849_R026_T15RUN_20201005T111645,2019-07-08,0.79,54780,"['2016-09-06', '2023-09-20']"
1423,29.36778392,-94.77669566,S2A_MSIL2A_20231229T165721_R026_T15RUN_20231229T212831,2023-12-29,0.0,48368,['2023-09-20']
1423,29.36778392,-94.77669566,S2B_MSIL2A_20220324T164839_R026_T15RUN_20240522T034216,2022-03-24,0.0,48408,['2023-09-20']
1423,29.36778392,-94.77669566,S2B_MSIL2A_20240929T165019_R026_T15RUN_20240929T211103,2024-09-29,0.0,46884,['2023-09-20']
1423,29.36778392,-94.77669566,S2C_MSIL2A_20250201T165551_R026_T15RUN_20250201T205612,2025-02-01,0.0,47068,['2023-09-20']
1423,29.36778392,-94.77669566,S2B_MSIL2A_20190409T164849_R026_T15RUN_20201007T001405,2019-04-09,0.4,48604,['2023-09-20']
1424,29.39087793,-94.77709696,S2B_MSIL2A_20221030T165429_R026_T15RUN_20221031T041006,2022-10-30,0.0,57164,['2023-09-20']
1424,29.39087793,-94.77709696,S2B_MSIL2A_20251103T165359_R026_T15RUN_20251103T203609,2025-11-03,0.01,56468,['2023-09-20']
1424,29.39087793,-94.77709696,S2B_MSIL2A_20211114T165549_R026_T15RUN_20211115T030615,2021-11-14,0.12,56804,['2023-09-20']
1424,29.39087793,-94.77709696,S2A_MSIL2A_20171130T165641_R026_T15RUN_20201014T230558,2017-11-30,0.43,56836,['2023-09-20']
1424,29.39087793,-94.77709696,S2A_MSIL2A_20190812T164901_R026_T15RUN_20201004T232758,2019-08-12,0.47,54388,['2023-09-20']
1425,29.34009,-94.68816,S2A_MSIL2A_20230304T165201_R026_T15RUN_20240819T113811,2023-03-04,0.0,66564,['2023-09-10']
1425,29.34009,-94.68816,S2B_MSIL2A_20210319T164919_R026_T15RUN_20210320T032224,2021-03-19,0.0,66564,['2023-09-10']
1425,29.34009,-94.68816,S2A_MSIL2A_20161225T170522_R026_T15RUN_20210214T003840,2016-12-25,0.0,66564,['2023-09-10']
1425,29.34009,-94.68816,S2A_MSIL2A_20200208T165441_R026_T15RUN_20201001T090017,2020-02-08,0.0,66564,['2023-09-10']
1425,29.34009,-94.68816,S2B_MSIL2A_20190906T164849_R026_T15RUN_20201004T100851,2019-09-06,0.0,66564,['2023-09-10']
1426,29.3631852,-94.68854088,S2B_MSIL2A_20210428T164839_R026_T15RUN_20210429T131604,2021-04-28,0.0,66564,['2023-09-10']
1426,29.3631852,-94.68854088,S2A_MSIL2A_20170911T164851_R026_T15RUN_20210202T001137,2017-09-11,0.0,66564,['2023-09-10']
1426,29.3631852,-94.68854088,S2C_MSIL2A_20250201T165551_R026_T15RUN_20250201T205612,2025-02-01,0.0,66564,['2023-09-10']
1426,29.3631852,-94.68854088,S2A_MSIL2A_20250723T165711_R026_T15RUN_20250724T012216,2025-07-23,0.0,66564,['2023-09-10']
1426,29.3631852,-94.68854088,S2B_MSIL2A_20231104T165459_R026_T15RUN_20231104T210806,2023-11-04,0.0,66564,['2023-09-10']
1427,29.36284875,-94.71490527,S2B_MSIL2A_20220324T164839_R026_T15RUN_20240522T034216,2022-03-24,0.0,66248,['2023-09-10']
1427,29.36284875,-94.71490527,S2A_MSIL2A_20220528T164851_R026_T15RUN_20240628T235733,2022-05-28,0.01,66220,['2023-09-10']
1427,29.36284875,-94.71490527,S2A_MSIL2A_20180509T164901_R026_T15RUN_20201012T074231,2018-05-09,0.07,66208,['2023-09-10']
1427,29.36284875,-94.71490527,S2A_MSIL2A_20160320T165302_R026_T15RUN_20210528T172001,2016-03-20,0.08,65068,['2023-09-10']
1427,29.36284875,-94.71490527,S2A_MSIL2A_20161115T170522_R026_T15RUN_20210414T104504,2016-11-15,0.16,66184,['2023-09-10']
1428,29.33975387,-94.71451845,S2B_MSIL2A_20260313T164959_R026_T15RUN_20260313T221903,2026-03-13,0.01,66460,['2023-09-10']
1428,29.33975387,-94.71451845,S2A_MSIL2A_20230304T165201_R026_T15RUN_20240819T113811,2023-03-04,0.01,66332,['2023-09-10']
1428,29.33975387,-94.71451845,S2A_MSIL2A_20180728T164901_R026_T15RUN_20201011T205932,2018-07-28,0.01,66056,['2023-09-10']
1428,29.33975387,-94.71451845,S2A_MSIL2A_20220207T165451_R026_T15RUN_20220220T035632,2022-02-07,0.01,66520,['2023-09-10']
1428,29.33975387,-94.71451845,S2A_MSIL2A_20160906T170522_R026_T15RUN_20210212T221004,2016-09-06,0.04,66208,['2023-09-10']
1429,29.3433,-94.74221,S2A_MSIL2A_20251230T165741_R026_T15RUN_20251230T202215,2025-12-30,0.16,56920,"['2015-09-22', '2023-08-26']"
1429,29.3433,-94.74221,S2B_MSIL2A_20260313T164959_R026_T15RUN_20260313T221903,2026-03-13,0.23,56956,"['2015-09-22', '2023-08-26']"
1429,29.3433,-94.74221,S2B_MSIL2A_20190608T164849_R026_T15RUN_20201005T234903,2019-06-08,0.27,57216,"['2015-09-22', '2023-08-26']"
1429,29.3433,-94.74221,S2A_MSIL2A_20211010T165221_R026_T15RUN_20211011T035820,2021-10-10,0.27,56944,"['2015-09-22', '2023-08-26']"
1429,29.3433,-94.74221,S2C_MSIL2A_20250621T164901_R026_T15RUN_20250621T222006,2025-06-21,0.52,56116,"['2015-09-22', '2023-08-26']"
1430,29.34295316,-94.76856853,S2B_MSIL2A_20231104T165459_R026_T15RUN_20231104T210806,2023-11-04,0.06,56780,"['2015-09-22', '2023-08-26']"
1430,29.34295316,-94.76856853,S2A_MSIL2A_20161125T165632_R026_T15RUN_20210415T000736,2016-11-25,0.24,56632,"['2015-09-22', '2023-08-26']"
1430,29.34295316,-94.76856853,S2A_MSIL2A_20180509T164901_R026_T15RUN_20201012T074231,2018-05-09,0.27,56056,"['2015-09-22', '2023-08-26']"
1430,29.34295316,-94.76856853,S2B_MSIL2A_20201209T165709_R026_T15RUN_20201210T202920,2020-12-09,0.29,56576,"['2015-09-22', '2023-08-26']"
1430,29.34295316,-94.76856853,S2A_MSIL2A_20240427T170051_R026_T15RUN_20240428T011412,2024-04-27,0.63,56000,"['2015-09-22', '2023-08-26']"
1433,29.29740572,-94.77511021,S2B_MSIL2A_20231104T165459_R026_T15RUN_20231104T210806,2023-11-04,0.0,38588,['2015-09-22']
1433,29.29740572,-94.77511021,S2B_MSIL2A_20200324T164839_R026_T15RUN_20201018T182939,2020-03-24,0.52,38292,['2015-09-22']
1433,29.29740572,-94.77511021,S2B_MSIL2A_20211005T165049_R026_T15RUN_20211006T060729,2021-10-05,0.93,38952,['2015-09-22']
1433,29.29740572,-94.77511021,S2B_MSIL2A_20210617T164839_R026_T15RUN_20210618T113432,2021-06-17,0.96,38136,['2015-09-22']
1433,29.29740572,-94.77511021,S2A_MSIL2A_20240427T170051_R026_T15RUN_20240428T011412,2024-04-27,2.66,36096,['2015-09-22']
1434,29.29775336,-94.74876348,S2A_MSIL2A_20181115T165541_R026_T15RUN_20201008T184604,2018-11-15,0.0,66524,['2015-09-22']
1434,29.29775336,-94.74876348,S2A_MSIL2A_20180509T164901_R026_T15RUN_20201012T074231,2018-05-09,0.0,66512,['2015-09-22']
1434,29.29775336,-94.74876348,S2B_MSIL2A_20251103T165359_R026_T15RUN_20251103T203609,2025-11-03,0.0,66476,['2015-09-22']
1434,29.29775336,-94.74876348,S2A_MSIL2A_20160807T165322_R026_T15RUN_20210212T120513,2016-08-07,0.0,66536,['2015-09-22']
1434,29.29775336,-94.74876348,S2B_MSIL2A_20200811T164849_R026_T15RUN_20201025T114937,2020-08-11,0.0,66484,['2015-09-22']
1435,29.3128,-94.82073,S2B_MSIL2A_20230816T164849_R026_T15RUN_20241025T114639,2023-08-16,0.07,33548,['2016-09-06']
1435,29.3128,-94.82073,S2B_MSIL2A_20200124T165559_R026_T15RUN_20201002T093040,2020-01-24,3.45,34160,['2016-09-06']
1435,29.3128,-94.82073,S2A_MSIL2A_20181115T165541_R026_T15RUN_20201008T184604,2018-11-15,3.58,33824,['2016-09-06']
1435,29.3128,-94.82073,S2A_MSIL2A_20171130T165641_R026_T15RUN_20201014T230558,2017-11-30,3.59,33904,['2016-09-06']
1435,29.3128,-94.82073,S2A_MSIL2A_20170124T165551_R026_T15RUN_20210207T183434,2017-01-24,3.7,33936,['2016-09-06']
1437,29.312438,-94.84707955,S2B_MSIL2A_20221020T165329_R026_T15RUN_20221021T034612,2022-10-20,0.0,66268,['2016-09-06']
1437,29.312438,-94.84707955,S2B_MSIL2A_20241009T165119_R026_T15RUN_20241009T211130,2024-10-09,0.0,66352,['2016-09-06']
1437,29.312438,-94.84707955,S2C_MSIL2A_20250909T164901_R026_T15RUN_20250909T202215,2025-09-09,0.0,66352,['2016-09-06']
1437,29.312438,-94.84707955,S2A_MSIL2A_20231229T165721_R026_T15RUN_20231229T212831,2023-12-29,0.0,66000,['2016-09-06']
1437,29.312438,-94.84707955,S2A_MSIL2A_20170911T164851_R026_T15RUN_20210202T001137,2017-09-11,0.12,66340,['2016-09-06']
1438,29.63356397,-94.95560102,S2A_MSIL2A_20230304T165201_R026_T15RUN_20240819T113811,2023-03-04,0.0,41204,['2016-09-06']
1438,29.63356397,-94.95560102,S2A_MSIL2A_20240616T164851_R026_T15RUN_20240617T010758,2024-06-16,0.21,40952,['2016-09-06']
1438,29.63356397,-94.95560102,S2B_MSIL2A_20171029T170409_R069_T15RUN_20201015T030431,2017-10-29,0.5,41656,['2016-09-06']
1438,29.63356397,-94.95560102,S2B_MSIL2A_20220113T165639_R026_T15RUN_20220114T063038,2022-01-13,0.6,42388,['2016-09-06']
1438,29.63356397,-94.95560102,S2C_MSIL2A_20250201T165551_R026_T15RUN_20250201T205612,2025-02-01,0.71,41704,['2016-09-06']
1439,29.61047315,-94.95515505,S2C_MSIL2A_20250909T164901_R026_T15RUN_20250909T202215,2025-09-09,0.02,57492,['2016-09-06']
1439,29.61047315,-94.95515505,S2B_MSIL2A_20240212T165429_R026_T15RUN_20240212T221753,2024-02-12,0.05,57924,['2016-09-06']
1439,29.61047315,-94.95515505,S2B_MSIL2A_20170929T171509_R069_T15RUN_20210202T114745,2017-09-29,0.06,57940,['2016-09-06']
1439,29.61047315,-94.95515505,S2A_MSIL2A_20211212T170721_R069_T15RUN_20230130T135212,2021-12-12,0.13,59860,['2016-09-06']
1439,29.61047315,-94.95515505,S2B_MSIL2A_20191115T165549_R026_T15RUN_20201003T165359,2019-11-15,0.23,57756,['2016-09-06']
1440,29.58776873,-94.92829056,S2A_MSIL2A_20200221T170321_R069_T15RUN_20200927T144613,2020-02-21,0.06,43904,['2016-09-06']
1440,29.58776873,-94.92829056,S2A_MSIL2A_20161026T165402_R026_T15RUN_20210213T145007,2016-10-26,0.07,54772,['2016-09-06']
1440,29.58776873,-94.92829056,S2B_MSIL2A_20220324T164839_R026_T15RUN_20240522T034216,2022-03-24,0.14,57720,['2016-09-06']
1440,29.58776873,-94.92829056,S2A_MSIL2A_20170315T165301_R026_T15RUN_20210208T224658,2017-03-15,0.2,66068,['2016-09-06']
1440,29.58776873,-94.92829056,S2B_MSIL2A_20220113T165639_R026_T15RUN_20220114T063038,2022-01-13,0.21,59156,['2016-09-06']
1441,29.58814997,-94.90187101,S2A_MSIL2A_20180330T164851_R026_T15RUN_20201013T163600,2018-03-30,0.0,66332,['2016-09-06']
1441,29.58814997,-94.90187101,S2A_MSIL2A_20231020T165321_R026_T15RUN_20241102T132728,2023-10-20,0.0,64688,['2016-09-06']
1441,29.58814997,-94.90187101,S2A_MSIL2A_20230304T165201_R026_T15RUN_20240819T113811,2023-03-04,0.0,64636,['2016-09-06']
1441,29.58814997,-94.90187101,S2A_MSIL2A_20181215T165711_R026_T15RUN_20201008T101833,2018-12-15,0.01,66324,['2016-09-06']
1441,29.58814997,-94.90187101,S2B_MSIL2A_20191205T165649_R026_T15RUN_20201003T011404,2019-12-05,0.01,65028,['2016-09-06']
1442,29.63433313,-94.90273838,S2B_MSIL2A_20211005T165049_R026_T15RUN_20211006T060729,2021-10-05,0.0,66564,['2016-09-06']
1442,29.63433313,-94.90273838,S2B_MSIL2A_20200413T164839_R026_T15RUN_20200923T100247,2020-04-13,0.0,66564,['2016-09-06']
1442,29.63433313,-94.90273838,S2B_MSIL2A_20201209T165709_R026_T15RUN_20201210T202920,2020-12-09,0.0,66564,['2016-09-06']
1442,29.63433313,-94.90273838,S2B_MSIL2A_20170817T164859_R026_T15RUN_20210201T041820,2017-08-17,0.0,66564,['2016-09-06']
1442,29.63433313,-94.90273838,S2A_MSIL2A_20170124T165551_R026_T15RUN_20210207T183434,2017-01-24,0.0,66564,['2016-09-06']
1443,29.2170837,-95.02683233,S2A_MSIL2A_20161026T165402_R026_T15RUN_20210213T145007,2016-10-26,0.0,52648,['2023-09-20']
1443,29.2170837,-95.02683233,S2B_MSIL2A_20220622T164849_R026_T15RUN_20220623T062158,2022-06-22,0.0,52268,['2023-09-20']
1443,29.2170837,-95.02683233,S2C_MSIL2A_20250909T164901_R026_T15RUN_20250909T202215,2025-09-09,0.04,54020,['2023-09-20']
1443,29.2170837,-95.02683233,S2A_MSIL2A_20220418T164851_R026_T15RTN_20220419T030550,2022-04-18,0.09,52856,['2023-09-20']
1443,29.2170837,-95.02683233,S2A_MSIL2A_20200228T165231_R026_T15RTN_20200928T232208,2020-02-28,0.12,52824,['2023-09-20']
1444,29.19438836,-95.00006146,S2B_MSIL2A_20240701T164849_R026_T15RTN_20240702T005951,2024-07-01,0.0,63036,['2023-09-20']
1444,29.19438836,-95.00006146,S2B_MSIL2A_20220324T164839_R026_T15RUN_20240522T034216,2022-03-24,0.0,63044,['2023-09-20']
1444,29.19438836,-95.00006146,S2B_MSIL2A_20200612T164849_R026_T15RUN_20200827T040834,2020-06-12,0.12,62972,['2023-09-20']
1444,29.19438836,-95.00006146,S2A_MSIL2A_20170124T165551_R026_T15RUN_20210207T183434,2017-01-24,0.2,63268,['2023-09-20']
1444,29.19438836,-95.00006146,S2A_MSIL2A_20160807T165322_R026_T15RUN_20210212T120513,2016-08-07,0.26,62508,['2023-09-20']
1447,28.58846,-95.98296,S2C_MSIL2A_20251111T170551_R069_T15RTM_20251111T205111,2025-11-11,0.0,50628,['2015-10-05']
1447,28.58846,-95.98296,S2B_MSIL2A_20260326T165849_R069_T15RTM_20260326T222755,2026-03-26,0.71,47784,['2015-10-05']
1447,28.58846,-95.98296,S2B_MSIL2A_20201003T170049_R069_T15RTM_20201005T070229,2020-10-03,1.14,49624,['2015-10-05']
1447,28.58846,-95.98296,S2B_MSIL2A_20211107T170519_R069_T14RQS_20211117T075229,2021-11-07,1.39,49972,['2015-10-05']
1447,28.58846,-95.98296,S2A_MSIL2A_20210116T170641_R069_T14RQS_20210202T055520,2021-01-16,4.4,44652,['2015-10-05']
1448,28.5878755,-95.95681646,S2A_MSIL2A_20240808T165851_R069_T14RQS_20240809T005549,2024-08-08,0.0,66312,['2015-10-05']
1448,28.5878755,-95.95681646,S2B_MSIL2A_20241121T170529_R069_T15RTM_20241121T205234,2024-11-21,0.02,66476,['2015-10-05']
1448,28.5878755,-95.95681646,S2A_MSIL2A_20260102T170721_R069_T15RTM_20260102T204416,2026-01-02,0.03,66468,['2015-10-05']
1448,28.5878755,-95.95681646,S2B_MSIL2A_20181004T170139_R069_T15RTM_20201009T081124,2018-10-04,0.15,66404,['2015-10-05']
1448,28.5878755,-95.95681646,S2B_MSIL2A_20200804T165849_R069_T14RQS_20200816T044038,2020-08-04,0.35,66104,['2015-10-05']
1449,28.66886976,-96.27020483,S2B_MSIL2A_20200206T170459_R069_T14RQS_20201001T035257,2020-02-06,0.09,65896,['2023-09-23']
1449,28.66886976,-96.27020483,S2C_MSIL2A_20251121T170631_R069_T14RQS_20251121T210118,2025-11-21,0.12,65992,['2023-09-23']
1449,28.66886976,-96.27020483,S2A_MSIL2A_20221227T170721_R069_T14RQS_20221228T013850,2022-12-27,0.2,65468,['2023-09-23']
1449,28.66886976,-96.27020483,S2A_MSIL2A_20210725T165901_R069_T14RQS_20210726T151126,2021-07-25,0.34,65608,['2023-09-23']
1449,28.66886976,-96.27020483,S2B_MSIL2A_20190820T165849_R069_T14RQS_20201005T025201,2019-08-20,0.93,65308,['2023-09-23']
1450,28.66833926,-96.24403471,S2A_MSIL2A_20220411T165851_R069_T14RQS_20240604T133546,2022-04-11,0.0,66564,['2023-09-23']
1450,28.66833926,-96.24403471,S2A_MSIL2A_20210923T170031_R069_T14RQS_20210924T140025,2021-09-23,0.0,66564,['2023-09-23']
1450,28.66833926,-96.24403471,S2A_MSIL2A_20221127T170641_R069_T14RQS_20221130T215332,2022-11-27,0.0,66228,['2023-09-23']
1450,28.66833926,-96.24403471,S2B_MSIL2A_20191218T170719_R069_T14RQS_20201003T064443,2019-12-18,0.0,66564,['2023-09-23']
1450,28.66833926,-96.24403471,S2C_MSIL2A_20251121T170631_R069_T14RQS_20251121T210118,2025-11-21,0.0,66564,['2023-09-23']
1455,28.49445387,-96.4454307,S2B_MSIL2A_20241121T170529_R069_T14RQS_20241121T205234,2024-11-21,0.0,56456,"['2023-09-08', '2023-10-03']"
1455,28.49445387,-96.4454307,S2B_MSIL2A_20240405T165849_R069_T14RQS_20240406T004918,2024-04-05,0.21,54940,"['2023-09-08', '2023-10-03']"
1455,28.49445387,-96.4454307,S2B_MSIL2A_20190402T165849_R069_T14RQS_20201006T213257,2019-04-02,0.51,55384,"['2023-09-08', '2023-10-03']"
1455,28.49445387,-96.4454307,S2B_MSIL2A_20211008T170119_R069_T14RQS_20211009T081918,2021-10-08,0.61,55996,"['2023-09-08', '2023-10-03']"
1455,28.49445387,-96.4454307,S2B_MSIL2A_20180517T165849_R069_T14RQS_20201012T110743,2018-05-17,5.02,52132,"['2023-09-08', '2023-10-03']"
1456,28.47087528,-96.41986154,S2A_MSIL2A_20240220T170331_R069_T14RQS_20240220T231049,2024-02-20,0.11,49648,"['2023-09-08', '2023-10-03']"
1456,28.47087528,-96.41986154,S2C_MSIL2A_20251012T170251_R069_T14RQS_20251012T214201,2025-10-12,0.13,50428,"['2023-09-08', '2023-10-03']"
1456,28.47087528,-96.41986154,S2A_MSIL2A_20190914T165921_R069_T14RQS_20201004T130258,2019-09-14,0.5,49944,"['2023-09-08', '2023-10-03']"
1456,28.47087528,-96.41986154,S2A_MSIL2A_20160929T170302_R069_T14RQS_20210213T055130,2016-09-29,0.51,49784,"['2023-09-08', '2023-10-03']"
1456,28.47087528,-96.41986154,S2A_MSIL2A_20210923T170031_R069_T14RQS_20210924T140025,2021-09-23,0.98,49764,"['2023-09-08', '2023-10-03']"
1468,27.61782343,-97.18682702,S2A_MSIL2A_20221227T170721_R069_T14RPR_20221228T005207,2022-12-27,0.0,63576,['2023-08-24']
1468,27.61782343,-97.18682702,S2B_MSIL2A_20240803T165849_R069_T14RPR_20240804T084346,2024-08-03,0.0,63684,['2023-08-24']
1468,27.61782343,-97.18682702,S2B_MSIL2A_20220215T170359_R069_T14RPR_20220223T185307,2022-02-15,0.22,63568,['2023-08-24']
1468,27.61782343,-97.18682702,S2A_MSIL2A_20210923T170031_R069_T14RPR_20210924T153424,2021-09-23,0.65,63316,['2023-08-24']
1468,27.61782343,-97.18682702,S2A_MSIL2A_20170216T170351_R069_T14RPR_20210208T132647,2017-02-16,0.68,63348,['2023-08-24']
1471,27.7741,-97.3875,S2C_MSIL2A_20250306T170211_R069_T14RPR_20250306T222015,2025-03-06,0.0,36532,['2023-10-03']
1471,27.7741,-97.3875,S2A_MSIL2A_20240220T170331_R069_T14RPR_20240220T231052,2024-02-20,0.01,36584,['2023-10-03']
1471,27.7741,-97.3875,S2C_MSIL2A_20251012T170251_R069_T14RPR_20251012T214201,2025-10-12,0.03,36620,['2023-10-03']
1471,27.7741,-97.3875,S2B_MSIL2A_20220605T165849_R069_T14RPR_20220606T030217,2022-06-05,0.24,36160,['2023-10-03']
1471,27.7741,-97.3875,S2B_MSIL2A_20190810T165849_R069_T14RPR_20201004T225237,2019-08-10,6.65,34452,['2023-10-03']
1472,27.79720141,-97.38715909,S2A_MSIL2A_20240410T165851_R069_T14RPR_20240411T012448,2024-04-10,0.01,43080,['2023-10-03']
1472,27.79720141,-97.38715909,S2B_MSIL2A_20231117T170559_R069_T14RPR_20231117T211325,2023-11-17,0.01,42964,['2023-10-03']
1472,27.79720141,-97.38715909,S2A_MSIL2A_20171123T170621_R069_T14RPR_20201014T214712,2017-11-23,0.72,43192,['2023-10-03']
1472,27.79720141,-97.38715909,S2B_MSIL2A_20170830T165849_R069_T14RPR_20210201T152652,2017-08-30,0.89,42900,['2023-10-03']
1472,27.79720141,-97.38715909,S2A_MSIL2A_20191014T170251_R069_T14RPR_20201004T021156,2019-10-14,1.1,42976,['2023-10-03']
1476,59.02088575,18.34905624,S2C_MSIL2A_20250922T101741_R065_T34VCL_20250922T155314,2025-09-22,0.0,36628,['2021-06-29']
1476,59.02088575,18.34905624,S2A_MSIL2A_20220624T100041_R122_T34VCL_20240714T162313,2022-06-24,0.0,36556,['2021-06-29']
1476,59.02088575,18.34905624,S2A_MSIL2A_20240504T100031_R122_T34VCL_20240504T154514,2024-05-04,0.0,36700,['2021-06-29']
1476,59.02088575,18.34905624,S2A_MSIL2A_20220518T100601_R022_T33VXF_20220520T090345,2022-05-18,0.0,36808,['2021-06-29']
1476,59.02088575,18.34905624,S2B_MSIL2A_20221023T102029_R065_T33VXF_20221024T052237,2022-10-23,0.01,36112,['2021-06-29']
1479,58.35325289,16.87112999,S2A_MSIL2A_20200319T101021_R022_T33VXE_20201012T164319,2020-03-19,0.0,45068,"['2021-06-27', '2021-07-17']"
1479,58.35325289,16.87112999,S2A_MSIL2A_20241017T102021_R065_T33VXE_20241017T143350,2024-10-17,0.0,44332,"['2021-06-27', '2021-07-17']"
1479,58.35325289,16.87112999,S2A_MSIL2A_20190424T101031_R022_T33VXE_20201105T165735,2019-04-24,0.01,44572,"['2021-06-27', '2021-07-17']"
1479,58.35325289,16.87112999,S2B_MSIL2A_20191029T102039_R065_T33VWE_20201004T072729,2019-10-29,0.01,32000,"['2021-06-27', '2021-07-17']"
1479,58.35325289,16.87112999,S2A_MSIL2A_20220302T101941_R065_T33VWE_20220304T050612,2022-03-02,0.01,32008,"['2021-06-27', '2021-07-17']"
1491,59.64302444,18.73871897,S2A_MSIL2A_20160502T102032_R065_T34VCM_20210211T075627,2016-05-02,0.0,48696,"['2021-07-02', '2021-07-14']"
1491,59.64302444,18.73871897,S2B_MSIL2A_20230316T100029_R122_T34VCM_20240827T115615,2023-03-16,0.0,33256,"['2021-07-02', '2021-07-14']"
1491,59.64302444,18.73871897,S2B_MSIL2A_20230131T102149_R065_T34VCM_20230201T004155,2023-01-31,0.0,49152,"['2021-07-02', '2021-07-14']"
1491,59.64302444,18.73871897,S2A_MSIL2A_20170524T101031_R022_T34VCM_20210209T174811,2017-05-24,0.01,48208,"['2021-07-02', '2021-07-14']"
1491,59.64302444,18.73871897,S2B_MSIL2A_20171019T102019_R065_T34VCM_20201015T010010,2017-10-19,0.1,48360,"['2021-07-02', '2021-07-14']"
1492,59.62005413,18.74026374,S2A_MSIL2A_20190901T101031_R022_T34VCM_20201004T075755,2019-09-01,0.0,38552,['2021-07-02']
1492,59.62005413,18.74026374,S2A_MSIL2A_20260327T100051_R122_T34VCM_20260327T165916,2026-03-27,0.0,39704,['2021-07-02']
1492,59.62005413,18.74026374,S2B_MSIL2A_20231012T095849_R122_T34VCM_20241102T165148,2023-10-12,0.0,39112,['2021-07-02']
1492,59.62005413,18.74026374,S2A_MSIL2A_20251018T100041_R122_T34VCM_20251018T115256,2025-10-18,0.0,39204,['2021-07-02']
1492,59.62005413,18.74026374,S2B_MSIL2A_20200927T100029_R122_T34VCM_20200929T024513,2020-09-27,0.0,38736,['2021-07-02']
1493,59.62082825,18.78560685,S2B_MSIL2A_20200725T101559_R065_T34VCM_20200817T130712,2020-07-25,0.0,51600,['2021-07-02']
1493,59.62082825,18.78560685,S2B_MSIL2A_20170830T102019_R065_T34VCM_20210201T152001,2017-08-30,0.06,52000,['2021-07-02']
1493,59.62082825,18.78560685,S2B_MSIL2A_20200530T100029_R122_T34VCM_20200911T133225,2020-05-30,0.5,52264,['2021-07-02']
1493,59.62082825,18.78560685,S2A_MSIL2A_20170213T101121_R022_T34VCM_20210208T115147,2017-02-13,6.47,53880,['2021-07-02']
1493,59.62082825,18.78560685,S2C_MSIL2A_20251115T100311_R122_T34VCM_20251115T114609,2025-11-15,7.44,49624,['2021-07-02']
1494,59.64379927,18.78409302,S2A_MSIL2A_20230709T100031_R122_T34VCM_20230709T153926,2023-07-09,0.0,34396,"['2021-07-02', '2021-07-14']"
1494,59.64379927,18.78409302,S2A_MSIL2A_20240716T100601_R022_T34VCM_20240716T155947,2024-07-16,0.0,34144,"['2021-07-02', '2021-07-14']"
1494,59.64379927,18.78409302,S2B_MSIL2A_20190416T100029_R122_T34VCM_20201007T025604,2019-04-16,0.0,36540,"['2021-07-02', '2021-07-14']"
1494,59.64379927,18.78409302,S2A_MSIL2A_20200306T100021_R122_T34VCM_20200929T103645,2020-03-06,0.01,36932,"['2021-07-02', '2021-07-14']"
1494,59.64379927,18.78409302,S2A_MSIL2A_20180807T101021_R022_T34VCM_20201010T222050,2018-08-07,0.01,34860,"['2021-07-02', '2021-07-14']"
1495,59.66677018,18.78257676,S2B_MSIL2A_20240330T095559_R122_T34VCM_20240330T143607,2024-03-30,0.0,42064,"['2021-07-02', '2021-07-14']"
1495,59.66677018,18.78257676,S2A_MSIL2A_20230513T100551_R022_T34VCM_20230513T183005,2023-05-13,0.0,41288,"['2021-07-02', '2021-07-14']"
1495,59.66677018,18.78257676,S2B_MSIL2A_20200609T100029_R122_T34VCM_20200826T185059,2020-06-09,0.0,40796,"['2021-07-02', '2021-07-14']"
1495,59.66677018,18.78257676,S2A_MSIL2A_20180119T101331_R022_T34VCM_20201025T211436,2018-01-19,0.98,42340,"['2021-07-02', '2021-07-14']"
1495,59.66677018,18.78257676,S2B_MSIL2A_20200104T101319_R022_T34VCM_20201002T225710,2020-01-04,1.3,44408,"['2021-07-02', '2021-07-14']"
1498,59.07433371,18.48203363,S2A_MSIL2A_20190901T101031_R022_T34VCL_20201004T075754,2019-09-01,0.0,45012,['2021-06-29']
1498,59.07433371,18.48203363,S2A_MSIL2A_20160317T100012_R122_T34VCL_20210528T155920,2016-03-17,0.0,42888,['2021-06-29']
1498,59.07433371,18.48203363,S2B_MSIL2A_20181024T102059_R065_T33VXF_20201009T145815,2018-10-24,0.0,45448,['2021-06-29']
1498,59.07433371,18.48203363,S2B_MSIL2A_20180511T100029_R122_T34VCL_20201012T084118,2018-05-11,0.0,45112,['2021-06-29']
1498,59.07433371,18.48203363,S2A_MSIL2A_20190213T101131_R022_T34VCL_20201007T162330,2019-02-13,1.1,45884,['2021-06-29']
1502,56.16543169,15.60475489,S2B_MSIL2A_20230508T100559_R022_T33VWC_20240908T113907,2023-05-08,0.0,41248,"['2021-03-02', '2021-07-05', '2021-07-22']"
1502,56.16543169,15.60475489,S2B_MSIL2A_20231018T101939_R065_T33VWC_20231019T141957,2023-10-18,0.0,41740,"['2021-03-02', '2021-07-05', '2021-07-22']"
1502,56.16543169,15.60475489,S2B_MSIL2A_20260306T102019_R065_T33VWC_20260306T155115,2026-03-06,0.0,41836,"['2021-03-02', '2021-07-05', '2021-07-22']"
1502,56.16543169,15.60475489,S2A_MSIL2A_20220319T100731_R022_T33VWC_20240601T184653,2022-03-19,0.04,41820,"['2021-03-02', '2021-07-05', '2021-07-22']"
1502,56.16543169,15.60475489,S2A_MSIL2A_20190726T102031_R065_T33VWC_20201106T020401,2019-07-26,0.85,40984,"['2021-03-02', '2021-07-05', '2021-07-22']"
1506,55.42426642,13.78494526,S2B_MSIL2A_20230908T101559_R065_T33UVB_20241023T202405,2023-09-08,0.03,33868,['2021-07-05']
1506,55.42426642,13.78494526,S2A_MSIL2A_20200521T102031_R065_T33UVB_20200910T103844,2020-05-21,0.05,34032,['2021-07-05']
1506,55.42426642,13.78494526,S2B_MSIL2A_20170731T102019_R065_T33UVB_20210210T173314,2017-07-31,0.15,33688,['2021-07-05']
1506,55.42426642,13.78494526,S2A_MSIL2A_20160909T102022_R065_T33UVB_20210212T230634,2016-09-09,0.31,33692,['2021-07-05']
1506,55.42426642,13.78494526,S2B_MSIL2A_20181103T102159_R065_T33UVB_20201008T153057,2018-11-03,0.33,33776,['2021-07-05']
1507,55.4238581,13.74450728,S2A_MSIL2A_20200829T102031_R065_T33UVB_20200907T150015,2020-08-29,0.0,39432,['2021-07-05']
1507,55.4238581,13.74450728,S2B_MSIL2A_20260415T101559_R065_T33UVB_20260415T153336,2026-04-15,0.0,39268,['2021-07-05']
1507,55.4238581,13.74450728,S2B_MSIL2A_20230908T101559_R065_T33UVB_20241023T202405,2023-09-08,0.01,39312,['2021-07-05']
1507,55.4238581,13.74450728,S2A_MSIL2A_20170527T102031_R065_T33UVB_20210712T214033,2017-05-27,0.05,39156,['2021-07-05']
1507,55.4238581,13.74450728,S2B_MSIL2A_20240714T101559_R065_T33UVB_20240714T151229,2024-07-14,0.16,39372,['2021-07-05']
1508,60.15112796,18.6418569,S2A_MSIL2A_20170404T101021_R022_T34VCM_20210209T044018,2017-04-04,0.0,55060,['2021-07-02']
