ID,center_lat,center_lon,sat_item,date,local_cloud_cover,water_pixels,original_dates_list
1508,60.15112796,18.6418569,S2A_MSIL2A_20240626T101031_R022_T33VXG_20240626T194237,2024-06-26,0.0,53804,['2021-07-02']
1508,60.15112796,18.6418569,S2A_MSIL2A_20220128T101301_R022_T33VXG_20220213T064134,2022-01-28,0.12,32216,['2021-07-02']
1508,60.15112796,18.6418569,S2A_MSIL2A_20240217T101101_R022_T33VXG_20240217T133839,2024-02-17,0.47,35808,['2021-07-02']
1508,60.15112796,18.6418569,S2A_MSIL2A_20160412T102022_R065_T34VCM_20210211T032432,2016-04-12,2.34,54636,['2021-07-02']
1509,60.15029963,18.59579036,S2B_MSIL2A_20260306T102019_R065_T34VCM_20260306T155115,2026-03-06,0.0,51932,['2021-07-02']
1509,60.15029963,18.59579036,S2B_MSIL2A_20190628T101039_R022_T34VCM_20201006T073443,2019-06-28,0.0,48884,['2021-07-02']
1509,60.15029963,18.59579036,S2A_MSIL2A_20160608T101032_R022_T34VCM_20210211T173914,2016-06-08,0.01,49232,['2021-07-02']
1509,60.15029963,18.59579036,S2A_MSIL2A_20170325T101021_R022_T34VCM_20210209T013530,2017-03-25,0.15,50760,['2021-07-02']
1509,60.15029963,18.59579036,S2B_MSIL2A_20200314T101019_R022_T34VCM_20201009T234915,2020-03-14,1.44,50076,['2021-07-02']
1510,60.12897257,18.68953816,S2C_MSIL2A_20260410T102021_R065_T33VXG_20260410T160212,2026-04-10,0.0,39256,['2021-07-02']
1510,60.12897257,18.68953816,S2B_MSIL2A_20240525T101559_R065_T33VXG_20240525T141839,2024-05-25,0.0,38432,['2021-07-02']
1510,60.12897257,18.68953816,S2B_MSIL2A_20210227T101029_R022_T34VCM_20210227T195959,2021-02-27,0.2,39720,['2021-07-02']
1510,60.12897257,18.68953816,S2A_MSIL2A_20210831T101031_R022_T33VXG_20210831T222142,2021-08-31,0.76,38152,['2021-07-02']
1510,60.12897257,18.68953816,S2B_MSIL2A_20211217T102329_R065_T33VXG_20211217T230515,2021-12-17,1.4,40924,['2021-07-02']
1511,60.15194028,18.68792611,S2A_MSIL2A_20230126T102311_R065_T33VXG_20240810T093409,2023-01-26,0.0,65592,['2021-07-02']
1511,60.15194028,18.68792611,S2B_MSIL2A_20191105T101119_R022_T33VXG_20201003T132759,2019-11-05,0.0,65548,['2021-07-02']
1511,60.15194028,18.68792611,S2B_MSIL2A_20190608T101029_R022_T34VCM_20201005T234619,2019-06-08,0.0,64884,['2021-07-02']
1511,60.15194028,18.68792611,S2B_MSIL2A_20220814T101559_R065_T33VXG_20240707T220121,2022-08-14,0.0,64888,['2021-07-02']
1511,60.15194028,18.68792611,S2A_MSIL2A_20160721T102032_R065_T33VXG_20210212T064123,2016-07-21,0.0,64928,['2021-07-02']
1512,59.53103019,18.83162219,S2B_MSIL2A_20180511T100029_R122_T34VCM_20201012T084116,2018-05-11,0.0,58104,['2021-07-02']
1512,59.53103019,18.83162219,S2B_MSIL2A_20230131T102149_R065_T34VCM_20230201T004155,2023-01-31,0.0,58916,['2021-07-02']
1512,59.53103019,18.83162219,S2C_MSIL2A_20260410T102021_R065_T34VCM_20260410T160212,2026-04-10,0.0,58220,['2021-07-02']
1512,59.53103019,18.83162219,S2B_MSIL2A_20240409T095549_R122_T34VCM_20240411T002009,2024-04-09,0.0,58268,['2021-07-02']
1512,59.53103019,18.83162219,S2A_MSIL2A_20230513T100551_R022_T34VCM_20230513T183005,2023-05-13,0.0,57852,['2021-07-02']
1513,59.55400223,18.83014511,S2B_MSIL2A_20230415T100029_R122_T34VCM_20230415T143849,2023-04-15,0.0,49236,['2021-07-02']
1513,59.55400223,18.83014511,S2B_MSIL2A_20231012T095849_R122_T34VCM_20241102T165148,2023-10-12,0.0,49044,['2021-07-02']
1513,59.55400223,18.83014511,S2A_MSIL2A_20160827T101022_R022_T34VCM_20210212T183805,2016-08-27,0.0,48472,['2021-07-02']
1513,59.55400223,18.83014511,S2A_MSIL2A_20160502T102032_R065_T34VCM_20210211T075627,2016-05-02,0.0,49428,['2021-07-02']
1513,59.55400223,18.83014511,S2A_MSIL2A_20240626T101031_R022_T34VCM_20240626T194051,2024-06-26,0.0,48060,['2021-07-02']
1514,59.53027269,18.78639829,S2A_MSIL2A_20190720T100031_R122_T34VCM_20201005T165119,2019-07-20,0.0,57696,['2021-07-02']
1514,59.53027269,18.78639829,S2A_MSIL2A_20240626T101031_R022_T34VCM_20240626T194051,2024-06-26,0.0,57728,['2021-07-02']
1514,59.53027269,18.78639829,S2B_MSIL2A_20220814T101559_R065_T34VCM_20240707T220121,2022-08-14,0.0,57676,['2021-07-02']
1514,59.53027269,18.78639829,S2A_MSIL2A_20160725T100032_R122_T34VCM_20210212T075312,2016-07-25,0.01,57820,['2021-07-02']
1514,59.53027269,18.78639829,S2B_MSIL2A_20220314T101019_R022_T34VCM_20220314T224605,2022-03-14,0.04,56652,['2021-07-02']
1515,59.50730124,18.78790372,S2A_MSIL2A_20240626T101031_R022_T34VCM_20240626T194051,2024-06-26,0.0,62992,['2021-07-02']
1515,59.50730124,18.78790372,S2A_MSIL2A_20200306T100021_R122_T34VCL_20200929T103641,2020-03-06,0.01,63988,['2021-07-02']
1515,59.50730124,18.78790372,S2B_MSIL2A_20180726T102019_R065_T34VCL_20201011T202306,2018-07-26,0.02,63152,['2021-07-02']
1515,59.50730124,18.78790372,S2A_MSIL2A_20241017T102021_R065_T34VCL_20241017T143350,2024-10-17,0.02,63800,['2021-07-02']
1515,59.50730124,18.78790372,S2B_MSIL2A_20181014T102019_R065_T34VCM_20201009T113351,2018-10-14,0.04,64128,['2021-07-02']
1516,59.50805804,18.83309692,S2B_MSIL2A_20231012T095849_R122_T34VCL_20241102T165148,2023-10-12,0.0,48936,['2021-07-02']
1516,59.50805804,18.83309692,S2A_MSIL2A_20241017T102021_R065_T34VCL_20241017T143350,2024-10-17,0.0,49180,['2021-07-02']
1516,59.50805804,18.83309692,S2A_MSIL2A_20251018T100041_R122_T34VCM_20251018T115256,2025-10-18,0.0,49016,['2021-07-02']
1516,59.50805804,18.83309692,S2C_MSIL2A_20250718T100051_R122_T34VCL_20250718T152418,2025-07-18,0.0,48220,['2021-07-02']
1516,59.50805804,18.83309692,S2B_MSIL2A_20190416T100029_R122_T34VCM_20201007T025604,2019-04-16,0.02,49220,['2021-07-02']
1517,59.50879924,18.87829247,S2B_MSIL2A_20221020T100939_R022_T34VCM_20221020T212111,2022-10-20,0.01,60684,['2021-07-02']
1517,59.50879924,18.87829247,S2A_MSIL2A_20230513T100551_R022_T34VCM_20230513T183005,2023-05-13,0.01,61016,['2021-07-02']
1517,59.50879924,18.87829247,S2A_MSIL2A_20230709T100031_R122_T34VCL_20241018T161204,2023-07-09,0.01,60892,['2021-07-02']
1517,59.50879924,18.87829247,S2A_MSIL2A_20171004T102021_R065_T34VCM_20210202T134623,2017-10-04,0.01,61188,['2021-07-02']
1517,59.50879924,18.87829247,S2A_MSIL2A_20160317T100012_R122_T34VCM_20210528T155916,2016-03-17,0.02,57920,['2021-07-02']
1518,59.53177206,18.87684844,S2C_MSIL2A_20250323T100711_R022_T34VCM_20250323T160703,2025-03-23,0.0,61464,['2021-07-02']
1518,59.53177206,18.87684844,S2B_MSIL2A_20191029T102039_R065_T34VCM_20201004T072730,2019-10-29,0.0,61820,['2021-07-02']
1518,59.53177206,18.87684844,S2B_MSIL2A_20220814T101559_R065_T34VCM_20240707T220121,2022-08-14,0.01,61164,['2021-07-02']
1518,59.53177206,18.87684844,S2B_MSIL2A_20170824T100019_R122_T34VCM_20210201T092021,2017-08-24,0.01,61220,['2021-07-02']
1518,59.53177206,18.87684844,S2B_MSIL2A_20180531T100029_R122_T34VCM_20201012T162423,2018-05-31,0.07,61080,['2021-07-02']
1519,59.56928837,19.0626122,S2B_MSIL2A_20170715T100029_R122_T34VCM_20210210T093340,2017-07-15,0.0,42488,['2021-07-02']
1519,59.56928837,19.0626122,S2A_MSIL2A_20260327T100051_R122_T34VCM_20260327T165916,2026-03-27,0.0,43156,['2021-07-02']
1519,59.56928837,19.0626122,S2B_MSIL2A_20180511T100029_R122_T34VCM_20201012T084116,2018-05-11,0.01,42760,['2021-07-02']
1519,59.56928837,19.0626122,S2C_MSIL2A_20250323T100711_R022_T34VCM_20250323T160703,2025-03-23,0.02,43040,['2021-07-02']
1519,59.56928837,19.0626122,S2A_MSIL2A_20160317T100012_R122_T34VCM_20210528T155916,2016-03-17,0.05,39524,['2021-07-02']
1520,59.56861043,19.01733033,S2B_MSIL2A_20220814T101559_R065_T34VCM_20240707T220121,2022-08-14,0.0,41648,['2021-07-02']
1520,59.56861043,19.01733033,S2B_MSIL2A_20191029T102039_R065_T34VCM_20201004T072730,2019-10-29,0.0,46148,['2021-07-02']
1520,59.56861043,19.01733033,S2A_MSIL2A_20210513T101021_R022_T34VCM_20210514T152342,2021-05-13,0.0,50372,['2021-07-02']
1520,59.56861043,19.01733033,S2A_MSIL2A_20171103T102201_R065_T34VCM_20201014T180752,2017-11-03,0.0,44464,['2021-07-02']
1520,59.56861043,19.01733033,S2A_MSIL2A_20160412T102022_R065_T34VCM_20210211T032432,2016-04-12,0.0,49672,['2021-07-02']
1524,56.00604341,14.85817774,S2B_MSIL2A_20200625T101559_R065_T33VVC_20200824T024436,2020-06-25,0.0,47220,['2021-07-12']
1524,56.00604341,14.85817774,S2A_MSIL2A_20240308T100841_R022_T33VVC_20240308T130854,2024-03-08,0.0,47412,['2021-07-12']
1524,56.00604341,14.85817774,S2A_MSIL2A_20230612T100601_R022_T33VVC_20230612T172722,2023-06-12,0.0,47220,['2021-07-12']
1524,56.00604341,14.85817774,S2B_MSIL2A_20250808T101559_R065_T33VVC_20250808T125057,2025-08-08,0.0,47292,['2021-07-12']
1524,56.00604341,14.85817774,S2B_MSIL2A_20240721T100559_R022_T33VVC_20240721T144000,2024-07-21,0.0,47112,['2021-07-12']
1528,58.65159857,17.07013619,S2A_MSIL2A_20240626T101031_R022_T33VXF_20240626T194218,2024-06-26,0.0,46808,['2021-07-12']
1528,58.65159857,17.07013619,S2B_MSIL2A_20221023T102029_R065_T33VXF_20221024T052237,2022-10-23,0.0,48784,['2021-07-12']
1528,58.65159857,17.07013619,S2B_MSIL2A_20250719T101559_R065_T33VXF_20250719T130235,2025-07-19,0.0,47140,['2021-07-12']
1528,58.65159857,17.07013619,S2B_MSIL2A_20220625T101559_R065_T33VXF_20240629T115118,2022-06-25,0.0,46840,['2021-07-12']
1528,58.65159857,17.07013619,S2A_MSIL2A_20161128T102352_R065_T33VXF_20210415T034923,2016-11-28,0.16,49936,['2021-07-12']
1533,59.28610894,18.73256309,S2A_MSIL2A_20220624T100041_R122_T34VCL_20240714T162313,2022-06-24,0.0,43396,['2021-07-12']
1533,59.28610894,18.73256309,S2B_MSIL2A_20190608T101029_R022_T34VCL_20201005T234617,2019-06-08,0.0,43840,['2021-07-12']
1533,59.28610894,18.73256309,S2A_MSIL2A_20200614T100031_R122_T34VCL_20200919T033509,2020-06-14,0.01,43656,['2021-07-12']
1533,59.28610894,18.73256309,S2A_MSIL2A_20180628T101031_R022_T34VCL_20201012T032119,2018-06-28,0.01,43796,['2021-07-12']
1533,59.28610894,18.73256309,S2A_MSIL2A_20230416T101601_R065_T34VCL_20240904T172156,2023-04-16,0.01,43764,['2021-07-12']
1534,59.26234847,18.68922479,S2B_MSIL2A_20210227T101029_R022_T34VCL_20210227T214401,2021-02-27,0.0,53656,['2021-07-12']
1534,59.26234847,18.68922479,S2B_MSIL2A_20250818T101559_R065_T34VCL_20250818T125628,2025-08-18,0.0,53484,['2021-07-12']
1534,59.26234847,18.68922479,S2C_MSIL2A_20260410T102021_R065_T34VCL_20260410T160212,2026-04-10,0.0,53728,['2021-07-12']
1534,59.26234847,18.68922479,S2B_MSIL2A_20200910T100559_R022_T34VCL_20200912T024653,2020-09-10,0.01,53388,['2021-07-12']
1534,59.26234847,18.68922479,S2A_MSIL2A_20160412T102022_R065_T34VCL_20210211T032429,2016-04-12,0.01,53548,['2021-07-12']
1535,59.24016588,18.73561491,S2A_MSIL2A_20210420T100021_R122_T34VCL_20210421T164654,2021-04-20,0.0,49324,['2021-07-12']
1535,59.24016588,18.73561491,S2A_MSIL2A_20230612T100601_R022_T34VCL_20240911T004021,2023-06-12,0.0,48288,['2021-07-12']
1535,59.24016588,18.73561491,S2B_MSIL2A_20210227T101029_R022_T34VCL_20210227T214401,2021-02-27,0.0,49844,['2021-07-12']
1535,59.24016588,18.73561491,S2B_MSIL2A_20230316T100029_R122_T34VCL_20240827T115615,2023-03-16,0.07,50012,['2021-07-12']
1535,59.24016588,18.73561491,S2A_MSIL2A_20190213T101131_R022_T34VCL_20201007T162330,2019-02-13,0.31,50532,['2021-07-12']
1536,59.2409387,18.78045262,S2B_MSIL2A_20230101T102339_R065_T34VCL_20240806T223544,2023-01-01,0.0,42544,['2021-07-12']
1536,59.2409387,18.78045262,S2C_MSIL2A_20250718T100051_R122_T34VCL_20250718T152418,2025-07-18,0.0,52096,['2021-07-12']
1536,59.2409387,18.78045262,S2B_MSIL2A_20181127T100339_R122_T34VCL_20201008T221418,2018-11-27,0.21,55032,['2021-07-12']
1536,59.2409387,18.78045262,S2A_MSIL2A_20251117T100321_R122_T34VCL_20251117T113612,2025-11-17,0.6,54504,['2021-07-12']
1536,59.2409387,18.78045262,S2A_MSIL2A_20160117T100342_R122_T34VCL_20210527T191219,2016-01-17,6.49,38544,['2021-07-12']
1537,59.15013713,18.7986362,S2A_MSIL2A_20230530T100031_R122_T34VCL_20240906T093135,2023-05-30,0.0,49936,['2021-07-12']
1537,59.15013713,18.7986362,S2B_MSIL2A_20230316T100029_R122_T34VCL_20240827T115615,2023-03-16,0.03,52204,['2021-07-12']
1537,59.15013713,18.7986362,S2A_MSIL2A_20220115T100351_R122_T34VCL_20220115T213410,2022-01-15,0.06,52972,['2021-07-12']
1537,59.15013713,18.7986362,S2A_MSIL2A_20210907T100031_R122_T34VCL_20210907T191209,2021-09-07,0.25,50440,['2021-07-12']
1537,59.15013713,18.7986362,S2A_MSIL2A_20160216T100102_R122_T34VCL_20210528T072108,2016-02-16,0.51,47624,['2021-07-12']
1538,59.1723435,18.75240979,S2C_MSIL2A_20250919T101041_R022_T34VCL_20250919T150924,2025-09-19,0.0,52956,['2021-07-12']
1538,59.1723435,18.75240979,S2B_MSIL2A_20240906T095549_R122_T34VCL_20240906T160538,2024-09-06,0.0,52572,['2021-07-12']
1538,59.1723435,18.75240979,S2B_MSIL2A_20200927T100029_R122_T34VCL_20200929T024525,2020-09-27,0.0,53284,['2021-07-12']
1538,59.1723435,18.75240979,S2B_MSIL2A_20221020T100939_R022_T34VCL_20221020T211327,2022-10-20,0.01,53248,['2021-07-12']
1538,59.1723435,18.75240979,S2A_MSIL2A_20200415T100031_R122_T34VCL_20200923T143300,2020-04-15,0.02,53144,['2021-07-12']
1539,59.1493713,18.75391674,S2B_MSIL2A_20210227T101029_R022_T34VCL_20210227T214401,2021-02-27,0.0,64972,['2021-07-12']
1539,59.1493713,18.75391674,S2C_MSIL2A_20251009T100941_R022_T34VCL_20251009T170113,2025-10-09,0.01,64960,['2021-07-12']
1539,59.1493713,18.75391674,S2B_MSIL2A_20230118T101239_R022_T34VCL_20230120T055956,2023-01-18,0.01,66220,['2021-07-12']
1539,59.1493713,18.75391674,S2A_MSIL2A_20190312T100021_R122_T34VCL_20201007T054959,2019-03-12,0.01,65008,['2021-07-12']
1539,59.1493713,18.75391674,S2B_MSIL2A_20260412T101019_R022_T34VCL_20260412T140343,2026-04-12,0.01,64568,['2021-07-12']
1540,59.12716414,18.80011087,S2B_MSIL2A_20250603T100029_R122_T34VCL_20250603T121119,2025-06-03,0.0,57796,['2021-07-12']
1540,59.12716414,18.80011087,S2B_MSIL2A_20230905T100559_R022_T34VCL_20241102T142635,2023-09-05,0.0,58024,['2021-07-12']
1540,59.12716414,18.80011087,S2B_MSIL2A_20240330T095559_R122_T34VCL_20240330T145329,2024-03-30,0.0,58060,['2021-07-12']
1540,59.12716414,18.80011087,S2A_MSIL2A_20180923T100021_R122_T34VCL_20201009T040004,2018-09-23,0.0,58472,['2021-07-12']
1540,59.12716414,18.80011087,S2A_MSIL2A_20190213T101131_R022_T34VCL_20201007T162330,2019-02-13,0.03,59132,['2021-07-12']
1541,58.54456987,16.92739843,S2A_MSIL2A_20160827T101022_R022_T33VXF_20210212T183759,2016-08-27,0.0,44728,['2021-07-12']
1541,58.54456987,16.92739843,S2A_MSIL2A_20230615T102031_R065_T33VXE_20240912T065622,2023-06-15,0.0,55692,['2021-07-12']
1541,58.54456987,16.92739843,S2B_MSIL2A_20220811T100559_R022_T33VXE_20220812T075624,2022-08-11,0.0,55564,['2021-07-12']
1541,58.54456987,16.92739843,S2B_MSIL2A_20250520T101559_R065_T33VXE_20250520T130619,2025-05-20,0.0,56148,['2021-07-12']
1541,58.54456987,16.92739843,S2B_MSIL2A_20190402T102029_R065_T33VXF_20201006T213014,2019-04-02,0.0,46276,['2021-07-12']
1542,58.52159075,16.92613762,S2A_MSIL2A_20200521T102031_R065_T33VXE_20200910T103905,2020-05-21,0.0,33988,"['2021-03-07', '2021-07-12']"
1542,58.52159075,16.92613762,S2B_MSIL2A_20240205T102129_R065_T33VXE_20240205T141945,2024-02-05,0.0,36348,"['2021-03-07', '2021-07-12']"
1542,58.52159075,16.92613762,S2C_MSIL2A_20260410T102021_R065_T33VXE_20260410T160212,2026-04-10,0.0,34384,"['2021-03-07', '2021-07-12']"
1542,58.52159075,16.92613762,S2A_MSIL2A_20161128T102352_R065_T33VXE_20210415T034921,2016-11-28,0.49,36228,"['2021-03-07', '2021-07-12']"
1542,58.52159075,16.92613762,S2A_MSIL2A_20191130T101401_R022_T33VXE_20201003T210035,2019-11-30,2.04,35536,"['2021-03-07', '2021-07-12']"
1543,58.52092417,16.97006238,S2B_MSIL2A_20200831T100559_R022_T33VXE_20200907T201621,2020-08-31,0.0,58768,"['2021-03-07', '2021-07-12']"
1543,58.52092417,16.97006238,S2B_MSIL2A_20230302T101839_R065_T33VXE_20240817T235742,2023-03-02,0.0,60084,"['2021-03-07', '2021-07-12']"
1543,58.52092417,16.97006238,S2B_MSIL2A_20231008T101829_R065_T33VXE_20231008T171357,2023-10-08,0.0,59524,"['2021-03-07', '2021-07-12']"
1543,58.52092417,16.97006238,S2C_MSIL2A_20250614T101621_R065_T33VXE_20250614T142405,2025-06-14,0.0,58280,"['2021-03-07', '2021-07-12']"
1543,58.52092417,16.97006238,S2A_MSIL2A_20160827T101022_R022_T33VXE_20210212T183800,2016-08-27,0.0,58668,"['2021-03-07', '2021-07-12']"
1547,59.65745888,18.96066416,S2A_MSIL2A_20220720T101611_R065_T34VCM_20240715T001059,2022-07-20,0.0,50596,['2021-07-14']
1547,59.65745888,18.96066416,S2B_MSIL2A_20240929T100719_R022_T34VCM_20240929T133706,2024-09-29,0.0,51068,['2021-07-14']
1547,59.65745888,18.96066416,S2A_MSIL2A_20260327T100051_R122_T34VCM_20260327T165916,2026-03-27,0.0,51460,['2021-07-14']
1547,59.65745888,18.96066416,S2A_MSIL2A_20240517T100601_R022_T34VCM_20240517T203658,2024-05-17,0.0,50884,['2021-07-14']
1547,59.65745888,18.96066416,S2B_MSIL2A_20230415T100029_R122_T34VCM_20230415T143849,2023-04-15,0.0,51316,['2021-07-14']
1558,58.63888314,16.49171499,S2B_MSIL2A_20240415T101559_R065_T33VWF_20240415T154530,2024-04-15,0.0,61412,['2021-07-17']
1558,58.63888314,16.49171499,S2B_MSIL2A_20180723T101019_R022_T33VWF_20201011T191409,2018-07-23,0.0,61080,['2021-07-17']
1558,58.63888314,16.49171499,S2B_MSIL2A_20210925T101019_R022_T33VWF_20210926T122158,2021-09-25,0.0,61296,['2021-07-17']
1558,58.63888314,16.49171499,S2B_MSIL2A_20250321T101629_R065_T33VWF_20250321T160730,2025-03-21,0.0,61480,['2021-07-17']
1558,58.63888314,16.49171499,S2B_MSIL2A_20230607T100559_R022_T33VWF_20230607T142004,2023-06-07,0.01,61240,['2021-07-17']
1567,55.85173302,14.24996837,S2C_MSIL2A_20251121T102341_R065_T33UVB_20251121T115707,2025-11-21,0.0,59436,['2021-07-17']
1567,55.85173302,14.24996837,S2B_MSIL2A_20250927T101709_R065_T33UVB_20250927T160120,2025-09-27,0.0,59196,['2021-07-17']
1567,55.85173302,14.24996837,S2C_MSIL2A_20250701T101051_R022_T33UVB_20250701T152503,2025-07-01,0.0,59028,['2021-07-17']
1567,55.85173302,14.24996837,S2A_MSIL2A_20200528T101031_R022_T33UVB_20201027T071944,2020-05-28,0.01,59080,['2021-07-17']
1567,55.85173302,14.24996837,S2A_MSIL2A_20160906T101022_R022_T33UVB_20210212T220501,2016-09-06,0.01,59124,['2021-07-17']
1568,55.85197542,14.29085558,S2A_MSIL2A_20211013T101951_R065_T33UVB_20211014T020754,2021-10-13,0.0,66564,['2021-07-17']
1568,55.85197542,14.29085558,S2B_MSIL2A_20250904T100549_R022_T33UVB_20250904T124828,2025-09-04,0.0,66564,['2021-07-17']
1568,55.85197542,14.29085558,S2B_MSIL2A_20230302T101839_R065_T33UVB_20240817T235742,2023-03-02,0.0,66564,['2021-07-17']
1568,55.85197542,14.29085558,S2A_MSIL2A_20160512T102032_R065_T33UVB_20210211T104019,2016-05-12,0.0,66564,['2021-07-17']
1568,55.85197542,14.29085558,S2A_MSIL2A_20250603T101041_R022_T33UVB_20250603T134103,2025-06-03,0.0,66564,['2021-07-17']
1569,55.89797574,14.2900167,S2C_MSIL2A_20250701T101051_R022_T33UVB_20250701T152503,2025-07-01,0.09,50964,['2021-07-17']
1569,55.89797574,14.2900167,S2B_MSIL2A_20210607T100559_R022_T33UVB_20210612T132054,2021-06-07,0.11,50668,['2021-07-17']
1569,55.89797574,14.2900167,S2A_MSIL2A_20210910T101031_R022_T33VVC_20210910T235517,2021-09-10,0.18,50884,['2021-07-17']
1569,55.89797574,14.2900167,S2B_MSIL2A_20200406T101559_R065_T33UVB_20200925T071134,2020-04-06,0.45,50740,['2021-07-17']
1569,55.89797574,14.2900167,S2A_MSIL2A_20250102T101421_R022_T33UVB_20250102T120757,2025-01-02,1.14,50928,['2021-07-17']
1579,58.71095569,17.24322147,S2A_MSIL2A_20160509T101032_R022_T33VXF_20210211T095314,2016-05-09,0.0,56304,['2021-07-17']
1579,58.71095569,17.24322147,S2A_MSIL2A_20200319T101021_R022_T33VXF_20201012T164314,2020-03-19,0.0,57540,['2021-07-17']
1579,58.71095569,17.24322147,S2A_MSIL2A_20201018T102041_R065_T33VXF_20201021T000356,2020-10-18,0.0,56872,['2021-07-17']
1579,58.71095569,17.24322147,S2A_MSIL2A_20220207T101201_R022_T33VXF_20220219T235446,2022-02-07,0.06,57012,['2021-07-17']
1579,58.71095569,17.24322147,S2B_MSIL2A_20180414T101019_R022_T33VXF_20201012T222110,2018-04-14,0.06,57744,['2021-07-17']
1580,58.71171717,17.19906528,S2A_MSIL2A_20170328T102021_R065_T33VXF_20210209T023231,2017-03-28,0.0,58180,['2021-07-17']
1580,58.71171717,17.19906528,S2A_MSIL2A_20220319T100731_R022_T33VXF_20220319T191821,2022-03-19,0.0,57632,['2021-07-17']
1580,58.71171717,17.19906528,S2A_MSIL2A_20220207T101201_R022_T33VXF_20220219T235446,2022-02-07,0.04,58104,['2021-07-17']
1580,58.71171717,17.19906528,S2B_MSIL2A_20211217T102329_R065_T33VXF_20211217T223253,2021-12-17,0.21,59736,['2021-07-17']
1580,58.71171717,17.19906528,S2A_MSIL2A_20250102T101421_R022_T33VXF_20250102T120757,2025-01-02,2.96,56732,['2021-07-17']
1581,58.68798178,17.24174456,S2A_MSIL2A_20240828T102021_R065_T33VXF_20240828T150452,2024-08-28,0.0,63072,['2021-07-17']
1581,58.68798178,17.24174456,S2A_MSIL2A_20220421T101601_R065_T33VXF_20240619T155847,2022-04-21,0.0,63004,['2021-07-17']
1581,58.68798178,17.24174456,S2A_MSIL2A_20210416T102021_R065_T33VXF_20210523T140822,2021-04-16,0.0,62308,['2021-07-17']
1581,58.68798178,17.24174456,S2A_MSIL2A_20160509T101032_R022_T33VXF_20210211T095314,2016-05-09,0.01,62956,['2021-07-17']
1581,58.68798178,17.24174456,S2B_MSIL2A_20180414T101019_R022_T33VXF_20201012T222110,2018-04-14,0.01,62724,['2021-07-17']
1582,58.71017909,17.28737535,S2A_MSIL2A_20220819T101611_R065_T33VXF_20240703T214954,2022-08-19,0.0,49976,['2021-07-17']
1582,58.71017909,17.28737535,S2B_MSIL2A_20240604T101559_R065_T33VXF_20240604T142526,2024-06-04,0.0,49568,['2021-07-17']
1582,58.71017909,17.28737535,S2B_MSIL2A_20200722T100559_R022_T33VXF_20200817T040345,2020-07-22,0.0,49632,['2021-07-17']
1582,58.71017909,17.28737535,S2A_MSIL2A_20160827T101022_R022_T33VXF_20210212T183759,2016-08-27,0.0,49924,['2021-07-17']
1582,58.71017909,17.28737535,S2A_MSIL2A_20211013T101951_R065_T33VXF_20211013T233831,2021-10-13,0.01,50692,['2021-07-17']
1592,58.90096931,17.7594574,S2B_MSIL2A_20170820T102019_R065_T34VCL_20201015T041919,2017-08-20,0.0,39756,['2021-07-17']
1592,58.90096931,17.7594574,S2B_MSIL2A_20190608T101029_R022_T34VCL_20201005T234617,2019-06-08,0.0,40036,['2021-07-17']
1592,58.90096931,17.7594574,S2B_MSIL2A_20210408T100549_R022_T34VCL_20210524T183535,2021-04-08,0.0,39504,['2021-07-17']
1592,58.90096931,17.7594574,S2B_MSIL2A_20220625T101559_R065_T34VCL_20240629T115118,2022-06-25,0.0,39848,['2021-07-17']
1592,58.90096931,17.7594574,S2A_MSIL2A_20160807T101032_R022_T34VCL_20210212T120006,2016-08-07,0.01,39924,['2021-07-17']
1593,58.87801522,17.76160634,S2A_MSIL2A_20240308T100841_R022_T33VXF_20240308T130910,2024-03-08,0.0,56928,['2021-07-17']
1593,58.87801522,17.76160634,S2A_MSIL2A_20210513T101021_R022_T33VXF_20210514T141921,2021-05-13,0.0,56964,['2021-07-17']
1593,58.87801522,17.76160634,S2A_MSIL2A_20161029T102132_R065_T33VXF_20210213T152955,2016-10-29,0.0,56960,['2021-07-17']
1593,58.87801522,17.76160634,S2A_MSIL2A_20180909T102021_R065_T33VXF_20201008T231320,2018-09-09,0.0,56884,['2021-07-17']
1593,58.87801522,17.76160634,S2C_MSIL2A_20260410T102021_R065_T34VCL_20260410T160212,2026-04-10,0.0,56584,['2021-07-17']
1594,58.855061,17.76375192,S2B_MSIL2A_20181014T102019_R065_T33VXF_20201009T113350,2018-10-14,0.0,66080,['2021-07-17']
1594,58.855061,17.76375192,S2A_MSIL2A_20161006T101022_R022_T33VXF_20210213T080106,2016-10-06,0.0,66044,['2021-07-17']
1594,58.855061,17.76375192,S2B_MSIL2A_20221023T102029_R065_T33VXF_20221024T052237,2022-10-23,0.0,65016,['2021-07-17']
1594,58.855061,17.76375192,S2B_MSIL2A_20170807T101029_R022_T34VCL_20210210T211215,2017-08-07,0.0,65980,['2021-07-17']
1594,58.855061,17.76375192,S2B_MSIL2A_20210925T101019_R022_T34VCL_20210926T124559,2021-09-25,0.0,66004,['2021-07-17']
1595,58.85616424,17.80805516,S2B_MSIL2A_20230118T101239_R022_T34VCL_20230120T055956,2023-01-18,0.0,49972,['2021-07-17']
1595,58.85616424,17.80805516,S2A_MSIL2A_20230612T100601_R022_T34VCL_20240911T004021,2023-06-12,0.0,47952,['2021-07-17']
1595,58.85616424,17.80805516,S2B_MSIL2A_20210925T101019_R022_T34VCL_20210926T124559,2021-09-25,0.01,48252,['2021-07-17']
1595,58.85616424,17.80805516,S2A_MSIL2A_20170921T101021_R022_T34VCL_20210202T072244,2017-09-21,0.01,48332,['2021-07-17']
1595,58.85616424,17.80805516,S2B_MSIL2A_20231224T101339_R022_T34VCL_20231224T131149,2023-12-24,0.41,49332,['2021-07-17']
1596,57.62213632,16.69792118,S2A_MSIL2A_20190404T101031_R022_T33VWD_20201006T220241,2019-04-04,0.0,47916,['2021-07-17']
1596,57.62213632,16.69792118,S2A_MSIL2A_20240729T102021_R065_T33VXD_20240729T165653,2024-07-29,0.0,45732,['2021-07-17']
1596,57.62213632,16.69792118,S2A_MSIL2A_20190706T102031_R065_T33VXD_20201005T100314,2019-07-06,0.0,46196,['2021-07-17']
1596,57.62213632,16.69792118,S2A_MSIL2A_20161128T102352_R065_T33VWD_20210415T034902,2016-11-28,0.02,48692,['2021-07-17']
1596,57.62213632,16.69792118,S2B_MSIL2A_20190102T102429_R065_T33VWD_20201007T221616,2019-01-02,1.43,49272,['2021-07-17']
1598,57.2578169,16.4910639,S2A_MSIL2A_20241017T102021_R065_T33VWD_20241017T143350,2024-10-17,0.0,42208,['2021-07-15']
1598,57.2578169,16.4910639,S2A_MSIL2A_20240719T102021_R065_T33VWD_20240719T152326,2024-07-19,0.0,41076,['2021-07-15']
1598,57.2578169,16.4910639,S2A_MSIL2A_20220319T100731_R022_T33VWD_20240601T184653,2022-03-19,0.01,41884,['2021-07-15']
1598,57.2578169,16.4910639,S2B_MSIL2A_20221112T102159_R065_T33VWD_20221112T204117,2022-11-12,0.08,43736,['2021-07-15']
1598,57.2578169,16.4910639,S2A_MSIL2A_20170328T102021_R065_T33VWD_20210209T023228,2017-03-28,0.41,41920,['2021-07-15']
1599,57.28080584,16.49199336,S2B_MSIL2A_20230508T100559_R022_T33VWD_20230508T172844,2023-05-08,0.0,42416,['2021-07-15']
1599,57.28080584,16.49199336,S2A_MSIL2A_20200319T101021_R022_T33VWD_20201012T164318,2020-03-19,0.07,43500,['2021-07-15']
1599,57.28080584,16.49199336,S2B_MSIL2A_20190330T101029_R022_T33VWD_20201007T123103,2019-03-30,0.11,43116,['2021-07-15']
1599,57.28080584,16.49199336,S2B_MSIL2A_20190926T101029_R022_T33VWD_20201004T172704,2019-09-26,0.17,42928,['2021-07-15']
1599,57.28080584,16.49199336,S2B_MSIL2A_20200923T101649_R065_T33VWD_20200926T102819,2020-09-23,0.37,43116,['2021-07-15']
1600,57.23431783,16.53252964,S2A_MSIL2A_20241017T102021_R065_T33VWD_20241017T143350,2024-10-17,0.0,66468,['2021-07-15']
1600,57.23431783,16.53252964,S2B_MSIL2A_20250904T100549_R022_T33VWD_20250904T124828,2025-09-04,0.0,66412,['2021-07-15']
1600,57.23431783,16.53252964,S2A_MSIL2A_20251011T100951_R022_T33VWD_20251011T120013,2025-10-11,0.0,66456,['2021-07-15']
1600,57.23431783,16.53252964,S2C_MSIL2A_20250415T102041_R065_T33VWD_20250415T160234,2025-04-15,0.0,66380,['2021-07-15']
1600,57.23431783,16.53252964,S2A_MSIL2A_20170328T102021_R065_T33VWD_20210209T023228,2017-03-28,0.0,66436,['2021-07-15']
1601,57.25730642,16.53348409,S2A_MSIL2A_20180721T102021_R065_T33VWD_20201011T181759,2018-07-21,0.0,66564,['2021-07-15']
1601,57.25730642,16.53348409,S2A_MSIL2A_20190417T102031_R065_T33VWD_20201007T030917,2019-04-17,0.0,66564,['2021-07-15']
1601,57.25730642,16.53348409,S2A_MSIL2A_20211013T101951_R065_T33VWD_20211014T000756,2021-10-13,0.0,66564,['2021-07-15']
1601,57.25730642,16.53348409,S2A_MSIL2A_20260409T101051_R022_T33VWD_20260409T170912,2026-04-09,0.0,66564,['2021-07-15']
1601,57.25730642,16.53348409,S2A_MSIL2A_20200508T101031_R022_T33VWD_20200921T001046,2020-05-08,0.0,66564,['2021-07-15']
1602,57.28029491,16.53443997,S2A_MSIL2A_20170527T102031_R065_T33VWD_20210209T183128,2017-05-27,0.0,66344,['2021-07-15']
1602,57.28029491,16.53443997,S2A_MSIL2A_20220421T101601_R065_T33VWD_20240619T155847,2022-04-21,0.0,66352,['2021-07-15']
1602,57.28029491,16.53443997,S2B_MSIL2A_20180507T102019_R065_T33VWD_20201012T070449,2018-05-07,0.0,66356,['2021-07-15']
1602,57.28029491,16.53443997,S2B_MSIL2A_20240621T100559_R022_T33VWD_20240621T151136,2024-06-21,0.0,66340,['2021-07-15']
1602,57.28029491,16.53443997,S2A_MSIL2A_20240507T100601_R022_T33VWD_20240507T154716,2024-05-07,0.1,66280,['2021-07-15']
1603,56.99218318,16.48318875,S2A_MSIL2A_20170527T102031_R065_T33VWD_20210209T183128,2017-05-27,0.0,44372,['2021-07-15']
1603,56.99218318,16.48318875,S2A_MSIL2A_20190417T102031_R065_T33VWD_20201007T030917,2019-04-17,0.0,45192,['2021-07-15']
1603,56.99218318,16.48318875,S2B_MSIL2A_20190827T101029_R022_T33VWD_20201005T054034,2019-08-27,0.0,44016,['2021-07-15']
1603,56.99218318,16.48318875,S2A_MSIL2A_20230202T101231_R022_T33VWD_20230203T061240,2023-02-02,0.0,46432,['2021-07-15']
1603,56.99218318,16.48318875,S2A_MSIL2A_20200531T102031_R065_T33VWD_20200911T145721,2020-05-31,0.0,44660,['2021-07-15']
1609,58.82447554,17.68723062,S2A_MSIL2A_20200610T102031_R065_T34VCL_20200826T202820,2020-06-10,0.0,62656,['2021-07-17']
1609,58.82447554,17.68723062,S2A_MSIL2A_20170606T102031_R065_T34VCL_20210209T205452,2017-06-06,0.0,62700,['2021-07-17']
1609,58.82447554,17.68723062,S2A_MSIL2A_20200809T102031_R065_T34VCL_20200815T141753,2020-08-09,0.0,62788,['2021-07-17']
1609,58.82447554,17.68723062,S2B_MSIL2A_20181014T102019_R065_T33VXF_20201009T113350,2018-10-14,0.01,63484,['2021-07-17']
1609,58.82447554,17.68723062,S2B_MSIL2A_20210227T101029_R022_T34VCL_20210227T214401,2021-02-27,0.04,63012,['2021-07-17']
1610,58.84742812,17.68503701,S2B_MSIL2A_20221023T102029_R065_T33VXF_20221024T052237,2022-10-23,0.0,57856,['2021-07-17']
1610,58.84742812,17.68503701,S2B_MSIL2A_20250818T101559_R065_T33VXF_20250818T125628,2025-08-18,0.0,58468,['2021-07-17']
1610,58.84742812,17.68503701,S2B_MSIL2A_20200801T100559_R022_T34VCL_20200815T190934,2020-08-01,0.0,58428,['2021-07-17']
1610,58.84742812,17.68503701,S2A_MSIL2A_20190901T101031_R022_T34VCL_20201004T075754,2019-09-01,0.0,58632,['2021-07-17']
1610,58.84742812,17.68503701,S2A_MSIL2A_20211013T101951_R065_T33VXF_20211013T233831,2021-10-13,0.01,58732,['2021-07-17']
1611,58.87038056,17.68283996,S2B_MSIL2A_20220625T101559_R065_T34VCL_20240629T115118,2022-06-25,0.0,64628,['2021-07-17']
1611,58.87038056,17.68283996,S2B_MSIL2A_20230905T100559_R022_T34VCL_20241102T142635,2023-09-05,0.0,64644,['2021-07-17']
1611,58.87038056,17.68283996,S2A_MSIL2A_20200531T102031_R065_T34VCL_20200919T033507,2020-05-31,0.0,64724,['2021-07-17']
1611,58.87038056,17.68283996,S2A_MSIL2A_20240311T101831_R065_T34VCL_20240313T122800,2024-03-11,0.01,64788,['2021-07-17']
1611,58.87038056,17.68283996,S2B_MSIL2A_20211217T102329_R065_T33VXF_20211217T223253,2021-12-17,0.03,64904,['2021-07-17']
1614,58.36094358,16.89954758,S2C_MSIL2A_20251118T101331_R022_T33VXE_20251118T113508,2025-11-18,0.0,47664,['2021-07-17']
1614,58.36094358,16.89954758,S2A_MSIL2A_20160509T101032_R022_T33VXE_20210211T095250,2016-05-09,0.0,45380,['2021-07-17']
1614,58.36094358,16.89954758,S2A_MSIL2A_20160827T101022_R022_T33VXE_20210212T183800,2016-08-27,0.0,45004,['2021-07-17']
1614,58.36094358,16.89954758,S2B_MSIL2A_20200831T100559_R022_T33VXE_20200907T201621,2020-08-31,0.0,44960,['2021-07-17']
1614,58.36094358,16.89954758,S2A_MSIL2A_20240626T101031_R022_T33VXE_20240626T191138,2024-06-26,0.0,44580,['2021-07-17']
1615,58.38392364,16.90078321,S2A_MSIL2A_20180708T101031_R022_T33VXE_20201011T131950,2018-07-08,0.0,50328,['2021-07-17']
1615,58.38392364,16.90078321,S2A_MSIL2A_20210615T102021_R065_T33VXE_20210624T044143,2021-06-15,0.0,49916,['2021-07-17']
1615,58.38392364,16.90078321,S2A_MSIL2A_20170527T102031_R065_T33VXE_20210209T183124,2017-05-27,0.0,50872,['2021-07-17']
1615,58.38392364,16.90078321,S2C_MSIL2A_20250505T101621_R065_T33VXE_20250505T141459,2025-05-05,0.0,50636,['2021-07-17']
1615,58.38392364,16.90078321,S2A_MSIL2A_20241017T102021_R065_T33VXE_20241017T143350,2024-10-17,0.0,51736,['2021-07-17']
1617,58.33796342,16.89831386,S2A_MSIL2A_20200421T102021_R065_T33VXE_20200921T120445,2020-04-21,0.0,35912,['2021-07-17']
1617,58.33796342,16.89831386,S2B_MSIL2A_20250818T101559_R065_T33VXE_20250818T125628,2025-08-18,0.0,34420,['2021-07-17']
1617,58.33796342,16.89831386,S2A_MSIL2A_20160412T102022_R065_T33VXE_20210211T032435,2016-04-12,0.0,35716,['2021-07-17']
1617,58.33796342,16.89831386,S2A_MSIL2A_20220302T101941_R065_T33VXE_20220304T053415,2022-03-02,0.0,36688,['2021-07-17']
1617,58.33796342,16.89831386,S2A_MSIL2A_20230615T102031_R065_T33VXE_20240912T065622,2023-06-15,0.0,34200,['2021-07-17']
1618,58.33730767,16.94201127,S2A_MSIL2A_20200521T102031_R065_T33VXE_20200910T103905,2020-05-21,0.0,56324,['2021-07-17']
1618,58.33730767,16.94201127,S2B_MSIL2A_20220625T101559_R065_T33VXE_20240629T115118,2022-06-25,0.0,55788,['2021-07-17']
1618,58.33730767,16.94201127,S2C_MSIL2A_20250505T101621_R065_T33VXE_20250505T141459,2025-05-05,0.0,55700,['2021-07-17']
1618,58.33730767,16.94201127,S2B_MSIL2A_20230302T101839_R065_T33VXE_20240817T235742,2023-03-02,0.0,57172,['2021-07-17']
1618,58.33730767,16.94201127,S2A_MSIL2A_20190606T102031_R065_T33VXE_20201005T224531,2019-06-06,0.0,56140,['2021-07-17']
1619,58.38326672,16.94453738,S2B_MSIL2A_20190330T101029_R022_T33VXE_20201007T123103,2019-03-30,0.0,53660,['2021-07-17']
1619,58.38326672,16.94453738,S2B_MSIL2A_20180514T101029_R022_T33VXE_20201012T095327,2018-05-14,0.0,51884,['2021-07-17']
1619,58.38326672,16.94453738,S2B_MSIL2A_20250321T101629_R065_T33VXE_20250321T160730,2025-03-21,0.0,53464,['2021-07-17']
1619,58.38326672,16.94453738,S2A_MSIL2A_20190924T102021_R065_T33VXE_20201004T163359,2019-09-24,0.0,52708,['2021-07-17']
1619,58.38326672,16.94453738,S2A_MSIL2A_20160926T101022_R022_T33VXE_20210213T044937,2016-09-26,0.01,54500,['2021-07-17']
1620,59.13824577,18.42852131,S2B_MSIL2A_20230905T100559_R022_T34VCL_20241102T142635,2023-09-05,0.0,37496,['2021-07-14']
1620,59.13824577,18.42852131,S2A_MSIL2A_20220624T100041_R122_T34VCL_20240714T162313,2022-06-24,0.0,37240,['2021-07-14']
1620,59.13824577,18.42852131,S2B_MSIL2A_20221023T102029_R065_T33VXF_20221024T052237,2022-10-23,0.0,37672,['2021-07-14']
1620,59.13824577,18.42852131,S2A_MSIL2A_20240812T100031_R122_T33VXF_20240812T140649,2024-08-12,0.0,37276,['2021-07-14']
1620,59.13824577,18.42852131,S2B_MSIL2A_20171019T102019_R065_T33VXF_20201015T010006,2017-10-19,0.09,38104,['2021-07-14']
1625,58.65643708,16.34893158,S2B_MSIL2A_20231124T101239_R022_T33VWF_20231124T131658,2023-11-24,0.0,53928,['2021-07-17']
1625,58.65643708,16.34893158,S2A_MSIL2A_20230513T100551_R022_T33VWF_20230513T172643,2023-05-13,0.0,53848,['2021-07-17']
1625,58.65643708,16.34893158,S2B_MSIL2A_20200213T101029_R022_T33VWF_20201001T221700,2020-02-13,0.0,54208,['2021-07-17']
1625,58.65643708,16.34893158,S2B_MSIL2A_20250321T101629_R065_T33VWF_20250321T160730,2025-03-21,0.0,53972,['2021-07-17']
1625,58.65643708,16.34893158,S2B_MSIL2A_20220811T100559_R022_T33VWF_20240713T181910,2022-08-11,0.0,53528,['2021-07-17']
1626,58.63345172,16.34804521,S2A_MSIL2A_20230416T101601_R065_T33VWF_20240904T172156,2023-04-16,0.0,51396,['2021-07-17']
1626,58.63345172,16.34804521,S2A_MSIL2A_20180119T101331_R022_T33VWF_20201014T065535,2018-01-19,0.0,65828,['2021-07-17']
1626,58.63345172,16.34804521,S2C_MSIL2A_20250505T101621_R065_T33VWF_20250505T141459,2025-05-05,0.01,51120,['2021-07-17']
1626,58.63345172,16.34804521,S2A_MSIL2A_20160412T102022_R065_T33VWF_20210211T032434,2016-04-12,0.03,51404,['2021-07-17']
1626,58.63345172,16.34804521,S2B_MSIL2A_20180514T101029_R022_T33VWF_20201012T095326,2018-05-14,0.04,51192,['2021-07-17']
1627,58.63298233,16.39212331,S2A_MSIL2A_20190517T102031_R065_T33VWF_20201006T151431,2019-05-17,0.0,60316,['2021-07-17']
1627,58.63298233,16.39212331,S2B_MSIL2A_20221030T101039_R022_T33VWF_20221030T181952,2022-10-30,0.0,60284,['2021-07-17']
1627,58.63298233,16.39212331,S2B_MSIL2A_20230210T102049_R065_T33VWF_20230211T000222,2023-02-10,0.11,60876,['2021-07-17']
1627,58.63298233,16.39212331,S2B_MSIL2A_20231227T102339_R065_T33VWF_20231227T133854,2023-12-27,0.6,59196,['2021-07-17']
1627,58.63298233,16.39212331,S2A_MSIL2A_20170706T102021_R065_T33VWF_20210210T052418,2017-07-06,0.71,59520,['2021-07-17']
1628,58.63249784,16.43619999,S2B_MSIL2A_20230905T100559_R022_T33VWF_20230905T175440,2023-09-05,0.0,41308,['2021-07-17']
1628,58.63249784,16.43619999,S2B_MSIL2A_20240522T100559_R022_T33VWF_20240522T141057,2024-05-22,0.0,41488,['2021-07-17']
1628,58.63249784,16.43619999,S2B_MSIL2A_20250321T101629_R065_T33VWF_20250321T160730,2025-03-21,0.0,42196,['2021-07-17']
1628,58.63249784,16.43619999,S2A_MSIL2A_20240719T102021_R065_T33VWF_20240719T152328,2024-07-19,0.0,40980,['2021-07-17']
1628,58.63249784,16.43619999,S2A_MSIL2A_20200319T101021_R022_T33VWF_20201012T164320,2020-03-19,0.0,42348,['2021-07-17']
1630,55.41650107,13.67491923,S2B_MSIL2A_20230908T101559_R065_T33UVB_20241023T202405,2023-09-08,0.0,37452,['2021-07-20']
1630,55.41650107,13.67491923,S2A_MSIL2A_20160512T102032_R065_T33UVB_20210211T104019,2016-05-12,0.0,37284,['2021-07-20']
1630,55.41650107,13.67491923,S2A_MSIL2A_20170507T102031_R065_T33UVB_20210712T221743,2017-05-07,0.65,36564,['2021-07-20']
1630,55.41650107,13.67491923,S2A_MSIL2A_20171113T102251_R065_T33UVB_20201014T193608,2017-11-13,0.78,37076,['2021-07-20']
1630,55.41650107,13.67491923,S2B_MSIL2A_20211227T102339_R065_T33UVB_20230126T162437,2021-12-27,1.08,36708,['2021-07-20']
1631,59.68870303,18.85357322,S2A_MSIL2A_20220819T101611_R065_T34VCM_20220820T003251,2022-08-19,0.0,38500,['2021-07-14']
1631,59.68870303,18.85357322,S2A_MSIL2A_20220518T100601_R022_T34VCM_20220520T100518,2022-05-18,0.0,40012,['2021-07-14']
1631,59.68870303,18.85357322,S2A_MSIL2A_20240716T100601_R022_T34VCM_20240716T155947,2024-07-16,0.1,38252,['2021-07-14']
1631,59.68870303,18.85357322,S2C_MSIL2A_20250704T102041_R065_T34VCM_20250704T153115,2025-07-04,0.33,38792,['2021-07-14']
1631,59.68870303,18.85357322,S2A_MSIL2A_20190322T100031_R122_T34VCM_20201007T091748,2019-03-22,2.83,42056,['2021-07-14']
1632,59.68943845,18.89901248,S2A_MSIL2A_20170527T102031_R065_T34VCM_20210209T183126,2017-05-27,0.0,49896,['2021-07-14']
1632,59.68943845,18.89901248,S2A_MSIL2A_20200306T100021_R122_T34VCM_20200929T103645,2020-03-06,0.0,51964,['2021-07-14']
1632,59.68943845,18.89901248,S2A_MSIL2A_20230513T100551_R022_T34VCM_20230513T183005,2023-05-13,0.0,50176,['2021-07-14']
1632,59.68943845,18.89901248,S2C_MSIL2A_20251115T100311_R122_T34VCM_20251115T114609,2025-11-15,0.02,52384,['2021-07-14']
1632,59.68943845,18.89901248,S2B_MSIL2A_20190416T100029_R122_T34VCM_20201007T025604,2019-04-16,0.03,50848,['2021-07-14']
1633,59.69015814,18.94445404,S2A_MSIL2A_20220624T100041_R122_T34VCM_20240714T162313,2022-06-24,0.0,62944,['2021-07-14']
1633,59.69015814,18.94445404,S2B_MSIL2A_20210925T101019_R022_T34VCM_20210926T083537,2021-09-25,0.0,63276,['2021-07-14']
1633,59.69015814,18.94445404,S2B_MSIL2A_20200910T100559_R022_T34VCM_20200912T024629,2020-09-10,0.0,63184,['2021-07-14']
1633,59.69015814,18.94445404,S2A_MSIL2A_20180807T101021_R022_T34VCM_20201010T222050,2018-08-07,0.0,63148,['2021-07-14']
1633,59.69015814,18.94445404,S2B_MSIL2A_20240522T100559_R022_T34VCM_20240522T141309,2024-05-22,0.0,63324,['2021-07-14']
1634,56.14806517,14.75299338,S2B_MSIL2A_20230816T100559_R022_T33VVC_20230816T171656,2023-08-16,0.0,48060,['2021-07-12']
1634,56.14806517,14.75299338,S2A_MSIL2A_20190213T101131_R022_T33VVC_20201007T162323,2019-02-13,0.11,48516,['2021-07-12']
1634,56.14806517,14.75299338,S2A_MSIL2A_20180502T102031_R065_T33VVC_20201012T045607,2018-05-02,0.21,48116,['2021-07-12']
1634,56.14806517,14.75299338,S2B_MSIL2A_20231227T102339_R065_T33VVC_20231227T133801,2023-12-27,0.34,49684,['2021-07-12']
1634,56.14806517,14.75299338,S2A_MSIL2A_20251230T101451_R022_T33VVC_20251230T113318,2025-12-30,0.43,49456,['2021-07-12']
1635,56.14797595,14.71178939,S2A_MSIL2A_20190213T101131_R022_T33VVC_20201007T162323,2019-02-13,0.0,59868,['2021-07-12']
1635,56.14797595,14.71178939,S2C_MSIL2A_20260407T101021_R022_T33VVC_20260407T151515,2026-04-07,0.0,59752,['2021-07-12']
1635,56.14797595,14.71178939,S2B_MSIL2A_20230905T100559_R022_T33VVC_20241102T142635,2023-09-05,0.01,59292,['2021-07-12']
1635,56.14797595,14.71178939,S2A_MSIL2A_20230612T100601_R022_T33VVC_20230612T172722,2023-06-12,0.01,59152,['2021-07-12']
1635,56.14797595,14.71178939,S2A_MSIL2A_20200531T102031_R065_T33VVC_20200911T145710,2020-05-31,0.03,59268,['2021-07-12']
1636,56.14814065,14.79419758,S2C_MSIL2A_20250614T101621_R065_T33VVC_20250614T142405,2025-06-14,0.0,47084,['2021-07-12']
1636,56.14814065,14.79419758,S2B_MSIL2A_20240522T100559_R022_T33VVC_20240522T141051,2024-05-22,0.01,48008,['2021-07-12']
1636,56.14814065,14.79419758,S2A_MSIL2A_20160529T101032_R022_T33VVC_20210211T152009,2016-05-29,0.02,47424,['2021-07-12']
1636,56.14814065,14.79419758,S2B_MSIL2A_20180726T102019_R065_T33VVC_20201011T202309,2018-07-26,0.05,47920,['2021-07-12']
1636,56.14814065,14.79419758,S2B_MSIL2A_20201013T101909_R065_T33VVC_20201019T230241,2020-10-13,0.11,48472,['2021-07-12']
1641,59.6526799,18.83019888,S2A_MSIL2A_20240716T100601_R022_T34VCM_20240716T155947,2024-07-16,0.0,35192,['2021-07-14']
1641,59.6526799,18.83019888,S2A_MSIL2A_20220411T101601_R065_T34VCM_20240524T081910,2022-04-11,0.0,37176,['2021-07-14']
1641,59.6526799,18.83019888,S2A_MSIL2A_20210420T100021_R122_T34VCM_20210421T161559,2021-04-20,0.0,37004,['2021-07-14']
1641,59.6526799,18.83019888,S2B_MSIL2A_20200808T100029_R122_T34VCM_20200815T123431,2020-08-08,0.01,35476,['2021-07-14']
1641,59.6526799,18.83019888,S2A_MSIL2A_20200627T101031_R022_T34VCM_20200824T072043,2020-06-27,0.02,35884,['2021-07-14']
1642,59.48519387,18.62781286,S2B_MSIL2A_20231012T095849_R122_T33VXG_20241102T165148,2023-10-12,0.01,50488,['2021-07-14']
1642,59.48519387,18.62781286,S2B_MSIL2A_20200808T100029_R122_T34VCM_20200815T123431,2020-08-08,0.01,49804,['2021-07-14']
1642,59.48519387,18.62781286,S2A_MSIL2A_20221012T095941_R122_T33VXG_20240821T184725,2022-10-12,0.01,50452,['2021-07-14']
1642,59.48519387,18.62781286,S2C_MSIL2A_20250519T100041_R122_T34VCM_20250519T151359,2025-05-19,0.02,50896,['2021-07-14']
1642,59.48519387,18.62781286,S2B_MSIL2A_20171019T102019_R065_T33VXF_20201015T010006,2017-10-19,0.15,36776,['2021-07-14']
1643,59.4622248,18.62942318,S2B_MSIL2A_20200423T100549_R022_T33VXG_20200921T200100,2020-04-23,0.0,50272,['2021-07-14']
1643,59.4622248,18.62942318,S2B_MSIL2A_20241211T102339_R065_T33VXG_20241211T140605,2024-12-11,0.0,64016,['2021-07-14']
1643,59.4622248,18.62942318,S2B_MSIL2A_20190615T100039_R122_T34VCM_20201006T023835,2019-06-15,0.0,49956,['2021-07-14']
1643,59.4622248,18.62942318,S2B_MSIL2A_20230823T095559_R122_T33VXG_20230823T162529,2023-08-23,0.02,49668,['2021-07-14']
1643,59.4622248,18.62942318,S2A_MSIL2A_20230219T100041_R122_T33VXF_20230221T062143,2023-02-19,0.33,50476,['2021-07-14']
1644,59.463036,18.67455129,S2A_MSIL2A_20230416T101601_R065_T34VCL_20240904T172156,2023-04-16,0.0,39656,['2021-07-14']
1644,59.463036,18.67455129,S2A_MSIL2A_20221012T095941_R122_T33VXG_20240821T184725,2022-10-12,0.0,40128,['2021-07-14']
1644,59.463036,18.67455129,S2B_MSIL2A_20170916T101019_R022_T33VXF_20210202T041721,2017-09-16,0.0,40808,['2021-07-14']
1644,59.463036,18.67455129,S2B_MSIL2A_20200808T100029_R122_T34VCM_20200815T123431,2020-08-08,0.0,38688,['2021-07-14']
1644,59.463036,18.67455129,S2B_MSIL2A_20200423T100549_R022_T33VXG_20200921T200100,2020-04-23,0.0,40588,['2021-07-14']
1645,59.48600581,18.67297155,S2A_MSIL2A_20200319T101021_R022_T34VCL_20201012T164316,2020-03-19,0.0,57832,['2021-07-14']
1645,59.48600581,18.67297155,S2A_MSIL2A_20200614T100031_R122_T34VCL_20200919T033509,2020-06-14,0.0,56624,['2021-07-14']
1645,59.48600581,18.67297155,S2B_MSIL2A_20190725T100039_R122_T33VXG_20201005T193419,2019-07-25,0.0,56884,['2021-07-14']
1645,59.48600581,18.67297155,S2A_MSIL2A_20220411T101601_R065_T34VCM_20240524T081910,2022-04-11,0.0,57492,['2021-07-14']
1645,59.48600581,18.67297155,S2A_MSIL2A_20190424T101031_R022_T34VCL_20201105T165741,2019-04-24,0.0,58084,['2021-07-14']
1646,59.50897551,18.6713893,S2B_MSIL2A_20180511T100029_R122_T34VCL_20201012T084118,2018-05-11,0.0,47812,['2021-07-14']
1646,59.50897551,18.6713893,S2B_MSIL2A_20190615T100039_R122_T34VCM_20201006T023835,2019-06-15,0.0,48748,['2021-07-14']
1646,59.50897551,18.6713893,S2B_MSIL2A_20170814T100029_R122_T34VCL_20201019T221504,2017-08-14,0.0,47080,['2021-07-14']
1646,59.50897551,18.6713893,S2A_MSIL2A_20220720T101611_R065_T34VCL_20220721T003628,2022-07-20,0.0,46668,['2021-07-14']
1646,59.50897551,18.6713893,S2A_MSIL2A_20170421T100031_R122_T34VCL_20210209T092858,2017-04-21,0.0,48048,['2021-07-14']
1647,57.35712201,18.75537462,S2B_MSIL2A_20230418T100559_R022_T34VCJ_20230419T024820,2023-04-18,0.24,43152,['2021-07-17']
1647,57.35712201,18.75537462,S2A_MSIL2A_20241024T101101_R022_T34VCJ_20241024T122648,2024-10-24,0.54,43212,['2021-07-17']
1647,57.35712201,18.75537462,S2A_MSIL2A_20221224T101431_R022_T34VCJ_20221225T123234,2022-12-24,0.68,43076,['2021-07-17']
1647,57.35712201,18.75537462,S2B_MSIL2A_20200403T100549_R022_T34VCJ_20200924T212501,2020-04-03,0.73,43012,['2021-07-17']
1647,57.35712201,18.75537462,S2A_MSIL2A_20151231T101432_R022_T34VCJ_20210527T000737,2015-12-31,1.21,42496,['2021-07-17']
1648,59.59021485,18.6929077,S2C_MSIL2A_20260410T102021_R065_T33VXG_20260410T160212,2026-04-10,0.0,34008,['2021-07-14']
1648,59.59021485,18.6929077,S2B_MSIL2A_20241211T102339_R065_T33VXG_20241211T140605,2024-12-11,0.0,34280,['2021-07-14']
1648,59.59021485,18.6929077,S2A_MSIL2A_20220411T101601_R065_T34VCM_20240524T081910,2022-04-11,0.0,34364,['2021-07-14']
1648,59.59021485,18.6929077,S2A_MSIL2A_20241017T102021_R065_T33VXG_20241017T143350,2024-10-17,0.0,33768,['2021-07-14']
1648,59.59021485,18.6929077,S2A_MSIL2A_20160824T100032_R122_T33VXG_20210212T173657,2016-08-24,0.0,32872,['2021-07-14']
1649,59.54427521,18.69605065,S2A_MSIL2A_20200627T101031_R022_T34VCM_20200824T072043,2020-06-27,0.0,48328,['2021-07-14']
1649,59.54427521,18.69605065,S2B_MSIL2A_20240330T095559_R122_T34VCM_20240330T143607,2024-03-30,0.0,50020,['2021-07-14']
1649,59.54427521,18.69605065,S2A_MSIL2A_20221012T095941_R122_T33VXG_20240821T184725,2022-10-12,0.0,40280,['2021-07-14']
1649,59.54427521,18.69605065,S2A_MSIL2A_20211013T101951_R065_T33VXG_20211013T234403,2021-10-13,1.85,40932,['2021-07-14']
1649,59.54427521,18.69605065,S2A_MSIL2A_20170706T102021_R065_T33VXG_20210210T052425,2017-07-06,3.91,37828,['2021-07-14']
1651,59.09657309,18.38054477,S2A_MSIL2A_20200319T101021_R022_T34VCL_20201012T164316,2020-03-19,0.0,57480,['2021-07-25']
1651,59.09657309,18.38054477,S2A_MSIL2A_20170504T101031_R022_T34VCL_20210209T125813,2017-05-04,0.0,57104,['2021-07-25']
1651,59.09657309,18.38054477,S2B_MSIL2A_20220420T100019_R122_T33VXF_20220420T203235,2022-04-20,0.0,56608,['2021-07-25']
1651,59.09657309,18.38054477,S2B_MSIL2A_20221023T102029_R065_T33VXF_20221024T052237,2022-10-23,0.0,56392,['2021-07-25']
1651,59.09657309,18.38054477,S2B_MSIL2A_20230316T100029_R122_T34VCL_20240827T115615,2023-03-16,0.01,57208,['2021-07-25']
1655,59.01544931,18.05051737,S2A_MSIL2A_20240318T100731_R022_T33VXF_20240318T141608,2024-03-18,0.0,44276,['2021-07-25']
1655,59.01544931,18.05051737,S2A_MSIL2A_20250524T100701_R022_T34VCL_20250524T121822,2025-05-24,0.0,43588,['2021-07-25']
1655,59.01544931,18.05051737,S2A_MSIL2A_20220518T100601_R022_T33VXF_20220520T090345,2022-05-18,0.0,44136,['2021-07-25']
1655,59.01544931,18.05051737,S2A_MSIL2A_20170328T102021_R065_T34VCL_20210209T023252,2017-03-28,0.45,43832,['2021-07-25']
1655,59.01544931,18.05051737,S2A_MSIL2A_20190424T101031_R022_T34VCL_20201105T165741,2019-04-24,0.53,44084,['2021-07-25']
1656,59.03840705,18.05255277,S2A_MSIL2A_20190424T101031_R022_T34VCL_20201105T165741,2019-04-24,0.0,39460,['2021-07-25']
1656,59.03840705,18.05255277,S2B_MSIL2A_20220811T100559_R022_T33VXF_20220812T071706,2022-08-11,0.0,37292,['2021-07-25']
1656,59.03840705,18.05255277,S2A_MSIL2A_20200421T102021_R065_T33VXF_20200921T120451,2020-04-21,0.0,40144,['2021-07-25']
1656,59.03840705,18.05255277,S2A_MSIL2A_20230416T101601_R065_T34VCL_20240904T172156,2023-04-16,0.0,39472,['2021-07-25']
1656,59.03840705,18.05255277,S2B_MSIL2A_20190728T101029_R022_T34VCL_20201106T042807,2019-07-28,0.0,37952,['2021-07-25']
1657,59.0800687,17.66755351,S2B_MSIL2A_20251116T102219_R065_T33VXF_20251116T125013,2025-11-16,0.0,50728,['2021-07-25']
1657,59.0800687,17.66755351,S2A_MSIL2A_20180919T102021_R065_T34VCL_20201009T024410,2018-09-19,0.0,48692,['2021-07-25']
1657,59.0800687,17.66755351,S2B_MSIL2A_20230905T100559_R022_T34VCL_20241102T142635,2023-09-05,0.0,48460,['2021-07-25']
1657,59.0800687,17.66755351,S2B_MSIL2A_20180603T101019_R022_T34VCL_20201026T142638,2018-06-03,0.0,48796,['2021-07-25']
1657,59.0800687,17.66755351,S2B_MSIL2A_20190608T101029_R022_T34VCL_20201005T234617,2019-06-08,0.01,48836,['2021-07-25']
1659,59.05617865,17.71035458,S2B_MSIL2A_20250818T101559_R065_T33VXF_20250818T125628,2025-08-18,0.01,37992,['2021-07-25']
1659,59.05617865,17.71035458,S2B_MSIL2A_20221023T102029_R065_T33VXF_20221024T052237,2022-10-23,0.01,38332,['2021-07-25']
1659,59.05617865,17.71035458,S2B_MSIL2A_20240522T100559_R022_T34VCL_20240522T141101,2024-05-22,0.02,39512,['2021-07-25']
1659,59.05617865,17.71035458,S2A_MSIL2A_20220518T100601_R022_T33VXF_20220520T090345,2022-05-18,0.02,38956,['2021-07-25']
1659,59.05617865,17.71035458,S2A_MSIL2A_20200221T102041_R065_T34VCL_20200927T141110,2020-02-21,0.03,40556,['2021-07-25']
1661,59.42099905,18.55598481,S2A_MSIL2A_20161006T101022_R022_T33VXF_20210213T080106,2016-10-06,0.0,44456,['2021-07-25']
1661,59.42099905,18.55598481,S2B_MSIL2A_20240604T101559_R065_T34VCL_20240604T141121,2024-06-04,0.01,43856,['2021-07-25']
1661,59.42099905,18.55598481,S2A_MSIL2A_20251018T100041_R122_T33VXG_20251018T115256,2025-10-18,0.02,44196,['2021-07-25']
1661,59.42099905,18.55598481,S2A_MSIL2A_20241017T102021_R065_T33VXF_20241017T143350,2024-10-17,0.03,44176,['2021-07-25']
1661,59.42099905,18.55598481,S2A_MSIL2A_20170623T101021_R022_T34VCL_20210210T010900,2017-06-23,0.46,43816,['2021-07-25']
1663,59.41976373,18.60100659,S2A_MSIL2A_20170706T102021_R065_T34VCL_20210210T052446,2017-07-06,0.0,39728,['2021-07-25']
1663,59.41976373,18.60100659,S2B_MSIL2A_20180716T102019_R065_T34VCL_20201011T163705,2018-07-16,0.0,39836,['2021-07-25']
1663,59.41976373,18.60100659,S2A_MSIL2A_20170501T100031_R122_T33VXG_20210209T121351,2017-05-01,0.0,40748,['2021-07-25']
1663,59.41976373,18.60100659,S2B_MSIL2A_20230710T101609_R065_T33VXF_20230710T162051,2023-07-10,0.0,38884,['2021-07-25']
1663,59.41976373,18.60100659,S2A_MSIL2A_20220518T100601_R022_T33VXG_20220520T092550,2022-05-18,0.01,40064,['2021-07-25']
1667,59.35320328,18.95295337,S2B_MSIL2A_20200910T100559_R022_T34VCL_20200912T024653,2020-09-10,0.0,50020,['2021-07-29']
1667,59.35320328,18.95295337,S2A_MSIL2A_20250809T100041_R122_T34VCL_20250809T122414,2025-08-09,0.0,50628,['2021-07-29']
1667,59.35320328,18.95295337,S2A_MSIL2A_20220724T100041_R122_T34VCL_20240716T191956,2022-07-24,0.0,49852,['2021-07-29']
1667,59.35320328,18.95295337,S2A_MSIL2A_20190720T100031_R122_T34VCL_20201005T165120,2019-07-20,0.0,50000,['2021-07-29']
1667,59.35320328,18.95295337,S2A_MSIL2A_20160317T100012_R122_T34VCL_20210528T155920,2016-03-17,0.02,47064,['2021-07-29']
1673,58.76166437,17.4884434,S2B_MSIL2A_20260306T102019_R065_T33VXF_20260306T155115,2026-03-06,0.0,37460,['2021-07-25']
1673,58.76166437,17.4884434,S2A_MSIL2A_20190424T101031_R022_T33VXF_20201105T165739,2019-04-24,0.0,37272,['2021-07-25']
1673,58.76166437,17.4884434,S2B_MSIL2A_20230905T100559_R022_T33VXF_20241102T142635,2023-09-05,0.0,36600,['2021-07-25']
1673,58.76166437,17.4884434,S2A_MSIL2A_20170504T101031_R022_T33VXF_20210209T125813,2017-05-04,0.0,36876,['2021-07-25']
1673,58.76166437,17.4884434,S2A_MSIL2A_20200521T102031_R065_T33VXF_20200910T103914,2020-05-21,0.0,36840,['2021-07-25']
1675,56.16524423,15.5635643,S2A_MSIL2A_20250924T102041_R065_T33VWC_20250924T160513,2025-09-24,0.0,47792,"['2021-03-02', '2021-07-22']"
1675,56.16524423,15.5635643,S2A_MSIL2A_20230910T100601_R022_T33VWC_20230910T182158,2023-09-10,0.01,47776,"['2021-03-02', '2021-07-22']"
1675,56.16524423,15.5635643,S2A_MSIL2A_20240729T102021_R065_T33VWC_20240729T165653,2024-07-29,0.03,47356,"['2021-03-02', '2021-07-22']"
1675,56.16524423,15.5635643,S2B_MSIL2A_20180507T102019_R065_T33VWC_20201012T070447,2018-05-07,0.32,47756,"['2021-03-02', '2021-07-22']"
1675,56.16524423,15.5635643,S2B_MSIL2A_20180822T101019_R022_T33VWC_20201011T053351,2018-08-22,0.49,47612,"['2021-03-02', '2021-07-22']"
1676,56.18824391,15.56390134,S2A_MSIL2A_20230725T101601_R065_T33VWC_20241017T005903,2023-07-25,0.0,40252,"['2021-03-02', '2021-07-22']"
1676,56.18824391,15.56390134,S2B_MSIL2A_20220811T100559_R022_T33VWC_20240713T181910,2022-08-11,0.0,40212,"['2021-03-02', '2021-07-22']"
1676,56.18824391,15.56390134,S2B_MSIL2A_20240621T100559_R022_T33VWC_20240621T150339,2024-06-21,0.0,40096,"['2021-03-02', '2021-07-22']"
1676,56.18824391,15.56390134,S2A_MSIL2A_20251011T100951_R022_T33VWC_20251011T120013,2025-10-11,0.37,40892,"['2021-03-02', '2021-07-22']"
1676,56.18824391,15.56390134,S2A_MSIL2A_20200421T102021_R065_T33VWC_20200921T120431,2020-04-21,0.51,41232,"['2021-03-02', '2021-07-22']"
1677,56.16542528,15.52234318,S2A_MSIL2A_20241017T102021_R065_T33VWC_20241017T143350,2024-10-17,0.0,46664,"['2021-03-02', '2021-07-22']"
1677,56.16542528,15.52234318,S2A_MSIL2A_20251011T100951_R022_T33VWC_20251011T120013,2025-10-11,0.01,46212,"['2021-03-02', '2021-07-22']"
1677,56.16542528,15.52234318,S2B_MSIL2A_20200725T101559_R065_T33VWC_20200817T130656,2020-07-25,0.01,45240,"['2021-03-02', '2021-07-22']"
1677,56.16542528,15.52234318,S2A_MSIL2A_20201018T102041_R065_T33VWC_20201021T000350,2020-10-18,0.02,46676,"['2021-03-02', '2021-07-22']"
1677,56.16542528,15.52234318,S2C_MSIL2A_20250201T101301_R022_T33VWC_20250204T143811,2025-02-01,0.16,52220,"['2021-03-02', '2021-07-22']"
1678,56.14224446,15.56322775,S2B_MSIL2A_20200625T101559_R065_T33VWC_20200919T022448,2020-06-25,0.0,62588,"['2021-03-02', '2021-07-22']"
1678,56.14224446,15.56322775,S2B_MSIL2A_20260306T102019_R065_T33VWC_20260306T155115,2026-03-06,0.01,63412,"['2021-03-02', '2021-07-22']"
1678,56.14224446,15.56322775,S2A_MSIL2A_20250603T101041_R022_T33VWC_20250603T134103,2025-06-03,0.01,62656,"['2021-03-02', '2021-07-22']"
1678,56.14224446,15.56322775,S2B_MSIL2A_20230610T101609_R065_T33VWC_20240909T065358,2023-06-10,0.01,62608,"['2021-03-02', '2021-07-22']"
1678,56.14224446,15.56322775,S2A_MSIL2A_20230202T101231_R022_T33VWC_20230203T061658,2023-02-02,0.06,63656,"['2021-03-02', '2021-07-22']"
1679,56.14204984,15.60442376,S2B_MSIL2A_20240306T101759_R065_T33VWC_20240306T151132,2024-03-06,0.0,64924,"['2021-03-02', '2021-07-22']"
1679,56.14204984,15.60442376,S2B_MSIL2A_20180726T102019_R065_T33VWC_20201011T202307,2018-07-26,0.01,64520,"['2021-03-02', '2021-07-22']"
1679,56.14204984,15.60442376,S2B_MSIL2A_20180507T102019_R065_T33VWC_20201012T070447,2018-05-07,0.02,64528,"['2021-03-02', '2021-07-22']"
1679,56.14204984,15.60442376,S2A_MSIL2A_20211013T101951_R065_T33VWC_20211014T004840,2021-10-13,0.04,64732,"['2021-03-02', '2021-07-22']"
1679,56.14204984,15.60442376,S2A_MSIL2A_20240507T100601_R022_T33VWC_20240507T155607,2024-05-07,0.37,64196,"['2021-03-02', '2021-07-22']"
1681,57.88528447,16.52925175,S2A_MSIL2A_20190726T102031_R065_T33VWE_20201106T020402,2019-07-26,0.01,59204,['2021-07-25']
1681,57.88528447,16.52925175,S2B_MSIL2A_20200801T100559_R022_T33VWE_20200815T190921,2020-08-01,0.01,59076,['2021-07-25']
1681,57.88528447,16.52925175,S2C_MSIL2A_20250415T102041_R065_T33VWE_20250415T160234,2025-04-15,0.01,59768,['2021-07-25']
1681,57.88528447,16.52925175,S2A_MSIL2A_20240904T100551_R022_T33VWE_20240904T154147,2024-09-04,0.01,59316,['2021-07-25']
1681,57.88528447,16.52925175,S2A_MSIL2A_20230513T100551_R022_T33VWE_20230513T172647,2023-05-13,0.02,59680,['2021-07-25']
1683,56.5881149,16.39874234,S2B_MSIL2A_20230816T100559_R022_T33VWC_20230816T171718,2023-08-16,0.0,51564,['2021-07-22']
1683,56.5881149,16.39874234,S2A_MSIL2A_20180721T102021_R065_T33VWC_20201011T181757,2018-07-21,0.0,48644,['2021-07-22']
1683,56.5881149,16.39874234,S2A_MSIL2A_20250713T101051_R022_T33VWC_20250713T120120,2025-07-13,0.0,51512,['2021-07-22']
1683,56.5881149,16.39874234,S2C_MSIL2A_20251228T101441_R022_T33VWC_20251228T112312,2025-12-28,0.45,52900,['2021-07-22']
1683,56.5881149,16.39874234,S2B_MSIL2A_20170817T101019_R022_T33VWC_20210201T040948,2017-08-17,1.17,49840,['2021-07-22']
1803,56.9462029,16.48136243,S2A_MSIL2A_20221227T102431_R065_T33VWD_20221227T200909,2022-12-27,0.0,50496,['2021-03-17']
1803,56.9462029,16.48136243,S2A_MSIL2A_20240517T100601_R022_T33VWD_20240517T203705,2024-05-17,0.0,46860,['2021-03-17']
1803,56.9462029,16.48136243,S2A_MSIL2A_20190417T102031_R065_T33VWD_20201007T030917,2019-04-17,0.0,47996,['2021-03-17']
1803,56.9462029,16.48136243,S2A_MSIL2A_20170527T102031_R065_T33VWD_20210209T183128,2017-05-27,0.0,46388,['2021-03-17']
1803,56.9462029,16.48136243,S2B_MSIL2A_20221020T100939_R022_T33VWD_20221020T191717,2022-10-20,0.0,47632,['2021-03-17']
1844,58.87166955,-3.215218183,S2A_MSIL2A_20200731T113331_R080_T30VVL_20200818T064659,2020-07-31,0.0,32680,"['2022-06-01', '2022-09-19']"
1844,58.87166955,-3.215218183,S2A_MSIL2A_20191107T114351_R123_T30VVL_20201003T140018,2019-11-07,0.0,34260,"['2022-06-01', '2022-09-19']"
1844,58.87166955,-3.215218183,S2B_MSIL2A_20200207T113309_R080_T30VVL_20201001T070851,2020-02-07,0.0,34512,"['2022-06-01', '2022-09-19']"
1844,58.87166955,-3.215218183,S2B_MSIL2A_20240625T113319_R080_T30VVL_20240625T141618,2024-06-25,0.0,34008,"['2022-06-01', '2022-09-19']"
1844,58.87166955,-3.215218183,S2B_MSIL2A_20200420T114349_R123_T30VVL_20200924T084119,2020-04-20,0.0,32940,"['2022-06-01', '2022-09-19']"
1846,31.96006244,-116.776264,S2B_MSIL2A_20221027T182449_R127_T11SNR_20240802T124847,2022-10-27,0.0,63744,['2016-07-05']
1846,31.96006244,-116.776264,S2C_MSIL2A_20251016T182351_R127_T11SNR_20251016T212415,2025-10-16,0.0,63768,['2016-07-05']
1846,31.96006244,-116.776264,S2A_MSIL2A_20170302T183301_R127_T11SNR_20210208T190101,2017-03-02,0.03,63920,['2016-07-05']
1846,31.96006244,-116.776264,S2A_MSIL2A_20200415T181921_R127_T11SNR_20200923T150116,2020-04-15,0.04,63828,['2016-07-05']
1846,31.96006244,-116.776264,S2A_MSIL2A_20201221T182801_R127_T11SNR_20210104T041422,2020-12-21,0.05,63808,['2016-07-05']
1852,49.27102414,-125.9055613,S2A_MSIL2A_20201202T193801_R142_T09UYQ_20201203T184513,2020-12-02,0.0,43724,"['2016-07-06', '2016-08-15', '2020-07-20']"
1852,49.27102414,-125.9055613,S2B_MSIL2A_20260117T192639_R099_T09UYQ_20260117T224817,2026-01-17,0.0,44636,"['2016-07-06', '2016-08-15', '2020-07-20']"
1852,49.27102414,-125.9055613,S2A_MSIL2A_20210727T191911_R099_T09UYQ_20210728T084629,2021-07-27,0.0,41928,"['2016-07-06', '2016-08-15', '2020-07-20']"
1852,49.27102414,-125.9055613,S2B_MSIL2A_20190318T193129_R142_T09UYQ_20201007T080404,2019-03-18,0.0,43324,"['2016-07-06', '2016-08-15', '2020-07-20']"
1852,49.27102414,-125.9055613,S2A_MSIL2A_20161230T192812_R099_T09UYQ_20210214T015629,2016-12-30,0.05,43944,"['2016-07-06', '2016-08-15', '2020-07-20']"
1857,49.24708341,-125.8718771,S2A_MSIL2A_20220212T192521_R099_T09UYQ_20220222T110942,2022-02-12,0.0,45244,['2016-08-15']
1857,49.24708341,-125.8718771,S2B_MSIL2A_20200720T192909_R142_T09UYQ_20200816T222310,2020-07-20,0.0,44952,['2016-08-15']
1857,49.24708341,-125.8718771,S2A_MSIL2A_20230428T191911_R099_T09UYQ_20230429T022610,2023-04-28,0.0,45044,['2016-08-15']
1857,49.24708341,-125.8718771,S2B_MSIL2A_20241017T193319_R142_T09UYQ_20241017T212814,2024-10-17,0.0,46700,['2016-08-15']
1857,49.24708341,-125.8718771,S2B_MSIL2A_20180926T192139_R099_T09UYQ_20201009T051844,2018-09-26,0.0,44268,['2016-08-15']
1859,50.8195,-127.556,S2B_MSIL2A_20240413T193909_R042_T09UXS_20240413T234438,2024-04-13,0.0,56768,['2017-09-27']
1859,50.8195,-127.556,S2A_MSIL2A_20251012T194841_R042_T09UXS_20251012T235902,2025-10-12,0.0,57268,['2017-09-27']
1859,50.8195,-127.556,S2B_MSIL2A_20250607T193859_R042_T09UXS_20250607T215408,2025-06-07,0.0,57052,['2017-09-27']
1859,50.8195,-127.556,S2A_MSIL2A_20230703T193911_R042_T09UXS_20230704T031906,2023-07-03,0.0,57244,['2017-09-27']
1859,50.8195,-127.556,S2B_MSIL2A_20220521T192909_R142_T09UXS_20220523T003409,2022-05-21,0.0,55872,['2017-09-27']
1860,49.86799,-126.757,S2A_MSIL2A_20240830T191911_R099_T09UXR_20240831T012649,2024-08-30,0.0,33460,"['2018-08-07', '2020-05-26']"
1860,49.86799,-126.757,S2A_MSIL2A_20230826T191911_R099_T09UXR_20230827T044536,2023-08-26,0.0,33520,"['2018-08-07', '2020-05-26']"
1860,49.86799,-126.757,S2B_MSIL2A_20180618T191909_R099_T09UXR_20201011T234621,2018-06-18,0.0,33384,"['2018-08-07', '2020-05-26']"
1860,49.86799,-126.757,S2B_MSIL2A_20240510T192909_R142_T09UXR_20240514T161213,2024-05-10,0.0,33496,"['2018-08-07', '2020-05-26']"
1860,49.86799,-126.757,S2A_MSIL2A_20191026T192511_R099_T09UXR_20201004T062205,2019-10-26,0.0,33340,"['2018-08-07', '2020-05-26']"
1866,49.6466,-126.432,S2A_MSIL2A_20240316T193141_R142_T09UXR_20240317T022536,2024-03-16,0.0,47380,['2020-07-20']
1866,49.6466,-126.432,S2C_MSIL2A_20250729T192931_R142_T09UXR_20250729T235655,2025-07-29,0.0,48000,['2020-07-20']
1866,49.6466,-126.432,S2A_MSIL2A_20230428T191911_R099_T09UXR_20240901T041749,2023-04-28,0.0,48228,['2020-07-20']
1866,49.6466,-126.432,S2A_MSIL2A_20231214T192821_R099_T09UXR_20231219T214654,2023-12-14,0.01,48948,['2020-07-20']
1866,49.6466,-126.432,S2A_MSIL2A_20210329T192001_R099_T09UXR_20210330T122703,2021-03-29,0.04,47752,['2020-07-20']
1867,50.63156936,-126.3264806,S2A_MSIL2A_20240316T193141_R142_T09UXS_20240317T024113,2024-03-16,0.0,46380,['2021-07-30']
1867,50.63156936,-126.3264806,S2B_MSIL2A_20220521T192909_R142_T09UXS_20220523T003409,2022-05-21,0.0,46568,['2021-07-30']
1867,50.63156936,-126.3264806,S2B_MSIL2A_20180402T192939_R142_T09UXS_20201012T173649,2018-04-02,0.0,46336,['2021-07-30']
1867,50.63156936,-126.3264806,S2B_MSIL2A_20240619T192909_R142_T09UXS_20240620T001502,2024-06-19,0.0,46640,['2021-07-30']
1867,50.63156936,-126.3264806,S2A_MSIL2A_20230309T192221_R099_T09UXS_20240806T001824,2023-03-09,0.0,45172,['2021-07-30']
1868,50.63073356,-126.2903237,S2B_MSIL2A_20170706T192909_R142_T09UXS_20210210T054200,2017-07-06,0.0,46652,['2021-07-30']
1868,50.63073356,-126.2903237,S2C_MSIL2A_20251014T192401_R099_T09UXS_20251014T222816,2025-10-14,0.0,47424,['2021-07-30']
1868,50.63073356,-126.2903237,S2B_MSIL2A_20200218T192439_R099_T09UXS_20200929T220135,2020-02-18,0.0,45828,['2021-07-30']
1868,50.63073356,-126.2903237,S2A_MSIL2A_20240113T192741_R099_T09UXS_20240113T230918,2024-01-13,0.0,47068,['2021-07-30']
1868,50.63073356,-126.2903237,S2B_MSIL2A_20221117T193709_R142_T09UXS_20221118T090713,2022-11-17,0.01,46444,['2021-07-30']
1869,50.65288231,-126.2528273,S2B_MSIL2A_20230605T192909_R142_T09UXS_20240816T140400,2023-06-05,0.0,52608,['2021-07-30']
1869,50.65288231,-126.2528273,S2B_MSIL2A_20200908T192939_R142_T09UXS_20200911T200712,2020-09-08,0.0,55228,['2021-07-30']
1869,50.65288231,-126.2528273,S2B_MSIL2A_20260117T192639_R099_T09UXS_20260117T224817,2026-01-17,0.0,55720,['2021-07-30']
1869,50.65288231,-126.2528273,S2A_MSIL2A_20180517T193021_R142_T09UXS_20201012T105619,2018-05-17,0.0,55608,['2021-07-30']
1869,50.65288231,-126.2528273,S2B_MSIL2A_20260301T193229_R142_T09UXS_20260301T231106,2026-03-01,0.0,55632,['2021-07-30']
1870,50.67587794,-126.2514842,S2A_MSIL2A_20240803T192911_R142_T09UXS_20240804T025548,2024-08-03,0.0,47328,['2021-07-30']
1870,50.67587794,-126.2514842,S2A_MSIL2A_20170201T193621_R142_T09UXS_20210208T034510,2017-02-01,0.0,46824,['2021-07-30']
1870,50.67587794,-126.2514842,S2A_MSIL2A_20240316T193141_R142_T09UXS_20240317T024113,2024-03-16,0.0,46608,['2021-07-30']
1870,50.67587794,-126.2514842,S2A_MSIL2A_20230309T192221_R099_T09UXS_20240806T001824,2023-03-09,0.0,46716,['2021-07-30']
1870,50.67587794,-126.2514842,S2A_MSIL2A_20210121T193721_R142_T09UXS_20210202T065812,2021-01-21,0.0,46860,['2021-07-30']
1871,50.85200559,-126.7206606,S2B_MSIL2A_20220809T192909_R142_T09UXS_20240703T011545,2022-08-09,0.0,52472,['2021-07-30']
1871,50.85200559,-126.7206606,S2C_MSIL2A_20250430T192931_R142_T09UXS_20250501T003107,2025-04-30,0.0,52224,['2021-07-30']
1871,50.85200559,-126.7206606,S2A_MSIL2A_20201202T193801_R142_T09UXS_20201203T184552,2020-12-02,0.0,51372,['2021-07-30']
1871,50.85200559,-126.7206606,S2B_MSIL2A_20210317T193039_R142_T09UXS_20210319T003003,2021-03-17,0.0,51160,['2021-07-30']
1871,50.85200559,-126.7206606,S2B_MSIL2A_20190626T192919_R142_T09UXS_20201006T064926,2019-06-26,0.0,52220,['2021-07-30']
1872,50.87500869,-126.7195382,S2B_MSIL2A_20220809T192909_R142_T09UXS_20240703T011545,2022-08-09,0.0,34036,['2021-07-30']
1872,50.87500869,-126.7195382,S2B_MSIL2A_20240619T192909_R142_T09UXS_20240620T001502,2024-06-19,0.0,33928,['2021-07-30']
1872,50.87500869,-126.7195382,S2A_MSIL2A_20191128T193751_R142_T09UXS_20201003T202741,2019-11-28,0.01,33596,['2021-07-30']
1872,50.87500869,-126.7195382,S2A_MSIL2A_20240215T193511_R142_T09UXS_20240216T001737,2024-02-15,0.16,33152,['2021-07-30']
1872,50.87500869,-126.7195382,S2B_MSIL2A_20190226T193349_R142_T09UXS_20201007T210134,2019-02-26,10.77,32536,['2021-07-30']
1874,50.85998811,-126.6255066,S2A_MSIL2A_20221003T193251_R142_T09UXS_20221004T120344,2022-10-03,0.0,65760,['2023-04-28']
1874,50.85998811,-126.6255066,S2A_MSIL2A_20180616T192911_R142_T09UXS_20201011T224846,2018-06-16,0.0,65848,['2023-04-28']
1874,50.85998811,-126.6255066,S2B_MSIL2A_20210416T192859_R142_T09UXS_20210417T090806,2021-04-16,0.0,65872,['2023-04-28']
1874,50.85998811,-126.6255066,S2A_MSIL2A_20210730T192911_R142_T09UXS_20210801T051530,2021-07-30,0.0,65880,['2023-04-28']
1874,50.85998811,-126.6255066,S2A_MSIL2A_20220416T192911_R142_T09UXS_20220417T061800,2022-04-16,0.0,65532,['2023-04-28']
1878,58.87173585,-3.170824771,S2B_MSIL2A_20210415T114349_R123_T30VVL_20210524T214655,2021-04-15,0.0,56772,['2022-06-01']
1878,58.87173585,-3.170824771,S2B_MSIL2A_20260119T114349_R123_T30VVL_20260119T152429,2026-01-19,0.0,58068,['2022-06-01']
1878,58.87173585,-3.170824771,S2A_MSIL2A_20180605T114351_R123_T30VVL_20201026T161407,2018-06-05,0.01,56832,['2022-06-01']
1878,58.87173585,-3.170824771,S2A_MSIL2A_20170730T114351_R123_T30VVL_20210210T164358,2017-07-30,0.27,57004,['2022-06-01']
1878,58.87173585,-3.170824771,S2B_MSIL2A_20180111T114439_R123_T30VVL_20201014T050141,2018-01-11,5.99,54116,['2022-06-01']
1890,50.84785,-126.319,S2B_MSIL2A_20230327T193029_R142_T09UXS_20230328T002404,2023-03-27,0.0,33532,['2017-08-10']
1890,50.84785,-126.319,S2C_MSIL2A_20250729T192931_R142_T09UXS_20250729T235655,2025-07-29,0.0,34352,['2017-08-10']
1890,50.84785,-126.319,S2B_MSIL2A_20230712T191919_R099_T09UXS_20240911T140832,2023-07-12,0.0,33672,['2017-08-10']
1890,50.84785,-126.319,S2B_MSIL2A_20200508T191909_R099_T09UXS_20200921T021551,2020-05-08,0.01,34180,['2017-08-10']
1890,50.84785,-126.319,S2A_MSIL2A_20190320T192111_R099_T09UXS_20201007T083655,2019-03-20,0.11,34332,['2017-08-10']
1891,50.82568249,-126.3566256,S2B_MSIL2A_20230702T191919_R099_T09UXS_20240911T015823,2023-07-02,0.0,41544,['2017-08-10']
1891,50.82568249,-126.3566256,S2A_MSIL2A_20180427T192911_R142_T09UXS_20201013T032035,2018-04-27,0.0,43024,['2017-08-10']
1891,50.82568249,-126.3566256,S2C_MSIL2A_20250828T192931_R142_T09UXS_20250828T225113,2025-08-28,0.0,44260,['2017-08-10']
1891,50.82568249,-126.3566256,S2B_MSIL2A_20240904T191919_R099_T09UXS_20240904T234505,2024-09-04,0.0,44044,['2017-08-10']
1891,50.82568249,-126.3566256,S2B_MSIL2A_20220309T192229_R099_T09UXS_20220310T155923,2022-03-09,0.27,44068,['2017-08-10']
1892,50.46260154,-127.8765457,S2B_MSIL2A_20230605T192909_R142_T09UWS_20240816T140400,2023-06-05,0.0,42488,['2019-02-04']
1892,50.46260154,-127.8765457,S2C_MSIL2A_20260329T194021_R042_T09UWR_20260330T003331,2026-03-29,0.0,46692,['2019-02-04']
1892,50.46260154,-127.8765457,S2B_MSIL2A_20231115T194659_R042_T09UWS_20240929T032516,2023-11-15,0.0,42116,['2019-02-04']
1892,50.46260154,-127.8765457,S2B_MSIL2A_20200315T194149_R042_T09UWR_20201010T084529,2020-03-15,0.01,46408,['2019-02-04']
1892,50.46260154,-127.8765457,S2A_MSIL2A_20220506T192911_R142_T09UWS_20220507T114234,2022-05-06,0.01,43128,['2019-02-04']
1893,50.485266,-127.8399218,S2B_MSIL2A_20190828T193909_R042_T09UWR_20201005T061101,2019-08-28,0.0,47556,['2019-02-04']
1893,50.485266,-127.8399218,S2B_MSIL2A_20210416T192859_R142_T09UWS_20210417T094203,2021-04-16,0.0,47240,['2019-02-04']
1893,50.485266,-127.8399218,S2B_MSIL2A_20180714T193859_R042_T09UWR_20201011T155347,2018-07-14,0.0,47348,['2019-02-04']
1893,50.485266,-127.8399218,S2A_MSIL2A_20200728T193911_R042_T09UWR_20200918T171426,2020-07-28,0.0,47232,['2019-02-04']
1893,50.485266,-127.8399218,S2B_MSIL2A_20201107T193619_R142_T09UWS_20201108T143430,2020-11-07,0.0,47124,['2019-02-04']
1896,52.78538,-128.331,S2C_MSIL2A_20250403T194001_R042_T09UWU_20250404T003817,2025-04-03,0.0,47340,['2017-08-03']
1896,52.78538,-128.331,S2B_MSIL2A_20220521T192909_R142_T09UWU_20220522T225212,2022-05-21,0.0,47748,['2017-08-03']
1896,52.78538,-128.331,S2B_MSIL2A_20210817T193859_R042_T09UWU_20210818T024815,2021-08-17,0.0,47504,['2017-08-03']
1896,52.78538,-128.331,S2B_MSIL2A_20240619T192909_R142_T09UWU_20240620T001455,2024-06-19,0.0,47788,['2017-08-03']
1896,52.78538,-128.331,S2A_MSIL2A_20190522T192911_R142_T09UWU_20201006T170446,2019-05-22,0.0,47752,['2017-08-03']
1897,52.80860026,-128.3686226,S2A_MSIL2A_20230703T193911_R042_T09UWU_20230704T031938,2023-07-03,0.0,32460,['2017-08-03']
1897,52.80860026,-128.3686226,S2B_MSIL2A_20240114T194759_R042_T09UWU_20240114T234317,2024-01-14,0.0,32096,['2017-08-03']
1897,52.80860026,-128.3686226,S2B_MSIL2A_20171206T194759_R042_T09UWU_20201014T122616,2017-12-06,0.17,32012,['2017-08-03']
1898,52.78515994,-128.2930447,S2B_MSIL2A_20250607T193859_R042_T09UWU_20250607T215408,2025-06-07,0.0,43644,['2017-08-03']
1898,52.78515994,-128.2930447,S2B_MSIL2A_20210625T192909_R142_T09UWU_20210626T104748,2021-06-25,0.09,43836,['2017-08-03']
1898,52.78515994,-128.2930447,S2C_MSIL2A_20260214T193511_R142_T09UWU_20260214T210609,2026-02-14,0.27,43736,['2017-08-03']
1898,52.78515994,-128.2930447,S2B_MSIL2A_20221220T194829_R042_T09UWU_20221221T110233,2022-12-20,1.14,42904,['2017-08-03']
1898,52.78515994,-128.2930447,S2B_MSIL2A_20180323T193049_R142_T09UWU_20201013T131802,2018-03-23,1.19,43360,['2017-08-03']
1902,50.23128312,1.474504644,S2B_MSIL2A_20200902T104629_R051_T31UCR_20201027T065057,2020-09-02,0.0,49988,"['2018-06-03', '2021-04-23']"
1902,50.23128312,1.474504644,S2B_MSIL2A_20181225T110449_R094_T31UCR_20201008T130013,2018-12-25,0.0,66564,"['2018-06-03', '2021-04-23']"
1902,50.23128312,1.474504644,S2B_MSIL2A_20250218T105009_R051_T31UCR_20250218T131407,2025-02-18,0.0,64796,"['2018-06-03', '2021-04-23']"
1902,50.23128312,1.474504644,S2B_MSIL2A_20200624T104629_R051_T31UCR_20200823T234244,2020-06-24,0.0,43012,"['2018-06-03', '2021-04-23']"
1902,50.23128312,1.474504644,S2B_MSIL2A_20210301T104859_R051_T31UCR_20210301T223645,2021-03-01,0.0,46716,"['2018-06-03', '2021-04-23']"
1903,50.20826738,1.475238628,S2A_MSIL2A_20231111T105301_R051_T31UCR_20241102T005953,2023-11-11,0.0,66564,['2018-06-03']
1903,50.20826738,1.475238628,S2A_MSIL2A_20160322T105042_R051_T31UCR_20210528T180011,2016-03-22,0.0,36544,['2018-06-03']
1903,50.20826738,1.475238628,S2B_MSIL2A_20180218T110109_R094_T31UCR_20201013T225211,2018-02-18,0.0,66564,['2018-06-03']
1903,50.20826738,1.475238628,S2A_MSIL2A_20180411T105031_R051_T31UCR_20201012T205635,2018-04-11,0.0,63300,['2018-06-03']
1903,50.20826738,1.475238628,S2A_MSIL2A_20200420T105031_R051_T31UCR_20200924T065930,2020-04-20,0.0,62812,['2018-06-03']
1904,50.20873259,1.51110233,S2A_MSIL2A_20240512T105621_R094_T31UCR_20240512T160859,2024-05-12,0.0,53104,"['2018-06-03', '2021-04-23']"
1904,50.20873259,1.51110233,S2B_MSIL2A_20230403T105629_R094_T31UCR_20240825T005452,2023-04-03,0.05,53112,"['2018-06-03', '2021-04-23']"
1904,50.20873259,1.51110233,S2A_MSIL2A_20220612T105631_R094_T31UCR_20240630T112009,2022-06-12,0.19,53052,"['2018-06-03', '2021-04-23']"
1904,50.20873259,1.51110233,S2B_MSIL2A_20220505T104619_R051_T31UCR_20220505T230911,2022-05-05,0.36,53000,"['2018-06-03', '2021-04-23']"
1904,50.20873259,1.51110233,S2A_MSIL2A_20200917T105031_R051_T31UCR_20200921T061802,2020-09-17,2.29,52072,"['2018-06-03', '2021-04-23']"
1906,50.25476472,1.509667927,S2B_MSIL2A_20171107T105229_R051_T31UCR_20201014T184625,2017-11-07,0.0,62564,"['2018-06-03', '2021-04-23']"
1906,50.25476472,1.509667927,S2A_MSIL2A_20170126T105321_R051_T31UCR_20210207T203722,2017-01-26,0.07,53940,"['2018-06-03', '2021-04-23']"
1906,50.25476472,1.509667927,S2B_MSIL2A_20250711T105619_R094_T31UCR_20250711T132409,2025-07-11,0.11,66492,"['2018-06-03', '2021-04-23']"
1906,50.25476472,1.509667927,S2A_MSIL2A_20210125T105331_R051_T31UCR_20210610T221658,2021-01-25,0.13,65816,"['2018-06-03', '2021-04-23']"
1906,50.25476472,1.509667927,S2B_MSIL2A_20201104T110229_R094_T31UCR_20201106T125954,2020-11-04,0.23,66412,"['2018-06-03', '2021-04-23']"
1908,50.21367918,1.562805266,S2A_MSIL2A_20220729T104631_R051_T31UCR_20240718T071744,2022-07-29,0.9,35816,['2016-07-20']
1908,50.21367918,1.562805266,S2A_MSIL2A_20211221T105451_R051_T31UCR_20211222T123006,2021-12-21,0.99,37000,['2016-07-20']
1908,50.21367918,1.562805266,S2B_MSIL2A_20200902T104629_R051_T31UCR_20201027T065057,2020-09-02,1.28,38644,['2016-07-20']
1908,50.21367918,1.562805266,S2A_MSIL2A_20200622T105631_R094_T31UCR_20200823T160701,2020-06-22,1.5,36800,['2016-07-20']
1908,50.21367918,1.562805266,S2A_MSIL2A_20170409T105651_R094_T31UCR_20210209T060933,2017-04-09,1.54,35800,['2016-07-20']
1911,49.651367,0.151624,S2A_MSIL2A_20230710T110621_R137_T30UYA_20230710T193227,2023-07-10,0.0,34608,['2016-08-22']
1911,49.651367,0.151624,S2B_MSIL2A_20240111T111329_R137_T30UYA_20240115T141730,2024-01-11,0.09,35004,['2016-08-22']
1911,49.651367,0.151624,S2A_MSIL2A_20180114T110411_R094_T30UYA_20201014T053930,2018-01-14,0.86,35128,['2016-08-22']
1911,49.651367,0.151624,S2A_MSIL2A_20160417T110652_R137_T30UYA_20210211T042832,2016-04-17,0.99,34488,['2016-08-22']
1911,49.651367,0.151624,S2B_MSIL2A_20231202T111329_R137_T30UYA_20231202T155738,2023-12-02,1.42,34292,['2016-08-22']
1912,49.67435824,0.153110942,S2B_MSIL2A_20181009T110939_R137_T30UYA_20201030T223028,2018-10-09,0.0,46832,['2016-08-22']
1912,49.67435824,0.153110942,S2B_MSIL2A_20190822T105629_R094_T30UYA_20201005T033703,2019-08-22,0.02,47168,['2016-08-22']
1912,49.67435824,0.153110942,S2B_MSIL2A_20200312T110739_R137_T30UYA_20201006T153847,2020-03-12,0.21,46664,['2016-08-22']
1912,49.67435824,0.153110942,S2B_MSIL2A_20180218T110109_R094_T30UYA_20201013T225210,2018-02-18,1.26,46200,['2016-08-22']
1912,49.67435824,0.153110942,S2A_MSIL2A_20240323T105721_R094_T30UYA_20240323T181038,2024-03-23,3.83,47176,['2016-08-22']
1913,49.67531841,0.117682126,S2A_MSIL2A_20240525T110621_R137_T30UYA_20240525T181007,2024-05-25,0.0,66272,['2016-08-22']
1913,49.67531841,0.117682126,S2B_MSIL2A_20251101T111119_R137_T30UYA_20251101T132005,2025-11-01,0.0,66564,['2016-08-22']
1913,49.67531841,0.117682126,S2B_MSIL2A_20250306T110829_R137_T30UYA_20250306T133711,2025-03-06,0.0,66480,['2016-08-22']
1913,49.67531841,0.117682126,S2B_MSIL2A_20190822T105629_R094_T30UYA_20201005T033703,2019-08-22,0.01,66464,['2016-08-22']
1913,49.67531841,0.117682126,S2A_MSIL2A_20210210T111211_R137_T30UYA_20210211T225022,2021-02-10,0.01,66544,['2016-08-22']
1914,49.65232639,0.116211825,S2B_MSIL2A_20210615T110619_R137_T30UYA_20210615T225029,2021-06-15,0.0,66528,['2016-08-22']
1914,49.65232639,0.116211825,S2A_MSIL2A_20220416T110621_R137_T30UYA_20220416T212035,2022-04-16,0.0,66540,['2016-08-22']
1914,49.65232639,0.116211825,S2B_MSIL2A_20250919T105629_R094_T30UYA_20250919T132150,2025-09-19,0.0,66556,['2016-08-22']
1914,49.65232639,0.116211825,S2A_MSIL2A_20200913T110701_R137_T30UYA_20200918T161656,2020-09-13,0.0,66560,['2016-08-22']
1914,49.65232639,0.116211825,S2A_MSIL2A_20241128T110411_R094_T30UYA_20241128T152055,2024-11-28,0.0,66564,['2016-08-22']
1915,49.62933425,0.114743409,S2A_MSIL2A_20210210T111211_R137_T30UYA_20210211T225022,2021-02-10,0.0,66564,['2016-08-22']
1915,49.62933425,0.114743409,S2A_MSIL2A_20180325T105701_R094_T30UYA_20201013T135737,2018-03-25,0.0,66564,['2016-08-22']
1915,49.62933425,0.114743409,S2A_MSIL2A_20251205T110451_R094_T30UYA_20251205T144908,2025-12-05,0.0,66564,['2016-08-22']
1915,49.62933425,0.114743409,S2A_MSIL2A_20201023T111131_R137_T30UYA_20201029T005712,2020-10-23,0.0,66564,['2016-08-22']
1915,49.62933425,0.114743409,S2C_MSIL2A_20250825T105641_R094_T30UYA_20250825T154713,2025-08-25,0.0,66564,['2016-08-22']
1916,49.31090475,-0.242838816,S2A_MSIL2A_20170618T105621_R094_T30UYV_20210209T235437,2017-06-18,0.0,44376,['2018-06-13']
1916,49.31090475,-0.242838816,S2A_MSIL2A_20160921T105732_R094_T30UYV_20210213T031200,2016-09-21,0.0,44376,['2018-06-13']
1916,49.31090475,-0.242838816,S2B_MSIL2A_20191203T111329_R137_T30UXV_20201003T001945,2019-12-03,0.0,66564,['2018-06-13']
1916,49.31090475,-0.242838816,S2B_MSIL2A_20200518T105619_R094_T30UYV_20200919T003340,2020-05-18,0.0,44376,['2018-06-13']
1916,49.31090475,-0.242838816,S2B_MSIL2A_20210903T110619_R137_T30UYV_20210903T200958,2021-09-03,0.0,44376,['2018-06-13']
1917,49.31173932,-0.278018708,S2A_MSIL2A_20181021T110101_R094_T30UXV_20201009T134652,2018-10-21,0.0,66564,['2018-06-13']
1917,49.31173932,-0.278018708,S2B_MSIL2A_20260407T105619_R094_T30UXV_20260407T133134,2026-04-07,0.0,66564,['2018-06-13']
1917,49.31173932,-0.278018708,S2A_MSIL2A_20180901T105621_R094_T30UXV_20201011T070449,2018-09-01,0.0,66564,['2018-06-13']
1917,49.31173932,-0.278018708,S2A_MSIL2A_20210210T111211_R137_T30UXV_20210522T202514,2021-02-10,0.0,66564,['2018-06-13']
1917,49.31173932,-0.278018708,S2B_MSIL2A_20240729T110619_R137_T30UXV_20240729T135102,2024-07-29,0.0,66564,['2018-06-13']
1918,49.31005948,-0.207660563,S2A_MSIL2A_20230528T105621_R094_T30UYV_20240908T090134,2023-05-28,0.0,66564,['2018-06-13']
1918,49.31005948,-0.207660563,S2B_MSIL2A_20220617T105629_R094_T30UXV_20220619T093713,2022-06-17,0.0,66564,['2018-06-13']
1918,49.31005948,-0.207660563,S2B_MSIL2A_20190226T111049_R137_T30UXV_20201007T205847,2019-02-26,0.0,66564,['2018-06-13']
1918,49.31005948,-0.207660563,S2A_MSIL2A_20170509T105621_R094_T30UYV_20210209T141559,2017-05-09,0.0,66564,['2018-06-13']
1918,49.31005948,-0.207660563,S2B_MSIL2A_20210423T105619_R094_T30UYV_20210525T005449,2021-04-23,0.0,66564,['2018-06-13']
1919,49.28790385,-0.244122626,S2B_MSIL2A_20220809T110629_R137_T30UYV_20220810T221329,2022-08-09,0.0,35268,"['2018-06-13', '2020-06-22', '2021-07-17']"
1919,49.28790385,-0.244122626,S2A_MSIL2A_20160921T105732_R094_T30UYV_20210213T031200,2016-09-21,0.06,37604,"['2018-06-13', '2020-06-22', '2021-07-17']"
1919,49.28790385,-0.244122626,S2B_MSIL2A_20240507T105619_R094_T30UYV_20240507T143742,2024-05-07,0.1,37012,"['2018-06-13', '2020-06-22', '2021-07-17']"
1919,49.28790385,-0.244122626,S2B_MSIL2A_20220617T105629_R094_T30UXV_20220619T093713,2022-06-17,0.13,43816,"['2018-06-13', '2020-06-22', '2021-07-17']"
1919,49.28790385,-0.244122626,S2B_MSIL2A_20200809T110629_R137_T30UYV_20200815T154703,2020-08-09,0.61,36320,"['2018-06-13', '2020-06-22', '2021-07-17']"
1920,49.28705926,-0.208960702,S2B_MSIL2A_20230625T110619_R137_T30UYV_20230625T164634,2023-06-25,0.0,32872,"['2018-06-13', '2020-06-22']"
1920,49.28705926,-0.208960702,S2A_MSIL2A_20170827T105651_R094_T30UXV_20210201T121158,2017-08-27,0.54,34544,"['2018-06-13', '2020-06-22']"
1920,49.28705926,-0.208960702,S2B_MSIL2A_20210426T110619_R137_T30UYV_20210427T033604,2021-04-26,1.31,34140,"['2018-06-13', '2020-06-22']"
1920,49.28705926,-0.208960702,S2A_MSIL2A_20201003T110911_R137_T30UYV_20201005T073316,2020-10-03,1.39,35312,"['2018-06-13', '2020-06-22']"
1920,49.28705926,-0.208960702,S2B_MSIL2A_20210903T110619_R137_T30UYV_20210903T200958,2021-09-03,1.91,32380,"['2018-06-13', '2020-06-22']"
1927,49.50871546,-1.277520943,S2C_MSIL2A_20250130T111341_R137_T30UXV_20250206T165811,2025-01-30,0.0,35448,['2019-07-11']
1927,49.50871546,-1.277520943,S2B_MSIL2A_20250402T105619_R094_T30UXV_20250402T150540,2025-04-02,0.0,34800,['2019-07-11']
1927,49.50871546,-1.277520943,S2A_MSIL2A_20160822T105652_R094_T30UXV_20210212T165508,2016-08-22,0.46,35292,['2019-07-11']
1927,49.50871546,-1.277520943,S2B_MSIL2A_20210920T105639_R094_T30UXV_20210921T001558,2021-09-20,1.0,34988,['2019-07-11']
1927,49.50871546,-1.277520943,S2A_MSIL2A_20170601T110651_R137_T30UXV_20210209T194233,2017-06-01,1.33,34116,['2019-07-11']
1928,49.67242529,-1.698038668,S2C_MSIL2A_20250430T110641_R137_T30UWA_20250430T153612,2025-04-30,0.0,34016,['2018-09-04']
1928,49.67242529,-1.698038668,S2A_MSIL2A_20221112T111321_R137_T30UWA_20221112T230427,2022-11-12,0.01,34376,['2018-09-04']
1928,49.67242529,-1.698038668,S2A_MSIL2A_20260318T110731_R137_T30UWA_20260318T180922,2026-03-18,0.31,32900,['2018-09-04']
1928,49.67242529,-1.698038668,S2B_MSIL2A_20210416T110619_R137_T30UWA_20210524T221242,2021-04-16,1.21,33188,['2018-09-04']
1928,49.67242529,-1.698038668,S2A_MSIL2A_20190701T110621_R137_T30UWA_20201005T074113,2019-07-01,2.9,32032,['2018-09-04']
1929,48.55846505,-1.97215012,S2B_MSIL2A_20240729T110619_R137_T30UWU_20240729T135102,2024-07-29,0.0,37516,"['2018-07-06', '2019-06-26']"
1929,48.55846505,-1.97215012,S2B_MSIL2A_20220710T110629_R137_T30UWU_20220712T113419,2022-07-10,0.0,36892,"['2018-07-06', '2019-06-26']"
1929,48.55846505,-1.97215012,S2B_MSIL2A_20240111T111329_R137_T30UWU_20240112T201128,2024-01-11,0.0,38068,"['2018-07-06', '2019-06-26']"
1929,48.55846505,-1.97215012,S2B_MSIL2A_20250204T111149_R137_T30UWU_20250204T121632,2025-02-04,0.0,38488,"['2018-07-06', '2019-06-26']"
1929,48.55846505,-1.97215012,S2B_MSIL2A_20210615T110619_R137_T30UWU_20210623T120526,2021-06-15,0.01,37840,"['2018-07-06', '2019-06-26']"
1931,48.10991,-4.298194,S2A_MSIL2A_20230121T111351_R137_T30UUU_20230123T005322,2023-01-21,0.0,54840,['2019-05-22']
1931,48.10991,-4.298194,S2B_MSIL2A_20200730T110619_R137_T30UVU_20200818T050358,2020-07-30,0.0,57400,['2019-05-22']
1931,48.10991,-4.298194,S2B_MSIL2A_20210718T112119_R037_T30UVU_20210719T003804,2021-07-18,0.04,56784,['2019-05-22']
1931,48.10991,-4.298194,S2C_MSIL2A_20260224T111051_R137_T30UVU_20260224T145311,2026-02-24,0.1,56140,['2019-05-22']
1931,48.10991,-4.298194,S2B_MSIL2A_20171113T111309_R137_T30UUU_20201014T194019,2017-11-13,0.1,57552,['2019-05-22']
1932,47.71191534,-3.367162791,S2A_MSIL2A_20220807T112131_R037_T30TVT_20240708T184258,2022-08-07,0.0,42556,"['2019-06-26', '2022-06-13']"
1932,47.71191534,-3.367162791,S2A_MSIL2A_20190412T110621_R137_T30TVT_20201007T011012,2019-04-12,0.76,41576,"['2019-06-26', '2022-06-13']"
1932,47.71191534,-3.367162791,S2B_MSIL2A_20170716T110649_R137_T30TVT_20210210T100259,2017-07-16,0.78,41436,"['2019-06-26', '2022-06-13']"
1932,47.71191534,-3.367162791,S2A_MSIL2A_20170412T110621_R137_T30TVT_20210209T070121,2017-04-12,1.2,38152,"['2019-06-26', '2022-06-13']"
1932,47.71191534,-3.367162791,S2B_MSIL2A_20190117T111409_R137_T30TVT_20201008T022423,2019-01-17,1.31,43064,"['2019-06-26', '2022-06-13']"
1934,47.43228,-2.47915,S2B_MSIL2A_20220521T110619_R137_T30TWT_20220522T152540,2022-05-21,0.0,65720,['2019-07-16']
1934,47.43228,-2.47915,S2B_MSIL2A_20230903T110629_R137_T30TWT_20241023T081939,2023-09-03,0.0,64144,['2019-07-16']
1934,47.43228,-2.47915,S2A_MSIL2A_20160815T110652_R137_T30TWT_20210212T143741,2016-08-15,0.01,65708,['2019-07-16']
1934,47.43228,-2.47915,S2A_MSIL2A_20211008T110951_R137_T30TWT_20211009T003319,2021-10-08,0.09,64640,['2019-07-16']
1934,47.43228,-2.47915,S2B_MSIL2A_20220121T111249_R137_T30TWT_20220122T085701,2022-01-21,0.18,65208,['2019-07-16']
1935,47.4554634,-2.512883789,S2B_MSIL2A_20251012T110919_R137_T30TWT_20251012T133527,2025-10-12,0.0,64644,"['2019-07-16', '2020-07-30', '2022-04-16']"
1935,47.4554634,-2.512883789,S2B_MSIL2A_20170716T110649_R137_T30TWT_20210210T100306,2017-07-16,0.02,64784,"['2019-07-16', '2020-07-30', '2022-04-16']"
1935,47.4554634,-2.512883789,S2A_MSIL2A_20190412T110621_R137_T30TWT_20201007T011015,2019-04-12,0.03,64896,"['2019-07-16', '2020-07-30', '2022-04-16']"
1935,47.4554634,-2.512883789,S2A_MSIL2A_20201122T111401_R137_T30TWT_20201123T133239,2020-11-22,0.07,65128,"['2019-07-16', '2020-07-30', '2022-04-16']"
1935,47.4554634,-2.512883789,S2A_MSIL2A_20171128T111411_R137_T30TWT_20201014T223848,2017-11-28,0.15,65168,"['2019-07-16', '2020-07-30', '2022-04-16']"
1936,47.40939489,-2.513308719,S2C_MSIL2A_20250410T110641_R137_T30TWT_20250410T164104,2025-04-10,0.0,60532,['2019-07-16']
1936,47.40939489,-2.513308719,S2A_MSIL2A_20211008T110951_R137_T30TWT_20211009T003319,2021-10-08,0.0,59944,['2019-07-16']
1936,47.40939489,-2.513308719,S2A_MSIL2A_20250810T110701_R137_T30TWT_20250810T151608,2025-08-10,0.0,59916,['2019-07-16']
1936,47.40939489,-2.513308719,S2B_MSIL2A_20230903T110629_R137_T30TWT_20241023T081939,2023-09-03,0.0,59764,['2019-07-16']
1936,47.40939489,-2.513308719,S2B_MSIL2A_20170716T110649_R137_T30TWT_20210210T100306,2017-07-16,0.0,60668,['2019-07-16']
1938,47.50600421,-2.491186049,S2B_MSIL2A_20250115T111319_R137_T30TWT_20250115T133241,2025-01-15,0.0,56128,"['2019-06-26', '2022-05-31']"
1938,47.50600421,-2.491186049,S2A_MSIL2A_20241022T111121_R137_T30TWT_20241022T153359,2024-10-22,0.0,56472,"['2019-06-26', '2022-05-31']"
1938,47.50600421,-2.491186049,S2A_MSIL2A_20211217T111451_R137_T30TWT_20211218T005420,2021-12-17,0.7,56896,"['2019-06-26', '2022-05-31']"
1938,47.50600421,-2.491186049,S2A_MSIL2A_20170313T110831_R137_T30TWT_20210208T220904,2017-03-13,3.14,54156,"['2019-06-26', '2022-05-31']"
1938,47.50600421,-2.491186049,S2A_MSIL2A_20191118T111341_R137_T30TWT_20201003T173902,2019-11-18,3.58,54956,"['2019-06-26', '2022-05-31']"
1940,47.32302832,-2.513952205,S2B_MSIL2A_20230625T110619_R137_T30TWT_20230625T165523,2023-06-25,0.0,52104,"['2019-07-16', '2022-06-15', '2022-07-30']"
1940,47.32302832,-2.513952205,S2B_MSIL2A_20251012T110919_R137_T30TWT_20251012T133527,2025-10-12,0.1,52348,"['2019-07-16', '2022-06-15', '2022-07-30']"
1940,47.32302832,-2.513952205,S2B_MSIL2A_20240530T110619_R137_T30TWT_20240530T153417,2024-05-30,0.1,52172,"['2019-07-16', '2022-06-15', '2022-07-30']"
1940,47.32302832,-2.513952205,S2B_MSIL2A_20171014T110959_R137_T30TWT_20201019T212310,2017-10-14,0.38,52552,"['2019-07-16', '2022-06-15', '2022-07-30']"
1940,47.32302832,-2.513952205,S2B_MSIL2A_20181118T111339_R137_T30TWT_20201008T194450,2018-11-18,1.55,52664,"['2019-07-16', '2022-06-15', '2022-07-30']"
1943,47.24108512,-2.261143636,S2C_MSIL2A_20250410T110641_R137_T30TWT_20250410T164104,2025-04-10,0.0,45716,"['2016-07-16', '2022-06-15']"
1943,47.24108512,-2.261143636,S2A_MSIL2A_20190601T110621_R137_T30TWT_20201005T204206,2019-06-01,0.01,45688,"['2016-07-16', '2022-06-15']"
1943,47.24108512,-2.261143636,S2A_MSIL2A_20211008T110951_R137_T30TWT_20211009T003319,2021-10-08,0.01,45444,"['2016-07-16', '2022-06-15']"
1943,47.24108512,-2.261143636,S2A_MSIL2A_20190323T110721_R137_T30TWT_20201007T094107,2019-03-23,0.02,45580,"['2016-07-16', '2022-06-15']"
1943,47.24108512,-2.261143636,S2A_MSIL2A_20180527T110651_R137_T30TWT_20201012T144637,2018-05-27,0.04,45688,"['2016-07-16', '2022-06-15']"
1944,47.21805113,-2.26146369,S2A_MSIL2A_20210720T110621_R137_T30TWT_20210720T213536,2021-07-20,0.0,66564,"['2016-07-16', '2022-06-15']"
1944,47.21805113,-2.26146369,S2A_MSIL2A_20180626T110621_R137_T30TWT_20201012T023417,2018-06-26,0.0,66564,"['2016-07-16', '2022-06-15']"
1944,47.21805113,-2.26146369,S2B_MSIL2A_20250115T111319_R137_T30TWT_20250115T133241,2025-01-15,0.0,66564,"['2016-07-16', '2022-06-15']"
1944,47.21805113,-2.26146369,S2C_MSIL2A_20250609T110641_R137_T30TWT_20250609T150626,2025-06-09,0.0,66564,"['2016-07-16', '2022-06-15']"
1944,47.21805113,-2.26146369,S2A_MSIL2A_20230121T111351_R137_T30TWT_20230123T012452,2023-01-21,0.0,66404,"['2016-07-16', '2022-06-15']"
1946,47.19479431,-2.227990311,S2B_MSIL2A_20260321T110649_R137_T30TWT_20260321T134453,2026-03-21,0.0,66564,"['2016-07-16', '2022-06-15']"
1946,47.19479431,-2.227990311,S2A_MSIL2A_20231107T111251_R137_T30TWT_20241031T101710,2023-11-07,0.0,66564,"['2016-07-16', '2022-06-15']"
1946,47.19479431,-2.227990311,S2C_MSIL2A_20250430T110641_R137_T30TWT_20250430T153612,2025-04-30,0.0,66564,"['2016-07-16', '2022-06-15']"
1946,47.19479431,-2.227990311,S2B_MSIL2A_20170716T110649_R137_T30TWT_20210210T100306,2017-07-16,0.0,66564,"['2016-07-16', '2022-06-15']"
1946,47.19479431,-2.227990311,S2A_MSIL2A_20180117T111401_R137_T30TWT_20201014T062434,2018-01-17,0.04,66540,"['2016-07-16', '2022-06-15']"
1947,47.19456161,-2.194197688,S2B_MSIL2A_20200401T110619_R137_T30TWT_20200924T145133,2020-04-01,0.0,66564,"['2016-07-16', '2022-06-15']"
1947,47.19456161,-2.194197688,S2A_MSIL2A_20221112T111321_R137_T30TWT_20221113T011257,2022-11-12,0.0,66564,"['2016-07-16', '2022-06-15']"
1947,47.19456161,-2.194197688,S2B_MSIL2A_20200122T111249_R137_T30TWT_20201002T060839,2020-01-22,0.0,66564,"['2016-07-16', '2022-06-15']"
1947,47.19456161,-2.194197688,S2B_MSIL2A_20200730T110619_R137_T30TWT_20200919T002703,2020-07-30,0.0,66564,"['2016-07-16', '2022-06-15']"
1947,47.19456161,-2.194197688,S2B_MSIL2A_20171014T110959_R137_T30TWT_20201019T212310,2017-10-14,0.0,66564,"['2016-07-16', '2022-06-15']"
1948,47.21759533,-2.193848772,S2A_MSIL2A_20210531T110621_R137_T30TWT_20210606T054231,2021-05-31,0.0,64964,"['2016-07-16', '2022-06-15']"
1948,47.21759533,-2.193848772,S2A_MSIL2A_20200622T105631_R094_T30TWT_20200823T160553,2020-06-22,0.0,32144,"['2016-07-16', '2022-06-15']"
1948,47.21759533,-2.193848772,S2B_MSIL2A_20250515T110619_R137_T30TWT_20250515T132652,2025-05-15,0.0,64752,"['2016-07-16', '2022-06-15']"
1948,47.21759533,-2.193848772,S2B_MSIL2A_20251012T110919_R137_T30TWT_20251012T133527,2025-10-12,0.0,65320,"['2016-07-16', '2022-06-15']"
1948,47.21759533,-2.193848772,S2A_MSIL2A_20211217T111451_R137_T30TWT_20211218T005420,2021-12-17,0.03,65472,"['2016-07-16', '2022-06-15']"
1949,47.24062896,-2.193499424,S2A_MSIL2A_20180805T110621_R137_T30TWT_20201010T212632,2018-08-05,0.0,61440,"['2016-07-16', '2022-06-15']"
1949,47.24062896,-2.193499424,S2B_MSIL2A_20240210T111119_R137_T30TWT_20240210T143733,2024-02-10,0.0,60720,"['2016-07-16', '2022-06-15']"
1949,47.24062896,-2.193499424,S2B_MSIL2A_20210615T110619_R137_T30TWT_20210623T133736,2021-06-15,0.0,60736,"['2016-07-16', '2022-06-15']"
1949,47.24062896,-2.193499424,S2B_MSIL2A_20200401T110619_R137_T30TWT_20200924T145133,2020-04-01,0.0,61336,"['2016-07-16', '2022-06-15']"
1949,47.24062896,-2.193499424,S2B_MSIL2A_20211122T111259_R137_T30TWT_20211123T023125,2021-11-22,0.22,60640,"['2016-07-16', '2022-06-15']"
1950,47.01930752,-2.233119787,S2A_MSIL2A_20230418T105621_R094_T30TWT_20230419T112911,2023-04-18,0.0,39276,"['2016-04-07', '2018-11-15', '2020-07-12']"
1950,47.01930752,-2.233119787,S2A_MSIL2A_20250409T105701_R094_T30TWT_20250409T173716,2025-04-09,0.0,39652,"['2016-04-07', '2018-11-15', '2020-07-12']"
1950,47.01930752,-2.233119787,S2A_MSIL2A_20160815T110652_R137_T30TWT_20210212T143741,2016-08-15,0.01,39824,"['2016-04-07', '2018-11-15', '2020-07-12']"
1950,47.01930752,-2.233119787,S2A_MSIL2A_20210720T110621_R137_T30TWT_20210720T213536,2021-07-20,0.29,39684,"['2016-04-07', '2018-11-15', '2020-07-12']"
1950,47.01930752,-2.233119787,S2B_MSIL2A_20200518T105619_R094_T30TWT_20200910T034011,2020-05-18,0.34,39860,"['2016-04-07', '2018-11-15', '2020-07-12']"
1952,46.99580221,-2.166115213,S2A_MSIL2A_20210826T105621_R094_T30TWT_20210827T000025,2021-08-26,0.0,63944,['2016-04-07']
1952,46.99580221,-2.166115213,S2A_MSIL2A_20190109T110431_R094_T30TWT_20201008T000341,2019-01-09,0.0,64648,['2016-04-07']
1952,46.99580221,-2.166115213,S2B_MSIL2A_20211122T111259_R137_T30TWT_20211123T023125,2021-11-22,0.0,60944,['2016-04-07']
1952,46.99580221,-2.166115213,S2C_MSIL2A_20260224T111051_R137_T30TWT_20260224T145311,2026-02-24,0.0,66564,['2016-04-07']
1952,46.99580221,-2.166115213,S2A_MSIL2A_20241019T110051_R094_T30TWT_20241019T152252,2024-10-19,0.0,56408,['2016-04-07']
1956,46.26978322,-1.204642907,S2A_MSIL2A_20240624T110641_R137_T30TXS_20240624T160752,2024-06-24,0.0,52268,"['2015-09-10', '2022-07-12']"
1956,46.26978322,-1.204642907,S2C_MSIL2A_20250318T105821_R094_T30TXS_20250318T151218,2025-03-18,0.0,52908,"['2015-09-10', '2022-07-12']"
1956,46.26978322,-1.204642907,S2A_MSIL2A_20190916T105701_R094_T30TXS_20201004T134324,2019-09-16,0.13,52560,"['2015-09-10', '2022-07-12']"
1956,46.26978322,-1.204642907,S2B_MSIL2A_20210814T110619_R137_T30TXS_20210814T230732,2021-08-14,0.27,52752,"['2015-09-10', '2022-07-12']"
1956,46.26978322,-1.204642907,S2A_MSIL2A_20201122T111401_R137_T30TXS_20201123T133326,2020-11-22,0.32,54116,"['2015-09-10', '2022-07-12']"
1959,46.05460035,-1.097532015,S2B_MSIL2A_20260226T105939_R094_T30TXS_20260226T145626,2026-02-26,0.0,54432,['2016-04-04']
1959,46.05460035,-1.097532015,S2A_MSIL2A_20240113T110411_R094_T30TXS_20240113T161144,2024-01-13,0.0,49064,['2016-04-04']
1959,46.05460035,-1.097532015,S2A_MSIL2A_20210717T105621_R094_T30TXS_20210717T231518,2021-07-17,0.18,53356,['2016-04-04']
1959,46.05460035,-1.097532015,S2B_MSIL2A_20190613T105629_R094_T30TXS_20201006T014914,2019-06-13,0.29,53836,['2016-04-04']
1959,46.05460035,-1.097532015,S2B_MSIL2A_20181115T110319_R094_T30TXS_20201008T185254,2018-11-15,0.39,53692,['2016-04-04']
1960,46.07762824,-1.096740501,S2A_MSIL2A_20180822T105621_R094_T30TXS_20201011T051900,2018-08-22,0.04,35100,['2016-04-04']
1960,46.07762824,-1.096740501,S2A_MSIL2A_20200910T105631_R094_T30TXS_20200912T023547,2020-09-10,0.07,34760,['2016-04-04']
1960,46.07762824,-1.096740501,S2A_MSIL2A_20181021T110101_R094_T30TXS_20201009T134651,2018-10-21,0.13,35128,['2016-04-04']
1960,46.07762824,-1.096740501,S2A_MSIL2A_20161031T110202_R094_T30TXS_20210213T160301,2016-10-31,0.2,32396,['2016-04-04']
1960,46.07762824,-1.096740501,S2B_MSIL2A_20190822T105629_R094_T30TXS_20201005T033703,2019-08-22,0.23,33652,['2016-04-04']
1964,45.99847344,-1.077298305,S2A_MSIL2A_20220811T105631_R094_T30TXS_20240712T212751,2022-08-11,0.0,37636,['2019-08-02']
1964,45.99847344,-1.077298305,S2B_MSIL2A_20241113T110219_R094_T30TXR_20241113T122953,2024-11-13,0.03,41100,['2019-08-02']
1964,45.99847344,-1.077298305,S2A_MSIL2A_20200403T105621_R094_T30TXR_20200924T194300,2020-04-03,0.04,41272,['2019-08-02']
1964,45.99847344,-1.077298305,S2B_MSIL2A_20200119T110259_R094_T30TXS_20201002T205259,2020-01-19,0.15,41896,['2019-08-02']
1964,45.99847344,-1.077298305,S2A_MSIL2A_20180901T105621_R094_T30TXR_20201011T070451,2018-09-01,0.23,37308,['2019-08-02']
1965,44.6736148,-1.158577776,S2B_MSIL2A_20250711T105619_R094_T30TXQ_20250711T132409,2025-07-11,0.0,62832,"['2017-04-09', '2017-04-29', '2020-05-28']"
1965,44.6736148,-1.158577776,S2A_MSIL2A_20220920T105741_R094_T30TXQ_20220920T224439,2022-09-20,0.0,62968,"['2017-04-09', '2017-04-29', '2020-05-28']"
1965,44.6736148,-1.158577776,S2B_MSIL2A_20221204T110329_R094_T30TXQ_20221204T204020,2022-12-04,0.1,63324,"['2017-04-09', '2017-04-29', '2020-05-28']"
1965,44.6736148,-1.158577776,S2A_MSIL2A_20210717T105621_R094_T30TXQ_20210717T234343,2021-07-17,0.18,63176,"['2017-04-09', '2017-04-29', '2020-05-28']"
1965,44.6736148,-1.158577776,S2A_MSIL2A_20200203T110241_R094_T30TXQ_20200930T151148,2020-02-03,0.22,63820,"['2017-04-09', '2017-04-29', '2020-05-28']"
1968,44.67308958,-1.126296759,S2B_MSIL2A_20220528T105619_R094_T30TXQ_20220529T065255,2022-05-28,0.0,66564,"['2017-04-09', '2017-04-29', '2020-05-28']"
1968,44.67308958,-1.126296759,S2A_MSIL2A_20230528T105621_R094_T30TXQ_20230528T185333,2023-05-28,0.0,66564,"['2017-04-09', '2017-04-29', '2020-05-28']"
1968,44.67308958,-1.126296759,S2A_MSIL2A_20221119T110341_R094_T30TXQ_20221120T001403,2022-11-19,0.0,66380,"['2017-04-09', '2017-04-29', '2020-05-28']"
1968,44.67308958,-1.126296759,S2A_MSIL2A_20160504T105622_R094_T30TXQ_20210211T082938,2016-05-04,0.0,66564,"['2017-04-09', '2017-04-29', '2020-05-28']"
1968,44.67308958,-1.126296759,S2A_MSIL2A_20200910T105631_R094_T30TXQ_20200912T023608,2020-09-10,0.0,66564,"['2017-04-09', '2017-04-29', '2020-05-28']"
1991,49.33390553,-0.241553366,S2B_MSIL2A_20230625T110619_R137_T30UYV_20230625T164634,2023-06-25,0.0,44376,['2021-07-17']
1991,49.33390553,-0.241553366,S2A_MSIL2A_20160815T110652_R137_T30UYV_20210212T143744,2016-08-15,0.0,44376,['2021-07-17']
1991,49.33390553,-0.241553366,S2A_MSIL2A_20230227T110011_R094_T30UXV_20230301T074040,2023-02-27,0.0,66556,['2021-07-17']
1991,49.33390553,-0.241553366,S2A_MSIL2A_20160507T110702_R137_T30UXV_20210211T092045,2016-05-07,0.0,66564,['2021-07-17']
1991,49.33390553,-0.241553366,S2A_MSIL2A_20180226T111011_R137_T30UYV_20201104T141719,2018-02-26,0.0,44376,['2021-07-17']
1992,49.33474078,-0.276749611,S2C_MSIL2A_20250825T105641_R094_T30UXV_20250825T154713,2025-08-25,0.0,66564,['2021-07-17']
1992,49.33474078,-0.276749611,S2B_MSIL2A_20230821T105629_R094_T30UXV_20230821T182038,2023-08-21,0.0,66564,['2021-07-17']
1992,49.33474078,-0.276749611,S2B_MSIL2A_20190921T105739_R094_T30UXV_20201004T154945,2019-09-21,0.0,66564,['2021-07-17']
1992,49.33474078,-0.276749611,S2A_MSIL2A_20190419T105621_R094_T30UXV_20201007T035512,2019-04-19,0.0,66564,['2021-07-17']
1992,49.33474078,-0.276749611,S2B_MSIL2A_20220207T110119_R094_T30UXV_20220220T004413,2022-02-07,0.0,66564,['2021-07-17']
1994,49.34202443,-0.42543366,S2A_MSIL2A_20170827T105651_R094_T30UXV_20210201T121158,2017-08-27,0.09,51820,['2022-05-28']
1994,49.34202443,-0.42543366,S2A_MSIL2A_20211008T110951_R137_T30UXV_20211009T002152,2021-10-08,0.18,52840,['2022-05-28']
1994,49.34202443,-0.42543366,S2B_MSIL2A_20180419T105619_R094_T30UXV_20201013T001013,2018-04-19,0.34,52424,['2022-05-28']
1994,49.34202443,-0.42543366,S2A_MSIL2A_20230227T110011_R094_T30UXV_20230301T074040,2023-02-27,0.49,50108,['2022-05-28']
1994,49.34202443,-0.42543366,S2A_MSIL2A_20160504T105622_R094_T30UXV_20210211T082927,2016-05-04,3.19,48644,['2022-05-28']
1995,49.35040199,-0.571513131,S2B_MSIL2A_20241004T105819_R094_T30UXV_20241004T134001,2024-10-04,0.0,52668,['2020-07-10']
1995,49.35040199,-0.571513131,S2A_MSIL2A_20220307T110921_R137_T30UXV_20220308T005819,2022-03-07,0.04,52056,['2020-07-10']
1995,49.35040199,-0.571513131,S2A_MSIL2A_20231217T111451_R137_T30UXV_20231220T065839,2023-12-17,0.05,52764,['2020-07-10']
1995,49.35040199,-0.571513131,S2A_MSIL2A_20201129T110421_R094_T30UXV_20201219T223606,2020-11-29,0.72,52568,['2020-07-10']
1995,49.35040199,-0.571513131,S2A_MSIL2A_20191108T111251_R137_T30UXV_20201003T142016,2019-11-08,4.02,50128,['2020-07-10']
1996,49.34965634,-0.536297468,S2A_MSIL2A_20260318T110731_R137_T30UXV_20260318T180922,2026-03-18,0.0,44768,"['2020-07-10', '2022-05-06']"
1996,49.34965634,-0.536297468,S2B_MSIL2A_20220710T110629_R137_T30UXV_20220712T103835,2022-07-10,0.0,43432,"['2020-07-10', '2022-05-06']"
1996,49.34965634,-0.536297468,S2A_MSIL2A_20250509T105651_R094_T30UXV_20250509T161212,2025-05-09,0.0,44276,"['2020-07-10', '2022-05-06']"
1996,49.34965634,-0.536297468,S2A_MSIL2A_20170827T105651_R094_T30UXV_20210201T121158,2017-08-27,0.07,44752,"['2020-07-10', '2022-05-06']"
1996,49.34965634,-0.536297468,S2A_MSIL2A_20200423T105621_R094_T30UXV_20200921T182249,2020-04-23,0.57,44656,"['2020-07-10', '2022-05-06']"
1998,49.35889992,-0.768517285,S2A_MSIL2A_20161130T110422_R094_T30UXV_20210415T063436,2016-11-30,0.0,55576,['2020-07-10']
1998,49.35889992,-0.768517285,S2B_MSIL2A_20260407T105619_R094_T30UXV_20260407T133134,2026-04-07,0.0,56092,['2020-07-10']
1998,49.35889992,-0.768517285,S2B_MSIL2A_20170706T110619_R137_T30UXV_20210210T053755,2017-07-06,0.03,55440,['2020-07-10']
1998,49.35889992,-0.768517285,S2B_MSIL2A_20190514T105629_R094_T30UXV_20201006T141136,2019-05-14,0.09,51936,['2020-07-10']
1998,49.35889992,-0.768517285,S2B_MSIL2A_20190325T105709_R094_T30UXV_20201007T103839,2019-03-25,0.12,55432,['2020-07-10']
1999,49.35957491,-0.803745338,S2B_MSIL2A_20240805T105619_R094_T30UXV_20240805T143427,2024-08-05,0.0,46740,['2020-07-10']
1999,49.35957491,-0.803745338,S2B_MSIL2A_20220227T105859_R094_T30UXV_20220302T193137,2022-02-27,0.0,45428,['2020-07-10']
1999,49.35957491,-0.803745338,S2A_MSIL2A_20241128T110411_R094_T30UXV_20241128T152055,2024-11-28,0.0,48316,['2020-07-10']
1999,49.35957491,-0.803745338,S2B_MSIL2A_20230615T110629_R137_T30UXV_20230615T164314,2023-06-15,0.0,45656,['2020-07-10']
1999,49.35957491,-0.803745338,S2A_MSIL2A_20210329T105631_R094_T30UXV_20210330T045555,2021-03-29,0.01,46252,['2020-07-10']
2000,49.3582142,-0.733290563,S2B_MSIL2A_20180926T110029_R094_T30UXV_20201009T051438,2018-09-26,0.0,62184,['2020-07-10']
2000,49.3582142,-0.733290563,S2B_MSIL2A_20210814T110619_R137_T30UXV_20210814T220055,2021-08-14,0.05,62608,['2020-07-10']
2000,49.3582142,-0.733290563,S2A_MSIL2A_20230905T105621_R094_T30UXV_20241105T134350,2023-09-05,0.06,62808,['2020-07-10']
2000,49.3582142,-0.733290563,S2B_MSIL2A_20190226T111049_R137_T30UXV_20201007T205847,2019-02-26,0.27,62168,['2020-07-10']
2000,49.3582142,-0.733290563,S2A_MSIL2A_20160315T110042_R094_T30UXV_20210528T154019,2016-03-15,0.35,60224,['2020-07-10']
2001,49.39439759,-1.048523809,S2B_MSIL2A_20220826T105619_R094_T30UXV_20240708T050349,2022-08-26,0.0,46100,['2020-06-22']
2001,49.39439759,-1.048523809,S2A_MSIL2A_20231217T111451_R137_T30UXV_20231220T065839,2023-12-17,0.04,46604,['2020-06-22']
2001,49.39439759,-1.048523809,S2B_MSIL2A_20240507T105619_R094_T30UXV_20240507T143114,2024-05-07,0.11,46012,['2020-06-22']
2001,49.39439759,-1.048523809,S2B_MSIL2A_20210814T110619_R137_T30UXV_20210814T220055,2021-08-14,0.12,46336,['2020-06-22']
2001,49.39439759,-1.048523809,S2A_MSIL2A_20190419T105621_R094_T30UXV_20201007T035512,2019-04-19,0.18,46340,['2020-06-22']
2002,49.39498755,-1.083783459,S2C_MSIL2A_20250619T110641_R137_T30UXV_20250619T151116,2025-06-19,0.0,57784,"['2020-06-22', '2021-07-17', '2022-07-05']"
2002,49.39498755,-1.083783459,S2B_MSIL2A_20191230T110349_R094_T30UXV_20201003T112548,2019-12-30,0.01,58488,"['2020-06-22', '2021-07-17', '2022-07-05']"
2002,49.39498755,-1.083783459,S2A_MSIL2A_20220324T105721_R094_T30UXV_20220325T014443,2022-03-24,0.02,58220,"['2020-06-22', '2021-07-17', '2022-07-05']"
2002,49.39498755,-1.083783459,S2A_MSIL2A_20170618T105621_R094_T30UXV_20210209T235439,2017-06-18,0.29,56076,"['2020-06-22', '2021-07-17', '2022-07-05']"
2002,49.39498755,-1.083783459,S2A_MSIL2A_20160524T105622_R094_T30UXV_20210211T135408,2016-05-24,0.36,58056,"['2020-06-22', '2021-07-17', '2022-07-05']"
2003,49.39023012,-1.107358189,S2B_MSIL2A_20231010T105859_R094_T30UXV_20231010T163648,2023-10-10,0.0,66008,"['2021-07-17', '2022-07-05']"
2003,49.39023012,-1.107358189,S2B_MSIL2A_20220207T110119_R094_T30UXV_20220220T004413,2022-02-07,0.0,66084,"['2021-07-17', '2022-07-05']"
2003,49.39023012,-1.107358189,S2A_MSIL2A_20190919T110721_R137_T30UXV_20201004T145231,2019-09-19,0.0,66100,"['2021-07-17', '2022-07-05']"
2003,49.39023012,-1.107358189,S2C_MSIL2A_20250619T110641_R137_T30UXV_20250619T151116,2025-06-19,0.0,65840,"['2021-07-17', '2022-07-05']"
2003,49.39023012,-1.107358189,S2A_MSIL2A_20230207T110221_R094_T30UXV_20240812T164314,2023-02-07,0.0,66140,"['2021-07-17', '2022-07-05']"
2004,49.3908021,-1.142616055,S2B_MSIL2A_20250402T105619_R094_T30UXV_20250402T150540,2025-04-02,0.0,64808,"['2021-07-17', '2022-07-05']"
2004,49.3908021,-1.142616055,S2B_MSIL2A_20200806T105619_R094_T30UXV_20200815T063159,2020-08-06,0.01,63608,"['2021-07-17', '2022-07-05']"
2004,49.3908021,-1.142616055,S2B_MSIL2A_20241024T110039_R094_T30UXV_20241024T133810,2024-10-24,0.58,58656,"['2021-07-17', '2022-07-05']"
2004,49.3908021,-1.142616055,S2B_MSIL2A_20200401T110619_R137_T30UXV_20200924T145151,2020-04-01,1.19,58136,"['2021-07-17', '2022-07-05']"
2004,49.3908021,-1.142616055,S2B_MSIL2A_20211122T111259_R137_T30UXV_20211123T021358,2021-11-22,9.18,59220,"['2021-07-17', '2022-07-05']"
2005,49.36778695,-1.143483525,S2B_MSIL2A_20230821T105629_R094_T30UXV_20230821T182038,2023-08-21,0.02,50284,"['2021-07-17', '2022-07-05']"
2005,49.36778695,-1.143483525,S2A_MSIL2A_20180603T110041_R094_T30UXV_20201103T060943,2018-06-03,0.09,50796,"['2021-07-17', '2022-07-05']"
2005,49.36778695,-1.143483525,S2A_MSIL2A_20210302T110951_R137_T30UXV_20210303T011812,2021-03-02,0.19,53400,"['2021-07-17', '2022-07-05']"
2005,49.36778695,-1.143483525,S2B_MSIL2A_20181118T111339_R137_T30UXV_20201008T194450,2018-11-18,2.59,42760,"['2021-07-17', '2022-07-05']"
2005,49.36778695,-1.143483525,S2B_MSIL2A_20180228T110029_R094_T30UXV_20201014T020337,2018-02-28,2.75,44136,"['2021-07-17', '2022-07-05']"
2010,49.36721543,-1.108242102,S2B_MSIL2A_20231010T105859_R094_T30UXV_20231010T163648,2023-10-10,0.0,32208,['2022-07-05']
2010,49.36721543,-1.108242102,S2B_MSIL2A_20180419T105619_R094_T30UXV_20201013T001013,2018-04-19,0.18,33008,['2022-07-05']
2010,49.36721543,-1.108242102,S2B_MSIL2A_20240131T111209_R137_T30UXV_20240131T151245,2024-01-31,0.21,32904,['2022-07-05']
2010,49.36721543,-1.108242102,S2B_MSIL2A_20240805T105619_R094_T30UXV_20240805T143427,2024-08-05,0.3,32604,['2022-07-05']
2010,49.36721543,-1.108242102,S2B_MSIL2A_20190524T105629_R094_T30UXV_20201006T175620,2019-05-24,0.3,32404,['2022-07-05']
2017,47.7961005,-3.733563673,S2B_MSIL2A_20190914T110649_R137_T30UVU_20201004T131131,2019-09-14,0.01,46824,['2020-06-23']
2017,47.7961005,-3.733563673,S2A_MSIL2A_20211008T110951_R137_T30UVU_20211009T005456,2021-10-08,0.06,46476,['2020-06-23']
2017,47.7961005,-3.733563673,S2A_MSIL2A_20240119T112401_R037_T30UVU_20240119T161200,2024-01-19,0.09,47844,['2020-06-23']
2017,47.7961005,-3.733563673,S2A_MSIL2A_20210404T112111_R037_T30TVT_20210523T082735,2021-04-04,0.18,45824,['2020-06-23']
2017,47.7961005,-3.733563673,S2A_MSIL2A_20200913T110701_R137_T30UVU_20200918T161646,2020-09-13,0.96,46896,['2020-06-23']
2021,47.55776673,-3.127817653,S2B_MSIL2A_20250306T110829_R137_T30TVT_20250306T133711,2025-03-06,0.13,47940,['2020-08-07']
2021,47.55776673,-3.127817653,S2A_MSIL2A_20231008T110941_R137_T30TVT_20231008T191432,2023-10-08,0.2,47872,['2020-08-07']
2021,47.55776673,-3.127817653,S2B_MSIL2A_20250515T110619_R137_T30TVT_20250515T132652,2025-05-15,0.66,46460,['2020-08-07']
2021,47.55776673,-3.127817653,S2B_MSIL2A_20200404T112109_R037_T30TVT_20200925T004206,2020-04-04,0.68,47736,['2020-08-07']
2021,47.55776673,-3.127817653,S2B_MSIL2A_20170914T110639_R137_T30TVT_20210202T024029,2017-09-14,2.48,46688,['2020-08-07']
2022,47.53473215,-3.127761667,S2B_MSIL2A_20230317T110719_R137_T30TVT_20230317T160407,2023-03-17,0.0,47696,"['2019-03-23', '2020-08-07']"
2022,47.53473215,-3.127761667,S2B_MSIL2A_20240503T112119_R037_T30TVT_20240503T144837,2024-05-03,0.0,47548,"['2019-03-23', '2020-08-07']"
2022,47.53473215,-3.127761667,S2B_MSIL2A_20240719T110619_R137_T30TVT_20240719T163420,2024-07-19,0.02,47112,"['2019-03-23', '2020-08-07']"
2022,47.53473215,-3.127761667,S2B_MSIL2A_20190709T112119_R037_T30TVT_20201005T114240,2019-07-09,0.28,47236,"['2019-03-23', '2020-08-07']"
2022,47.53473215,-3.127761667,S2B_MSIL2A_20210814T110619_R137_T30TVT_20210814T230718,2021-08-14,0.32,46844,"['2019-03-23', '2020-08-07']"
2024,47.48048828,-2.504088664,S2A_MSIL2A_20160815T110652_R137_T30TWT_20210212T143741,2016-08-15,0.0,50580,"['2020-07-30', '2022-04-16']"
2024,47.48048828,-2.504088664,S2B_MSIL2A_20230317T110719_R137_T30TWT_20230317T153721,2023-03-17,0.01,50756,"['2020-07-30', '2022-04-16']"
2024,47.48048828,-2.504088664,S2A_MSIL2A_20190601T110621_R137_T30TWT_20201005T204206,2019-06-01,0.04,50404,"['2020-07-30', '2022-04-16']"
2024,47.48048828,-2.504088664,S2A_MSIL2A_20180417T110651_R137_T30TWT_20201012T231809,2018-04-17,0.1,49900,"['2020-07-30', '2022-04-16']"
2024,47.48048828,-2.504088664,S2A_MSIL2A_20171208T111441_R137_T30TWT_20201014T124342,2017-12-08,1.88,49844,"['2020-07-30', '2022-04-16']"
2039,47.21782822,-2.227656024,S2A_MSIL2A_20220307T110921_R137_T30TWT_20220308T015849,2022-03-07,0.0,66564,['2022-06-15']
2039,47.21782822,-2.227656024,S2B_MSIL2A_20171113T111309_R137_T30TWT_20201014T194032,2017-11-13,0.0,66564,['2022-06-15']
2039,47.21782822,-2.227656024,S2B_MSIL2A_20210814T110619_R137_T30TWT_20210814T233629,2021-08-14,0.0,66564,['2022-06-15']
2039,47.21782822,-2.227656024,S2A_MSIL2A_20251228T111521_R137_T30TWT_20251228T131811,2025-12-28,0.0,66564,['2022-06-15']
2039,47.21782822,-2.227656024,S2B_MSIL2A_20211122T111259_R137_T30TWT_20211123T023125,2021-11-22,0.01,66560,['2022-06-15']
2040,47.24086203,-2.227321323,S2B_MSIL2A_20240808T110619_R137_T30TWT_20240808T125104,2024-08-08,0.0,66564,['2022-06-15']
2040,47.24086203,-2.227321323,S2C_MSIL2A_20250609T110641_R137_T30TWT_20250609T150626,2025-06-09,0.0,66564,['2022-06-15']
2040,47.24086203,-2.227321323,S2A_MSIL2A_20210322T110731_R137_T30TWT_20210323T054943,2021-03-22,0.0,66564,['2022-06-15']
2040,47.24086203,-2.227321323,S2A_MSIL2A_20160716T110622_R137_T30TWT_20210212T050713,2016-07-16,0.0,66564,['2022-06-15']
2040,47.24086203,-2.227321323,S2B_MSIL2A_20230903T110629_R137_T30TWT_20241023T081939,2023-09-03,0.0,66564,['2022-06-15']
2051,47.16246635,-2.212056224,S2A_MSIL2A_20251228T111521_R137_T30TWT_20251228T131811,2025-12-28,0.0,51904,['2022-07-30']
2051,47.16246635,-2.212056224,S2B_MSIL2A_20230215T111049_R137_T30TWT_20230215T215821,2023-02-15,0.0,51532,['2022-07-30']
2051,47.16246635,-2.212056224,S2C_MSIL2A_20250609T110641_R137_T30TWT_20250609T150626,2025-06-09,0.0,49068,['2022-07-30']
2051,47.16246635,-2.212056224,S2A_MSIL2A_20181004T110911_R137_T30TWT_20201009T075749,2018-10-04,0.08,51496,['2022-07-30']
2051,47.16246635,-2.212056224,S2B_MSIL2A_20220121T111249_R137_T30TWT_20220122T085701,2022-01-21,0.2,48364,['2022-07-30']
2054,46.68782037,-2.32740526,S2B_MSIL2A_20240609T110619_R137_T30TWS_20240609T154646,2024-06-09,0.0,39876,['2022-05-06']
2054,46.68782037,-2.32740526,S2B_MSIL2A_20230304T105849_R094_T30TWS_20230304T162758,2023-03-04,0.0,40620,['2022-05-06']
2054,46.68782037,-2.32740526,S2B_MSIL2A_20190713T105629_R094_T30TWS_20201005T133618,2019-07-13,0.02,40708,['2022-05-06']
2054,46.68782037,-2.32740526,S2A_MSIL2A_20231224T110451_R094_T30TWS_20231224T161724,2023-12-24,0.07,41052,['2022-05-06']
2054,46.68782037,-2.32740526,S2B_MSIL2A_20171113T111309_R137_T30TWS_20201014T194028,2017-11-13,0.28,40792,['2022-05-06']
2055,46.6876187,-2.293929367,S2A_MSIL2A_20251016T110051_R094_T30TWS_20251016T150118,2025-10-16,0.12,52204,['2022-05-06']
2055,46.6876187,-2.293929367,S2B_MSIL2A_20210423T105619_R094_T30TWS_20210525T005336,2021-04-23,0.17,51200,['2022-05-06']
2055,46.6876187,-2.293929367,S2A_MSIL2A_20201122T111401_R137_T30TWS_20201123T133238,2020-11-22,0.32,52056,['2022-05-06']
2055,46.6876187,-2.293929367,S2A_MSIL2A_20200206T111231_R137_T30TWS_20201001T013629,2020-02-06,0.34,52116,['2022-05-06']
2055,46.6876187,-2.293929367,S2A_MSIL2A_20160315T110042_R094_T30TWS_20210528T153951,2016-03-15,0.39,51664,['2022-05-06']
2063,45.67634721,-1.175251666,S2B_MSIL2A_20230930T105749_R094_T30TXR_20230930T161908,2023-09-30,0.04,35952,['2020-07-27']
2063,45.67634721,-1.175251666,S2B_MSIL2A_20250711T105619_R094_T30TXR_20250711T132409,2025-07-11,0.04,34816,['2020-07-27']
2063,45.67634721,-1.175251666,S2A_MSIL2A_20181021T110101_R094_T30TXR_20201009T134648,2018-10-21,0.9,38540,['2020-07-27']
2063,45.67634721,-1.175251666,S2A_MSIL2A_20220212T110151_R094_T30TXR_20220222T075716,2022-02-12,0.99,40428,['2020-07-27']
2063,45.67634721,-1.175251666,S2A_MSIL2A_20240502T105621_R094_T30TXR_20240502T161511,2024-05-02,3.24,40304,['2020-07-27']
2064,44.54227747,-1.263743534,S2A_MSIL2A_20230528T105621_R094_T30TXQ_20230528T185333,2023-05-28,0.5,53376,['2021-08-31']
2064,44.54227747,-1.263743534,S2B_MSIL2A_20190613T105629_R094_T30TXQ_20201006T014914,2019-06-13,0.52,53696,['2021-08-31']
2064,44.54227747,-1.263743534,S2A_MSIL2A_20190330T105631_R094_T30TXQ_20201007T121840,2019-03-30,1.39,55356,['2021-08-31']
2064,44.54227747,-1.263743534,S2A_MSIL2A_20251225T110511_R094_T30TXQ_20251225T145009,2025-12-25,1.59,54084,['2021-08-31']
2064,44.54227747,-1.263743534,S2A_MSIL2A_20191205T110431_R094_T30TXQ_20201003T005704,2019-12-05,1.7,55140,['2021-08-31']
2065,44.56531361,-1.263058248,S2A_MSIL2A_20260206T110621_R094_T30TXQ_20260206T160218,2026-02-06,0.0,62736,['2021-08-31']
2065,44.56531361,-1.263058248,S2A_MSIL2A_20250906T105651_R094_T30TXQ_20250906T174617,2025-09-06,0.02,66552,['2021-08-31']
2065,44.56531361,-1.263058248,S2B_MSIL2A_20231010T105859_R094_T30TXQ_20231010T163854,2023-10-10,0.05,64800,['2021-08-31']
2065,44.56531361,-1.263058248,S2B_MSIL2A_20230821T105629_R094_T30TXQ_20230821T192036,2023-08-21,1.75,63336,['2021-08-31']
2065,44.56531361,-1.263058248,S2B_MSIL2A_20200528T105619_R094_T30TXQ_20200919T002725,2020-05-28,3.23,52708,['2021-08-31']
2066,44.51924123,-1.264428,S2B_MSIL2A_20220528T105619_R094_T30TXQ_20220529T065255,2022-05-28,0.64,48316,['2021-08-31']
2066,44.51924123,-1.264428,S2A_MSIL2A_20180901T105621_R094_T30TXQ_20201011T070453,2018-09-01,1.98,48832,['2021-08-31']
2066,44.51924123,-1.264428,S2B_MSIL2A_20200528T105619_R094_T30TXQ_20200919T002725,2020-05-28,2.34,49588,['2021-08-31']
2066,44.51924123,-1.264428,S2A_MSIL2A_20190330T105631_R094_T30TXQ_20201007T121840,2019-03-30,3.08,50236,['2021-08-31']
2066,44.51924123,-1.264428,S2B_MSIL2A_20180509T105619_R094_T30TXQ_20201012T075247,2018-05-09,4.73,47640,['2021-08-31']
2076,43.66625548,-1.4614528,S2B_MSIL2A_20190613T105629_R094_T30TXP_20201006T014910,2019-06-13,0.06,66100,['2020-10-30']
2076,43.66625548,-1.4614528,S2B_MSIL2A_20200727T105619_R094_T30TXP_20200817T191251,2020-07-27,0.06,66064,['2020-10-30']
2076,43.66625548,-1.4614528,S2B_MSIL2A_20210930T105749_R094_T30TXP_20211001T215638,2021-09-30,0.09,66060,['2020-10-30']
2076,43.66625548,-1.4614528,S2A_MSIL2A_20170419T105621_R094_T30TXP_20210209T085649,2017-04-19,0.12,66020,['2020-10-30']
2076,43.66625548,-1.4614528,S2A_MSIL2A_20160822T105652_R094_T30TXP_20210212T165506,2016-08-22,0.13,66000,['2020-10-30']
2101,47.49629361,-2.479036029,S2B_MSIL2A_20200411T110619_R137_T30TWT_20200923T031555,2020-04-11,0.01,40044,['2022-01-01']
2101,47.49629361,-2.479036029,S2A_MSIL2A_20180507T110621_R137_T30TWT_20201026T085614,2018-05-07,0.04,40540,['2022-01-01']
2101,47.49629361,-2.479036029,S2B_MSIL2A_20171014T110959_R137_T30TWT_20201019T212310,2017-10-14,0.05,43100,['2022-01-01']
2101,47.49629361,-2.479036029,S2B_MSIL2A_20181118T111339_R137_T30TWT_20201008T194450,2018-11-18,0.34,43368,['2022-01-01']
2101,47.49629361,-2.479036029,S2B_MSIL2A_20231122T111259_R137_T30TWT_20231122T154405,2023-11-22,1.59,43168,['2022-01-01']
2121,46.43453793,-1.682940143,S2B_MSIL2A_20220528T105619_R094_T30TWS_20240618T000210,2022-05-28,0.0,52244,['2019-05-24']
2121,46.43453793,-1.682940143,S2C_MSIL2A_20250318T105821_R094_T30TXS_20250318T151218,2025-03-18,0.0,48512,['2019-05-24']
2121,46.43453793,-1.682940143,S2B_MSIL2A_20251228T110359_R094_T30TWS_20251228T133544,2025-12-28,0.0,52868,['2019-05-24']
2121,46.43453793,-1.682940143,S2A_MSIL2A_20200206T111231_R137_T30TWS_20201001T013629,2020-02-06,0.09,52644,['2019-05-24']
2121,46.43453793,-1.682940143,S2A_MSIL2A_20161130T110422_R094_T30TWS_20210415T063353,2016-11-30,0.16,52064,['2019-05-24']
2122,46.41150485,-1.683494785,S2A_MSIL2A_20161213T111452_R137_T30TWS_20210213T203636,2016-12-13,0.0,66564,['2019-05-24']
2122,46.41150485,-1.683494785,S2A_MSIL2A_20211217T111451_R137_T30TWS_20211218T002548,2021-12-17,0.0,66564,['2019-05-24']
2122,46.41150485,-1.683494785,S2A_MSIL2A_20201229T110451_R094_T30TXS_20201229T205551,2020-12-29,0.0,63984,['2019-05-24']
2122,46.41150485,-1.683494785,S2A_MSIL2A_20180613T105621_R094_T30TWS_20201026T234130,2018-06-13,0.0,66564,['2019-05-24']
2122,46.41150485,-1.683494785,S2B_MSIL2A_20240510T110619_R137_T30TXS_20240510T140911,2024-05-10,0.0,63984,['2019-05-24']
2162,47.76303175,-3.643933569,S2C_MSIL2A_20250410T110641_R137_T30TVT_20250410T164104,2025-04-10,0.0,64012,['2021-08-14']
2162,47.76303175,-3.643933569,S2A_MSIL2A_20181004T110911_R137_T30TVT_20201030T221749,2018-10-04,0.0,64340,['2021-08-14']
2162,47.76303175,-3.643933569,S2A_MSIL2A_20200529T112121_R037_T30TVT_20200911T092052,2020-05-29,0.0,63744,['2021-08-14']
2162,47.76303175,-3.643933569,S2A_MSIL2A_20230121T111351_R137_T30TVT_20230123T000005,2023-01-21,0.0,63908,['2021-08-14']
2162,47.76303175,-3.643933569,S2A_MSIL2A_20260410T112131_R037_T30TVT_20260410T195511,2026-04-10,0.01,63936,['2021-08-14']
2163,47.76321832,-3.609773285,S2B_MSIL2A_20250306T110829_R137_T30TVT_20250306T133711,2025-03-06,0.01,51212,['2021-08-14']
2163,47.76321832,-3.609773285,S2A_MSIL2A_20260318T110731_R137_T30TVT_20260318T180922,2026-03-18,0.02,51464,['2021-08-14']
2163,47.76321832,-3.609773285,S2A_MSIL2A_20210613T112111_R037_T30TVT_20210624T085625,2021-06-13,0.03,50868,['2021-08-14']
2163,47.76321832,-3.609773285,S2A_MSIL2A_20251101T112241_R037_T30TVT_20251101T151319,2025-11-01,0.06,51200,['2021-08-14']
2163,47.76321832,-3.609773285,S2A_MSIL2A_20200206T111231_R137_T30TVT_20201001T013618,2020-02-06,0.09,51932,['2021-08-14']
2200,42.87457838,3.025888864,S2C_MSIL2A_20250401T104041_R008_T31TEH_20250401T162119,2025-04-01,0.0,59140,['2021-06-21']
2200,42.87457838,3.025888864,S2C_MSIL2A_20250630T104041_R008_T31TEH_20250630T161206,2025-06-30,0.0,59124,['2021-06-21']
2200,42.87457838,3.025888864,S2A_MSIL2A_20221004T103911_R008_T31TEH_20240723T042422,2022-10-04,0.0,59260,['2021-06-21']
2200,42.87457838,3.025888864,S2C_MSIL2A_20251217T104451_R008_T31TEH_20251217T144413,2025-12-17,0.0,59828,['2021-06-21']
2200,42.87457838,3.025888864,S2B_MSIL2A_20250903T103619_R008_T31TDH_20250903T144103,2025-09-03,0.0,59308,['2021-06-21']
2201,42.85152479,3.025879233,S2A_MSIL2A_20260408T104041_R008_T31TEH_20260408T184613,2026-04-08,0.0,41500,['2021-06-21']
2201,42.85152479,3.025879233,S2B_MSIL2A_20241127T104309_R008_T31TDH_20241127T131852,2024-11-27,0.0,42564,['2021-06-21']
2201,42.85152479,3.025879233,S2A_MSIL2A_20221004T103911_R008_T31TEH_20240723T042422,2022-10-04,0.02,41532,['2021-06-21']
2201,42.85152479,3.025879233,S2A_MSIL2A_20211218T104441_R008_T31TDH_20211218T221327,2021-12-18,0.71,42652,['2021-06-21']
2201,42.85152479,3.025879233,S2A_MSIL2A_20190222T104041_R008_T31TEH_20201007T192629,2019-02-22,1.18,41196,['2021-06-21']
2207,43.498852,4.11534,S2B_MSIL2A_20240511T103629_R008_T31TEJ_20240511T135949,2024-05-11,0.0,36468,['2022-03-25']
2207,43.498852,4.11534,S2A_MSIL2A_20260217T103501_R108_T31TEJ_20260217T153909,2026-02-17,0.0,43164,['2022-03-25']
2207,43.498852,4.11534,S2B_MSIL2A_20220708T102559_R108_T31TEJ_20220708T222635,2022-07-08,0.09,36024,['2022-03-25']
2207,43.498852,4.11534,S2A_MSIL2A_20170523T104031_R008_T31TEJ_20210209T173511,2017-05-23,0.18,37472,['2022-03-25']
2207,43.498852,4.11534,S2B_MSIL2A_20190604T103029_R108_T31TEJ_20201005T220751,2019-06-04,0.42,36820,['2022-03-25']
2209,43.43503032,3.632489176,S2A_MSIL2A_20220417T103631_R008_T31TEJ_20240609T123044,2022-04-17,0.0,48000,['2022-08-20']
2209,43.43503032,3.632489176,S2A_MSIL2A_20230502T103621_R008_T31TEJ_20240902T015129,2023-05-02,0.01,47948,['2022-08-20']
2209,43.43503032,3.632489176,S2B_MSIL2A_20240112T104319_R008_T31TEJ_20240113T012509,2024-01-12,0.01,47992,['2022-08-20']
2209,43.43503032,3.632489176,S2B_MSIL2A_20190627T104029_R008_T31TEJ_20201006T070958,2019-06-27,0.04,47324,['2022-08-20']
2209,43.43503032,3.632489176,S2A_MSIL2A_20170612T104021_R008_T31TEJ_20210209T222600,2017-06-12,0.09,47492,['2022-08-20']
2210,43.41180123,3.663867075,S2B_MSIL2A_20250903T103619_R008_T31TEJ_20250903T144103,2025-09-03,0.0,34868,['2022-08-20']
2210,43.41180123,3.663867075,S2B_MSIL2A_20220611T103629_R008_T31TEJ_20240629T153630,2022-06-11,0.0,34344,['2022-08-20']
2210,43.41180123,3.663867075,S2A_MSIL2A_20251229T104501_R008_T31TEJ_20251229T144308,2025-12-29,0.04,36304,['2022-08-20']
2210,43.41180123,3.663867075,S2A_MSIL2A_20190324T104021_R008_T31TEJ_20201007T100331,2019-03-24,0.31,34968,['2022-08-20']
2210,43.41180123,3.663867075,S2A_MSIL2A_20200805T104031_R008_T31TEJ_20200815T023216,2020-08-05,0.38,34564,['2022-08-20']
2212,43.468133,3.820833,S2B_MSIL2A_20250903T103619_R008_T31TEJ_20250903T144103,2025-09-03,0.0,50976,['2017-07-17']
2212,43.468133,3.820833,S2A_MSIL2A_20230909T103631_R008_T31TEJ_20230909T181722,2023-09-09,0.02,51188,['2017-07-17']
2212,43.468133,3.820833,S2B_MSIL2A_20240421T103629_R008_T31TEJ_20240421T135604,2024-04-21,0.02,50756,['2017-07-17']
2212,43.468133,3.820833,S2B_MSIL2A_20250205T104129_R008_T31TEJ_20250205T131124,2025-02-05,0.21,51072,['2017-07-17']
2212,43.468133,3.820833,S2A_MSIL2A_20220117T104401_R008_T31TEJ_20220118T023535,2022-01-17,0.97,51108,['2017-07-17']
2213,43.43613922,3.773872825,S2A_MSIL2A_20250811T103701_R008_T31TEJ_20250811T173718,2025-08-11,0.01,50120,"['2016-12-24', '2017-06-22', '2018-12-29']"
2213,43.43613922,3.773872825,S2A_MSIL2A_20220726T103631_R008_T31TEJ_20220728T033557,2022-07-26,0.02,49384,"['2016-12-24', '2017-06-22', '2018-12-29']"
2213,43.43613922,3.773872825,S2B_MSIL2A_20250406T103629_R008_T31TEJ_20250406T133008,2025-04-06,0.08,50680,"['2016-12-24', '2017-06-22', '2018-12-29']"
2213,43.43613922,3.773872825,S2A_MSIL2A_20160826T104022_R008_T31TEJ_20210212T181912,2016-08-26,0.18,50120,"['2016-12-24', '2017-06-22', '2018-12-29']"
2213,43.43613922,3.773872825,S2A_MSIL2A_20210323T104021_R008_T31TEJ_20210323T212012,2021-03-23,0.35,50716,"['2016-12-24', '2017-06-22', '2018-12-29']"
2216,43.45751813,4.462853045,S2A_MSIL2A_20251229T104501_R008_T31TFJ_20251229T144308,2025-12-29,0.07,57488,['2022-06-18']
2216,43.45751813,4.462853045,S2A_MSIL2A_20231115T103311_R108_T31TFJ_20241102T212355,2023-11-15,0.21,55316,['2022-06-18']
2216,43.45751813,4.462853045,S2A_MSIL2A_20190927T103021_R108_T31TFJ_20201004T173838,2019-09-27,0.27,49800,['2022-06-18']
2216,43.45751813,4.462853045,S2B_MSIL2A_20201105T103229_R108_T31TFJ_20201107T015325,2020-11-05,0.38,52508,['2022-06-18']
2216,43.45751813,4.462853045,S2B_MSIL2A_20230213T103039_R108_T31TFJ_20230213T234622,2023-02-13,0.4,55188,['2022-06-18']
2242,43.40813015,5.15436029,S2B_MSIL2A_20220731T103629_R008_T31TFJ_20220801T090650,2022-07-31,0.1,53212,"['2018-09-07', '2020-10-24']"
2242,43.40813015,5.15436029,S2B_MSIL2A_20231001T102739_R108_T31TFJ_20231001T155012,2023-10-01,0.23,54032,"['2018-09-07', '2020-10-24']"
2242,43.40813015,5.15436029,S2C_MSIL2A_20250610T103641_R008_T31TFJ_20250610T132001,2025-06-10,0.26,54116,"['2018-09-07', '2020-10-24']"
2242,43.40813015,5.15436029,S2B_MSIL2A_20190227T104019_R008_T31TFJ_20201007T212020,2019-02-27,1.06,54584,"['2018-09-07', '2020-10-24']"
2242,43.40813015,5.15436029,S2A_MSIL2A_20181025T104121_R008_T31TFJ_20201009T150840,2018-10-25,1.1,53920,"['2018-09-07', '2020-10-24']"
2243,43.43056483,5.186784536,S2B_MSIL2A_20220201T104149_R008_T31TFJ_20220217T035629,2022-02-01,0.0,47284,"['2018-09-07', '2020-10-24', '2022-06-18']"
2243,43.43056483,5.186784536,S2A_MSIL2A_20220911T102621_R108_T31TFJ_20220912T203710,2022-09-11,0.01,46604,"['2018-09-07', '2020-10-24', '2022-06-18']"
2243,43.43056483,5.186784536,S2B_MSIL2A_20240806T102559_R108_T31TFJ_20240806T134756,2024-08-06,0.07,46332,"['2018-09-07', '2020-10-24', '2022-06-18']"
2243,43.43056483,5.186784536,S2A_MSIL2A_20251010T104001_R008_T31TFJ_20251010T153019,2025-10-10,0.1,46856,"['2018-09-07', '2020-10-24', '2022-06-18']"
2243,43.43056483,5.186784536,S2B_MSIL2A_20250205T104129_R008_T31TFJ_20250205T131124,2025-02-05,0.13,48156,"['2018-09-07', '2020-10-24', '2022-06-18']"
2245,43.40872127,5.122764302,S2A_MSIL2A_20231009T103931_R008_T31TFJ_20231009T190957,2023-10-09,0.0,58040,"['2018-09-07', '2020-10-24', '2022-11-20']"
2245,43.40872127,5.122764302,S2A_MSIL2A_20220703T102611_R108_T31TFJ_20240701T074000,2022-07-03,0.0,57456,"['2018-09-07', '2020-10-24', '2022-11-20']"
2245,43.40872127,5.122764302,S2B_MSIL2A_20250215T104029_R008_T31TFJ_20250215T125800,2025-02-15,0.0,58200,"['2018-09-07', '2020-10-24', '2022-11-20']"
2245,43.40872127,5.122764302,S2A_MSIL2A_20240304T102921_R108_T31TFJ_20240313T203725,2024-03-04,0.05,58064,"['2018-09-07', '2020-10-24', '2022-11-20']"
2245,43.40872127,5.122764302,S2A_MSIL2A_20190324T104021_R008_T31TFJ_20201007T100329,2019-03-24,0.4,57720,"['2018-09-07', '2020-10-24', '2022-11-20']"
2263,43.10202119,5.955775175,S2A_MSIL2A_20250629T102701_R108_T31TGH_20250629T143707,2025-06-29,0.0,46468,['2022-05-09']
2263,43.10202119,5.955775175,S2B_MSIL2A_20250920T102619_R108_T31TGH_20250920T142941,2025-09-20,0.0,46532,['2022-05-09']
2263,43.10202119,5.955775175,S2A_MSIL2A_20240821T103021_R108_T31TGH_20240821T182252,2024-08-21,0.03,46460,['2022-05-09']
2263,43.10202119,5.955775175,S2B_MSIL2A_20180828T103019_R108_T31TGH_20201103T091251,2018-08-28,0.27,46412,['2022-05-09']
2263,43.10202119,5.955775175,S2A_MSIL2A_20190321T103021_R108_T31TGH_20201007T085540,2019-03-21,0.4,46616,['2022-05-09']
2264,43.10282913,5.924356533,S2B_MSIL2A_20250113T103309_R108_T31TGH_20250113T124201,2025-01-13,0.06,56076,['2022-05-09']
2264,43.10282913,5.924356533,S2A_MSIL2A_20221120T103331_R108_T31TGH_20221120T234931,2022-11-20,0.07,55868,['2022-05-09']
2264,43.10282913,5.924356533,S2A_MSIL2A_20240722T103031_R108_T31TGH_20240722T212706,2024-07-22,0.08,55664,['2022-05-09']
2264,43.10282913,5.924356533,S2B_MSIL2A_20220228T102849_R108_T31TGH_20220303T083022,2022-02-28,0.13,55924,['2022-05-09']
2264,43.10282913,5.924356533,S2A_MSIL2A_20231105T103221_R108_T31TGH_20231105T173231,2023-11-05,0.46,55828,['2022-05-09']
2295,43.45669112,4.526118283,S2C_MSIL2A_20260126T104321_R008_T31TFJ_20260126T141116,2026-01-26,0.0,52384,['2019-12-31']
2295,43.45669112,4.526118283,S2B_MSIL2A_20230104T103329_R108_T31TFJ_20230104T202552,2023-01-04,0.05,53780,['2019-12-31']
2295,43.45669112,4.526118283,S2A_MSIL2A_20250530T103041_R108_T31TFJ_20250530T142711,2025-05-30,0.23,38820,['2019-12-31']
2295,43.45669112,4.526118283,S2B_MSIL2A_20211120T103239_R108_T31TFJ_20211120T233414,2021-11-20,0.38,43664,['2019-12-31']
2295,43.45669112,4.526118283,S2A_MSIL2A_20170420T103021_R108_T31TFJ_20210209T091353,2017-04-20,0.66,38148,['2019-12-31']
