ID,center_lat,center_lon,sat_item,date,local_cloud_cover,water_pixels,original_dates_list
360,26.64266092,-82.21916444,S2B_MSIL2A_20191110T160459_R097_T17RLK_20201003T151338,2019-11-10,0.4,62160,['2018-08-07']
360,26.64266092,-82.21916444,S2C_MSIL2A_20260221T160301_R097_T17RLK_20260221T192217,2026-02-21,0.63,62856,['2018-08-07']
360,26.64266092,-82.21916444,S2C_MSIL2A_20251113T160531_R097_T17RLK_20251113T194111,2025-11-13,0.66,62756,['2018-08-07']
361,26.64287913,-82.19344844,S2A_MSIL2A_20180305T160131_R097_T17RLK_20201013T065315,2018-03-05,0.0,59200,"['2018-08-07', '2023-02-07']"
361,26.64287913,-82.19344844,S2B_MSIL2A_20200707T155819_R097_T17RLK_20200912T094138,2020-07-07,0.0,59004,"['2018-08-07', '2023-02-07']"
361,26.64287913,-82.19344844,S2A_MSIL2A_20190728T155911_R097_T17RLK_20201106T040318,2019-07-28,0.0,59156,"['2018-08-07', '2023-02-07']"
361,26.64287913,-82.19344844,S2B_MSIL2A_20171120T160539_R097_T17RLK_20201014T211532,2017-11-20,0.0,58992,"['2018-08-07', '2023-02-07']"
361,26.64287913,-82.19344844,S2A_MSIL2A_20160214T160352_R097_T17RLK_20210528T063443,2016-02-14,0.0,58636,"['2018-08-07', '2023-02-07']"
362,26.66598843,-82.19368883,S2A_MSIL2A_20161110T160502_R097_T17RLK_20210414T034146,2016-11-10,0.0,60280,"['2018-08-07', '2020-10-15', '2023-02-07']"
362,26.66598843,-82.19368883,S2A_MSIL2A_20220831T155831_R097_T17RLK_20220901T183018,2022-08-31,0.0,60312,"['2018-08-07', '2020-10-15', '2023-02-07']"
362,26.66598843,-82.19368883,S2C_MSIL2A_20250206T160501_R097_T17RLK_20250206T192610,2025-02-06,0.0,61236,"['2018-08-07', '2020-10-15', '2023-02-07']"
362,26.66598843,-82.19368883,S2A_MSIL2A_20170817T155901_R097_T17RLK_20210201T031945,2017-08-17,0.0,60180,"['2018-08-07', '2020-10-15', '2023-02-07']"
362,26.66598843,-82.19368883,S2A_MSIL2A_20210128T160521_R097_T17RLK_20210129T081603,2021-01-28,0.01,60280,"['2018-08-07', '2020-10-15', '2023-02-07']"
363,26.68909765,-82.1939295,S2B_MSIL2A_20181205T160639_R097_T17RLK_20201008T074221,2018-12-05,0.0,60104,"['2018-08-07', '2019-11-10']"
363,26.68909765,-82.1939295,S2B_MSIL2A_20200905T155829_R097_T17RLK_20201027T145935,2020-09-05,0.0,60020,"['2018-08-07', '2019-11-10']"
363,26.68909765,-82.1939295,S2A_MSIL2A_20170926T160021_R097_T17RLK_20210202T100817,2017-09-26,0.0,60012,"['2018-08-07', '2019-11-10']"
363,26.68909765,-82.1939295,S2B_MSIL2A_20190325T155909_R097_T17RLK_20201007T104120,2019-03-25,0.0,60160,"['2018-08-07', '2019-11-10']"
363,26.68909765,-82.1939295,S2A_MSIL2A_20251215T160711_R097_T17RLK_20251215T193112,2025-12-15,0.22,60824,"['2018-08-07', '2019-11-10']"
368,25.93538605,-81.74280398,S2B_MSIL2A_20241213T160559_R097_T17RMJ_20241213T200052,2024-12-13,0.0,50908,['2019-10-11']
368,25.93538605,-81.74280398,S2C_MSIL2A_20251123T160611_R097_T17RMJ_20251123T194016,2025-11-23,0.24,50648,['2019-10-11']
368,25.93538605,-81.74280398,S2C_MSIL2A_20250308T160141_R097_T17RMJ_20250308T210216,2025-03-08,0.27,50760,['2019-10-11']
368,25.93538605,-81.74280398,S2B_MSIL2A_20260328T155859_R097_T17RMJ_20260328T200110,2026-03-28,1.02,50056,['2019-10-11']
368,25.93538605,-81.74280398,S2B_MSIL2A_20230702T155829_R097_T17RMJ_20230702T233421,2023-07-02,5.02,47312,['2019-10-11']
369,25.88928506,-81.71696029,S2B_MSIL2A_20221025T160339_R097_T17RMJ_20240724T153558,2022-10-25,0.0,60100,['2019-10-11']
369,25.88928506,-81.71696029,S2A_MSIL2A_20221219T160701_R097_T17RMJ_20221220T130546,2022-12-19,0.07,60160,['2019-10-11']
369,25.88928506,-81.71696029,S2B_MSIL2A_20250919T155839_R097_T17RMJ_20250919T211656,2025-09-19,0.91,59492,['2019-10-11']
369,25.88928506,-81.71696029,S2A_MSIL2A_20160822T155902_R097_T17RMJ_20210212T165915,2016-08-22,1.87,58860,['2019-10-11']
369,25.88928506,-81.71696029,S2A_MSIL2A_20171125T160611_R097_T17RMJ_20201014T221125,2017-11-25,2.01,59296,['2019-10-11']
370,27.84509532,-82.47111125,S2A_MSIL2A_20221209T160651_R097_T17RLL_20221210T144518,2022-12-09,0.0,39448,['2021-07-12']
370,27.84509532,-82.47111125,S2A_MSIL2A_20231104T160431_R097_T17RLL_20231104T224159,2023-11-04,0.0,39056,['2021-07-12']
370,27.84509532,-82.47111125,S2A_MSIL2A_20220821T155921_R097_T17RLL_20240704T072134,2022-08-21,0.0,38840,['2021-07-12']
370,27.84509532,-82.47111125,S2A_MSIL2A_20240502T155901_R097_T17RLL_20240503T001348,2024-05-02,0.0,38720,['2021-07-12']
370,27.84509532,-82.47111125,S2A_MSIL2A_20170509T155911_R097_T17RLL_20210209T141900,2017-05-09,0.16,38488,['2021-07-12']
371,27.82199253,-82.47079967,S2C_MSIL2A_20251113T160531_R097_T17RLL_20251113T194111,2025-11-13,0.0,51060,['2021-07-12']
371,27.82199253,-82.47079967,S2A_MSIL2A_20220821T155921_R097_T17RLL_20240704T072134,2022-08-21,0.0,50620,['2021-07-12']
371,27.82199253,-82.47079967,S2B_MSIL2A_20221025T160339_R097_T17RLL_20240724T153558,2022-10-25,0.0,50764,['2021-07-12']
371,27.82199253,-82.47079967,S2B_MSIL2A_20181205T160639_R097_T17RLL_20201008T074224,2018-12-05,0.02,50748,['2021-07-12']
371,27.82199253,-82.47079967,S2A_MSIL2A_20190529T155911_R097_T17RLL_20201006T194437,2019-05-29,0.06,50364,['2021-07-12']
374,27.83294213,-82.53699537,S2B_MSIL2A_20220329T155819_R097_T17RLL_20220330T040452,2022-03-29,0.0,51240,['2021-07-12']
374,27.83294213,-82.53699537,S2B_MSIL2A_20220816T155829_R097_T17RLL_20220817T065353,2022-08-16,0.0,50596,['2021-07-12']
374,27.83294213,-82.53699537,S2B_MSIL2A_20221104T160429_R097_T17RLL_20221105T064531,2022-11-04,0.0,51108,['2021-07-12']
374,27.83294213,-82.53699537,S2B_MSIL2A_20200925T155929_R097_T17RLL_20200926T221136,2020-09-25,0.15,51068,['2021-07-12']
374,27.83294213,-82.53699537,S2A_MSIL2A_20170330T155901_R097_T17RLL_20210209T030948,2017-03-30,0.16,51228,['2021-07-12']
376,26.37346565,-82.26610874,S2B_MSIL2A_20200408T155819_R097_T17RLK_20200925T140327,2020-04-08,0.0,66564,['2018-09-16']
376,26.37346565,-82.26610874,S2B_MSIL2A_20211229T160649_R097_T17RLK_20211230T211628,2021-12-29,0.0,66564,['2018-09-16']
376,26.37346565,-82.26610874,S2B_MSIL2A_20220905T155819_R097_T17RLK_20220906T021121,2022-09-05,0.0,66564,['2018-09-16']
376,26.37346565,-82.26610874,S2B_MSIL2A_20190104T160649_R097_T17RLK_20201007T225100,2019-01-04,0.0,66564,['2018-09-16']
376,26.37346565,-82.26610874,S2C_MSIL2A_20250924T160021_R097_T17RLK_20250924T212114,2025-09-24,0.0,66564,['2018-09-16']
377,26.39702022,-82.21503892,S2B_MSIL2A_20250502T155819_R097_T17RLK_20250502T211036,2025-05-02,0.0,66564,['2018-09-16']
377,26.39702022,-82.21503892,S2B_MSIL2A_20231119T160549_R097_T17RLK_20241019T084741,2023-11-19,0.0,66564,['2018-09-16']
377,26.39702022,-82.21503892,S2A_MSIL2A_20180315T160021_R097_T17RLK_20201013T091802,2018-03-15,0.0,66564,['2018-09-16']
377,26.39702022,-82.21503892,S2B_MSIL2A_20220518T155819_R097_T17RLK_20220520T110426,2022-05-18,0.0,66564,['2018-09-16']
377,26.39702022,-82.21503892,S2B_MSIL2A_20240726T155819_R097_T17RLK_20240726T201315,2024-07-26,0.0,66564,['2018-09-16']
380,26.72810918,-82.18393907,S2A_MSIL2A_20210128T160521_R097_T17RLK_20210129T081603,2021-01-28,0.0,66564,['2019-11-10']
380,26.72810918,-82.18393907,S2A_MSIL2A_20180315T160021_R097_T17RLK_20201013T091802,2018-03-15,0.0,66564,['2019-11-10']
380,26.72810918,-82.18393907,S2A_MSIL2A_20220712T155921_R097_T17RLK_20220714T004636,2022-07-12,0.0,66564,['2019-11-10']
380,26.72810918,-82.18393907,S2B_MSIL2A_20171120T160539_R097_T17RLK_20201014T211532,2017-11-20,0.0,66564,['2019-11-10']
380,26.72810918,-82.18393907,S2A_MSIL2A_20190129T160521_R097_T17RLK_20201008T053752,2019-01-29,0.0,66564,['2019-11-10']
381,26.68167405,-82.20918606,S2B_MSIL2A_20250820T155819_R097_T17RLK_20250820T211624,2025-08-20,0.0,60756,['2019-11-10']
381,26.68167405,-82.20918606,S2B_MSIL2A_20221005T160119_R097_T17RLK_20221006T091333,2022-10-05,0.0,60828,['2019-11-10']
381,26.68167405,-82.20918606,S2A_MSIL2A_20190728T155911_R097_T17RLK_20201106T040318,2019-07-28,0.01,59200,['2019-11-10']
381,26.68167405,-82.20918606,S2A_MSIL2A_20180315T160021_R097_T17RLK_20201013T091802,2018-03-15,0.01,59752,['2019-11-10']
381,26.68167405,-82.20918606,S2A_MSIL2A_20170208T160411_R097_T17RLK_20210208T085633,2017-02-08,0.01,59664,['2019-11-10']
383,26.70521225,-82.15796969,S2B_MSIL2A_20240815T155819_R097_T17RLK_20240815T202258,2024-08-15,0.0,43168,"['2019-10-26', '2019-11-10']"
383,26.70521225,-82.15796969,S2A_MSIL2A_20170208T160411_R097_T17RLK_20210208T085633,2017-02-08,0.48,43900,"['2019-10-26', '2019-11-10']"
383,26.70521225,-82.15796969,S2B_MSIL2A_20210413T155819_R097_T17RLK_20210414T112048,2021-04-13,0.74,43636,"['2019-10-26', '2019-11-10']"
383,26.70521225,-82.15796969,S2B_MSIL2A_20211010T160109_R097_T17RLK_20211011T020558,2021-10-10,0.79,43408,"['2019-10-26', '2019-11-10']"
383,26.70521225,-82.15796969,S2A_MSIL2A_20170817T155901_R097_T17RLK_20210201T031945,2017-08-17,1.27,43008,"['2019-10-26', '2019-11-10']"
384,26.72832164,-82.15820356,S2C_MSIL2A_20250726T155921_R097_T17RLK_20250726T211924,2025-07-26,0.0,66564,['2019-11-10']
384,26.72832164,-82.15820356,S2B_MSIL2A_20190822T155829_R097_T17RLK_20201005T033929,2019-08-22,0.03,66544,['2019-11-10']
384,26.72832164,-82.15820356,S2C_MSIL2A_20250226T160251_R097_T17RLK_20250226T192212,2025-02-26,0.04,66540,['2019-11-10']
384,26.72832164,-82.15820356,S2A_MSIL2A_20161120T160552_R097_T17RLK_20210414T172327,2016-11-20,0.05,66276,['2019-11-10']
384,26.72832164,-82.15820356,S2B_MSIL2A_20251228T160559_R097_T17RLK_20251228T210144,2025-12-28,0.07,66520,['2019-11-10']
385,30.41626697,-86.5840731,S2B_MSIL2A_20250319T161909_R040_T16REU_20250319T215748,2025-03-19,0.01,47564,"['2016-07-19', '2018-10-12', '2021-10-26']"
385,30.41626697,-86.5840731,S2A_MSIL2A_20220409T161831_R040_T16REU_20220410T130600,2022-04-09,0.31,47292,"['2016-07-19', '2018-10-12', '2021-10-26']"
385,30.41626697,-86.5840731,S2A_MSIL2A_20170224T162331_R040_T16REU_20210208T164627,2017-02-24,0.35,47572,"['2016-07-19', '2018-10-12', '2021-10-26']"
385,30.41626697,-86.5840731,S2A_MSIL2A_20161007T162332_R040_T16REU_20210213T082646,2016-10-07,0.35,47328,"['2016-07-19', '2018-10-12', '2021-10-26']"
385,30.41626697,-86.5840731,S2B_MSIL2A_20190917T161909_R040_T16REU_20201004T142036,2019-09-17,0.37,47476,"['2016-07-19', '2018-10-12', '2021-10-26']"
387,28.16926446,-82.88252651,S2B_MSIL2A_20260301T161109_R140_T17RLM_20260301T213315,2026-03-01,0.0,66564,['2021-09-03']
387,28.16926446,-82.88252651,S2C_MSIL2A_20250417T155921_R097_T17RLM_20250417T210913,2025-04-17,0.0,66564,['2021-09-03']
387,28.16926446,-82.88252651,S2A_MSIL2A_20200903T160911_R140_T17RLM_20201027T145921,2020-09-03,0.0,66564,['2021-09-03']
387,28.16926446,-82.88252651,S2A_MSIL2A_20160911T155902_R097_T17RLM_20210212T235315,2016-09-11,0.0,66564,['2021-09-03']
387,28.16926446,-82.88252651,S2A_MSIL2A_20240202T160501_R097_T17RLM_20240202T215754,2024-02-02,0.0,66564,['2021-09-03']
388,28.1923612,-82.88293116,S2A_MSIL2A_20161110T160502_R097_T17RLM_20210414T034154,2016-11-10,0.0,66564,['2021-09-03']
388,28.1923612,-82.88293116,S2B_MSIL2A_20220131T161509_R140_T17RLM_20220216T193056,2022-01-31,0.0,66564,['2021-09-03']
388,28.1923612,-82.88293116,S2B_MSIL2A_20260321T160859_R140_T17RLM_20260321T200307,2026-03-21,0.0,66564,['2021-09-03']
388,28.1923612,-82.88293116,S2B_MSIL2A_20221207T161649_R140_T17RLM_20221208T155525,2022-12-07,0.0,66528,['2021-09-03']
388,28.1923612,-82.88293116,S2A_MSIL2A_20170303T161341_R140_T17RLM_20210208T191920,2017-03-03,0.0,66564,['2021-09-03']
392,25.86300002,-81.66867393,S2B_MSIL2A_20251118T160449_R097_T17RMJ_20251118T200543,2025-11-18,0.11,44260,"['2016-10-21', '2019-11-25', '2022-11-29']"
392,25.86300002,-81.66867393,S2A_MSIL2A_20180325T155911_R097_T17RMJ_20201026T062738,2018-03-25,0.59,44480,"['2016-10-21', '2019-11-25', '2022-11-29']"
392,25.86300002,-81.66867393,S2B_MSIL2A_20201015T160149_R097_T17RMJ_20201027T130228,2020-10-15,1.53,44228,"['2016-10-21', '2019-11-25', '2022-11-29']"
392,25.86300002,-81.66867393,S2C_MSIL2A_20250427T155921_R097_T17RMJ_20250427T205612,2025-04-27,1.95,42220,"['2016-10-21', '2019-11-25', '2022-11-29']"
392,25.86300002,-81.66867393,S2A_MSIL2A_20240721T155901_R097_T17RMJ_20240722T005415,2024-07-21,6.89,38288,"['2016-10-21', '2019-11-25', '2022-11-29']"
393,25.83988468,-81.66854393,S2B_MSIL2A_20241213T160559_R097_T17RMJ_20241213T200052,2024-12-13,0.16,64652,['2022-11-29']
393,25.83988468,-81.66854393,S2A_MSIL2A_20200104T160641_R097_T17RMJ_20201002T224600,2020-01-04,1.03,64112,['2022-11-29']
393,25.83988468,-81.66854393,S2B_MSIL2A_20211129T160619_R097_T17RMJ_20211130T120441,2021-11-29,1.34,63956,['2022-11-29']
393,25.83988468,-81.66854393,S2B_MSIL2A_20231119T160549_R097_T17RMJ_20231119T202651,2023-11-19,1.43,63684,['2022-11-29']
393,25.83988468,-81.66854393,S2B_MSIL2A_20201104T160439_R097_T17RMJ_20201106T105643,2020-11-04,1.59,63680,['2022-11-29']
394,30.130934,-85.72241,S2B_MSIL2A_20220305T162039_R040_T16RFU_20220306T074255,2022-03-05,1.64,47632,"['2015-11-12', '2018-10-27', '2018-11-16']"
394,30.130934,-85.72241,S2B_MSIL2A_20180316T162019_R040_T16RFU_20201013T095949,2018-03-16,2.95,47120,"['2015-11-12', '2018-10-27', '2018-11-16']"
394,30.130934,-85.72241,S2A_MSIL2A_20170425T162331_R040_T16RFU_20210209T103848,2017-04-25,3.29,46696,"['2015-11-12', '2018-10-27', '2018-11-16']"
394,30.130934,-85.72241,S2A_MSIL2A_20200409T161901_R040_T16RFU_20200925T153910,2020-04-09,3.67,47084,"['2015-11-12', '2018-10-27', '2018-11-16']"
394,30.130934,-85.72241,S2A_MSIL2A_20170316T162321_R040_T16RFU_20210208T230444,2017-03-16,3.78,46840,"['2015-11-12', '2018-10-27', '2018-11-16']"
395,30.13118988,-85.74898139,S2B_MSIL2A_20220404T161829_R040_T16RFU_20240603T090951,2022-04-04,0.0,48884,"['2015-10-23', '2018-11-16']"
395,30.13118988,-85.74898139,S2B_MSIL2A_20240104T162659_R040_T16RFU_20240104T203236,2024-01-04,0.17,48472,"['2015-10-23', '2018-11-16']"
395,30.13118988,-85.74898139,S2A_MSIL2A_20240806T161901_R040_T16RFU_20240806T214652,2024-08-06,1.98,47608,"['2015-10-23', '2018-11-16']"
395,30.13118988,-85.74898139,S2A_MSIL2A_20231031T162421_R040_T16RFU_20231031T234005,2023-10-31,3.97,46908,"['2015-10-23', '2018-11-16']"
395,30.13118988,-85.74898139,S2A_MSIL2A_20160719T162342_R040_T16RFU_20210212T060709,2016-07-19,5.38,47104,"['2015-10-23', '2018-11-16']"
396,30.10783718,-85.72270729,S2B_MSIL2A_20190907T161829_R040_T16RFU_20201004T103151,2019-09-07,3.33,49104,"['2015-10-23', '2018-10-27', '2018-11-16']"
396,30.10783718,-85.72270729,S2B_MSIL2A_20180316T162019_R040_T16RFU_20201013T095949,2018-03-16,3.44,48828,"['2015-10-23', '2018-10-27', '2018-11-16']"
396,30.10783718,-85.72270729,S2A_MSIL2A_20170425T162331_R040_T16RFU_20210209T103848,2017-04-25,3.75,48580,"['2015-10-23', '2018-10-27', '2018-11-16']"
396,30.10783718,-85.72270729,S2B_MSIL2A_20200504T161829_R040_T16RFU_20200920T125836,2020-05-04,4.08,48684,"['2015-10-23', '2018-10-27', '2018-11-16']"
396,30.10783718,-85.72270729,S2B_MSIL2A_20180115T162619_R040_T16RFU_20201014T060425,2018-01-15,4.31,48560,"['2015-10-23', '2018-10-27', '2018-11-16']"
397,30.10757616,-85.69614243,S2C_MSIL2A_20251219T162721_R040_T16RFU_20251219T200415,2025-12-19,0.08,57616,"['2018-10-27', '2018-11-16']"
397,30.10757616,-85.69614243,S2C_MSIL2A_20251020T162331_R040_T16RFU_20251020T201906,2025-10-20,0.29,57988,"['2018-10-27', '2018-11-16']"
397,30.10757616,-85.69614243,S2B_MSIL2A_20240821T161829_R040_T16RFU_20240821T202842,2024-08-21,0.55,57632,"['2018-10-27', '2018-11-16']"
397,30.10757616,-85.69614243,S2A_MSIL2A_20230613T161831_R040_T16RFU_20240909T041501,2023-06-13,0.92,56160,"['2018-10-27', '2018-11-16']"
397,30.10757616,-85.69614243,S2B_MSIL2A_20200404T161829_R040_T16RFU_20200925T010050,2020-04-04,2.09,57052,"['2018-10-27', '2018-11-16']"
400,27.36529752,-82.63792968,S2B_MSIL2A_20250621T155819_R097_T17RLL_20250621T195904,2025-06-21,0.0,60200,"['2018-11-10', '2018-11-10', '2021-08-11']"
400,27.36529752,-82.63792968,S2A_MSIL2A_20230915T155901_R097_T17RLL_20241103T091138,2023-09-15,0.04,60100,"['2018-11-10', '2018-11-10', '2021-08-11']"
400,27.36529752,-82.63792968,S2B_MSIL2A_20240207T160429_R097_T17RLL_20240207T220723,2024-02-07,0.2,60136,"['2018-11-10', '2018-11-10', '2021-08-11']"
400,27.36529752,-82.63792968,S2B_MSIL2A_20220508T155819_R097_T17RLL_20240611T235210,2022-05-08,0.32,59824,"['2018-11-10', '2018-11-10', '2021-08-11']"
400,27.36529752,-82.63792968,S2A_MSIL2A_20210128T160521_R097_T17RLL_20210202T105133,2021-01-28,0.46,59608,"['2018-11-10', '2018-11-10', '2021-08-11']"
401,25.74955,-81.46215,S2A_MSIL2A_20221219T160701_R097_T17RMJ_20221220T130546,2022-12-19,0.0,66564,['2023-02-07']
401,25.74955,-81.46215,S2A_MSIL2A_20180325T155911_R097_T17RMJ_20201026T062738,2018-03-25,0.0,66564,['2023-02-07']
401,25.74955,-81.46215,S2C_MSIL2A_20250226T160251_R097_T17RMJ_20250226T192212,2025-02-26,0.0,66564,['2023-02-07']
401,25.74955,-81.46215,S2B_MSIL2A_20260328T155859_R097_T17RMJ_20260328T200110,2026-03-28,0.0,66564,['2023-02-07']
401,25.74955,-81.46215,S2A_MSIL2A_20170310T160041_R097_T17RMJ_20210208T212033,2017-03-10,0.0,66564,['2023-02-07']
402,25.74946676,-81.48767536,S2B_MSIL2A_20210314T155929_R097_T17RMJ_20210315T195055,2021-03-14,0.0,66564,['2023-02-07']
402,25.74946676,-81.48767536,S2B_MSIL2A_20231219T160659_R097_T17RMJ_20231222T001228,2023-12-19,0.0,66564,['2023-02-07']
402,25.74946676,-81.48767536,S2B_MSIL2A_20220518T155819_R097_T17RMJ_20220520T104447,2022-05-18,0.0,66564,['2023-02-07']
402,25.74946676,-81.48767536,S2A_MSIL2A_20221030T160411_R097_T17RMJ_20221031T031717,2022-10-30,0.0,66564,['2023-02-07']
402,25.74946676,-81.48767536,S2B_MSIL2A_20240227T160129_R097_T17RMJ_20240227T221319,2024-02-27,0.0,66564,['2023-02-07']
403,25.74962877,-81.43662453,S2A_MSIL2A_20201119T160551_R097_T17RMJ_20201121T015210,2020-11-19,0.0,66564,['2023-02-07']
403,25.74962877,-81.43662453,S2B_MSIL2A_20260206T160339_R097_T17RMJ_20260206T213114,2026-02-06,0.0,66564,['2023-02-07']
403,25.74962877,-81.43662453,S2B_MSIL2A_20210821T155819_R097_T17RMJ_20210822T082926,2021-08-21,0.0,66564,['2023-02-07']
403,25.74962877,-81.43662453,S2A_MSIL2A_20180315T160021_R097_T17RMJ_20201013T091803,2018-03-15,0.0,66564,['2023-02-07']
403,25.74962877,-81.43662453,S2A_MSIL2A_20170208T160411_R097_T17RMJ_20210208T085639,2017-02-08,0.0,66564,['2023-02-07']
409,26.7003,-82.1208,S2A_MSIL2A_20230309T160101_R097_T17RLK_20240823T143703,2023-03-09,0.0,55844,"['2016-11-20', '2018-01-09', '2018-03-15']"
409,26.7003,-82.1208,S2A_MSIL2A_20221129T160621_R097_T17RLK_20221201T184802,2022-11-29,0.0,55744,"['2016-11-20', '2018-01-09', '2018-03-15']"
409,26.7003,-82.1208,S2B_MSIL2A_20200408T155819_R097_T17RLK_20200925T140327,2020-04-08,0.0,55372,"['2016-11-20', '2018-01-09', '2018-03-15']"
409,26.7003,-82.1208,S2A_MSIL2A_20170509T155911_R097_T17RLK_20210209T141858,2017-05-09,0.09,54760,"['2016-11-20', '2018-01-09', '2018-03-15']"
409,26.7003,-82.1208,S2B_MSIL2A_20171120T160539_R097_T17RLK_20201014T211532,2017-11-20,0.12,55332,"['2016-11-20', '2018-01-09', '2018-03-15']"
410,26.70050082,-82.09507018,S2B_MSIL2A_20250820T155819_R097_T17RLK_20250820T211624,2025-08-20,0.0,63680,"['2016-11-20', '2018-01-09', '2018-03-15']"
410,26.70050082,-82.09507018,S2A_MSIL2A_20181031T160411_R097_T17RLK_20201009T170537,2018-10-31,0.0,63296,"['2016-11-20', '2018-01-09', '2018-03-15']"
410,26.70050082,-82.09507018,S2C_MSIL2A_20251113T160531_R097_T17RLK_20251113T194111,2025-11-13,0.0,63632,"['2016-11-20', '2018-01-09', '2018-03-15']"
410,26.70050082,-82.09507018,S2B_MSIL2A_20211010T160109_R097_T17RLK_20211011T020558,2021-10-10,0.06,63196,"['2016-11-20', '2018-01-09', '2018-03-15']"
410,26.70050082,-82.09507018,S2B_MSIL2A_20191130T160619_R097_T17RLK_20201003T211031,2019-11-30,0.12,63116,"['2016-11-20', '2018-01-09', '2018-03-15']"
411,26.72361072,-82.0952913,S2A_MSIL2A_20220831T155831_R097_T17RLK_20220901T183018,2022-08-31,0.0,66536,['2016-11-20']
411,26.72361072,-82.0952913,S2A_MSIL2A_20200503T155911_R097_T17RLK_20200920T080007,2020-05-03,0.0,66544,['2016-11-20']
411,26.72361072,-82.0952913,S2A_MSIL2A_20230418T155821_R097_T17RLK_20240906T005219,2023-04-18,0.0,66556,['2016-11-20']
411,26.72361072,-82.0952913,S2B_MSIL2A_20231119T160549_R097_T17RLK_20241019T084741,2023-11-19,0.0,66536,['2016-11-20']
411,26.72361072,-82.0952913,S2B_MSIL2A_20221025T160339_R097_T17RLK_20240724T153558,2022-10-25,0.0,66556,['2016-11-20']
413,26.67739084,-82.09484932,S2B_MSIL2A_20251228T160559_R097_T17RLK_20251228T210144,2025-12-28,0.0,57816,"['2018-01-09', '2018-03-15']"
413,26.67739084,-82.09484932,S2C_MSIL2A_20250726T155921_R097_T17RLK_20250726T211924,2025-07-26,0.0,57260,"['2018-01-09', '2018-03-15']"
413,26.67739084,-82.09484932,S2B_MSIL2A_20190424T155829_R097_T17RLK_20201105T173333,2019-04-24,0.0,56920,"['2018-01-09', '2018-03-15']"
413,26.67739084,-82.09484932,S2A_MSIL2A_20170509T155911_R097_T17RLK_20210209T141858,2017-05-09,0.02,56988,"['2018-01-09', '2018-03-15']"
413,26.67739084,-82.09484932,S2A_MSIL2A_20180623T155901_R097_T17RLK_20201012T012652,2018-06-23,0.02,56404,"['2018-01-09', '2018-03-15']"
415,28.31478113,-80.6324274,S2C_MSIL2A_20250318T160021_R097_T17RNM_20250318T212400,2025-03-18,0.0,33792,"['2016-04-01', '2018-10-31']"
415,28.31478113,-80.6324274,S2A_MSIL2A_20231231T160511_R054_T17RNM_20231231T221406,2023-12-31,0.0,33532,"['2016-04-01', '2018-10-31']"
415,28.31478113,-80.6324274,S2B_MSIL2A_20250628T160509_R054_T17RNM_20250628T193450,2025-06-28,1.11,34196,"['2016-04-01', '2018-10-31']"
415,28.31478113,-80.6324274,S2A_MSIL2A_20201209T160641_R097_T17RNM_20201210T204209,2020-12-09,1.61,33940,"['2016-04-01', '2018-10-31']"
415,28.31478113,-80.6324274,S2A_MSIL2A_20190106T160511_R054_T17RNM_20201007T231542,2019-01-06,2.48,33960,"['2016-04-01', '2018-10-31']"
416,28.29167274,-80.63250681,S2B_MSIL2A_20231020T160209_R097_T17RNM_20231020T230200,2023-10-20,0.0,62396,['2018-10-31']
416,28.29167274,-80.63250681,S2B_MSIL2A_20221002T160509_R054_T17RNM_20221003T073046,2022-10-02,0.0,62216,['2018-10-31']
416,28.29167274,-80.63250681,S2A_MSIL2A_20190715T160521_R054_T17RNM_20201005T142356,2019-07-15,0.07,62724,['2018-10-31']
416,28.29167274,-80.63250681,S2A_MSIL2A_20161120T160552_R097_T17RNM_20210414T172345,2016-11-20,0.12,62576,['2018-10-31']
416,28.29167274,-80.63250681,S2B_MSIL2A_20171117T160459_R054_T17RNM_20201014T203457,2017-11-17,0.4,63008,['2018-10-31']
417,28.26856429,-80.63258613,S2A_MSIL2A_20201209T160641_R097_T17RNM_20201210T204209,2020-12-09,0.0,66564,['2018-10-31']
417,28.26856429,-80.63258613,S2A_MSIL2A_20160401T154922_R054_T17RNM_20210211T005923,2016-04-01,0.0,66564,['2018-10-31']
417,28.26856429,-80.63258613,S2A_MSIL2A_20180809T160511_R054_T17RNM_20201010T231933,2018-08-09,0.0,66564,['2018-10-31']
417,28.26856429,-80.63258613,S2A_MSIL2A_20161120T160552_R097_T17RNM_20210414T172345,2016-11-20,0.0,66564,['2018-10-31']
417,28.26856429,-80.63258613,S2B_MSIL2A_20210907T160509_R054_T17RNM_20210908T062539,2021-09-07,0.0,66564,['2018-10-31']
418,30.39910157,-86.86306779,S2A_MSIL2A_20210524T161901_R040_T16REU_20210525T074943,2021-05-24,0.46,37768,['2018-10-12']
418,30.39910157,-86.86306779,S2A_MSIL2A_20190415T161901_R040_T16REU_20201007T022316,2019-04-15,0.84,37564,['2018-10-12']
418,30.39910157,-86.86306779,S2B_MSIL2A_20200214T162349_R040_T16REU_20201002T003351,2020-02-14,1.12,37756,['2018-10-12']
418,30.39910157,-86.86306779,S2B_MSIL2A_20230419T161829_R040_T16REU_20240831T090015,2023-04-19,1.21,36560,['2018-10-12']
418,30.39910157,-86.86306779,S2A_MSIL2A_20191101T162431_R040_T16REU_20201003T115311,2019-11-01,1.66,37492,['2018-10-12']
419,30.39907091,-86.83641772,S2B_MSIL2A_20230608T161829_R040_T16REU_20230608T204731,2023-06-08,0.0,42696,['2018-10-12']
419,30.39907091,-86.83641772,S2A_MSIL2A_20251231T162721_R040_T16REU_20251231T200509,2025-12-31,0.15,42896,['2018-10-12']
419,30.39907091,-86.83641772,S2B_MSIL2A_20190321T161949_R040_T16REU_20201007T090841,2019-03-21,1.1,43140,['2018-10-12']
419,30.39907091,-86.83641772,S2A_MSIL2A_20200229T162211_R040_T16REU_20200929T044850,2020-02-29,1.28,43140,['2018-10-12']
419,30.39907091,-86.83641772,S2A_MSIL2A_20180709T161901_R040_T16REU_20201027T025705,2018-07-09,1.31,42384,['2018-10-12']
420,26.930104,-80.068107,S2A_MSIL2A_20230704T160511_R054_T17RNK_20241013T140640,2023-07-04,0.0,33768,['2018-09-28']
420,26.930104,-80.068107,S2A_MSIL2A_20241125T160511_R054_T17RNK_20241125T205458,2024-11-25,0.02,34420,['2018-09-28']
420,26.930104,-80.068107,S2B_MSIL2A_20231017T160509_R054_T17RNK_20241020T172838,2023-10-17,0.1,33416,['2018-09-28']
420,26.930104,-80.068107,S2B_MSIL2A_20191207T160509_R054_T17RNK_20201003T020437,2019-12-07,2.76,34668,['2018-09-28']
420,26.930104,-80.068107,S2B_MSIL2A_20210209T160509_R054_T17RNK_20210211T180655,2021-02-09,2.78,34180,['2018-09-28']
421,26.95321432,-80.06791694,S2B_MSIL2A_20240524T160509_R054_T17RNK_20240524T223802,2024-05-24,0.36,55216,['2018-09-28']
421,26.95321432,-80.06791694,S2C_MSIL2A_20250514T160531_R054_T17RNK_20250514T212514,2025-05-14,0.64,55160,['2018-09-28']
421,26.95321432,-80.06791694,S2B_MSIL2A_20191207T160509_R054_T17RNK_20201003T020437,2019-12-07,1.04,55736,['2018-09-28']
421,26.95321432,-80.06791694,S2B_MSIL2A_20210927T160509_R054_T17RNK_20210928T020423,2021-09-27,1.15,35960,['2018-09-28']
421,26.95321432,-80.06791694,S2A_MSIL2A_20161127T160512_R054_T17RNK_20210415T024642,2016-11-27,1.31,55596,['2018-09-28']
423,27.93505072,-83.01609533,S2B_MSIL2A_20210811T155819_R097_T17RKM_20210812T041518,2021-08-11,0.0,66564,['2018-09-29']
423,27.93505072,-83.01609533,S2B_MSIL2A_20220220T161209_R140_T17RKL_20220226T035752,2022-02-20,0.0,66564,['2018-09-29']
423,27.93505072,-83.01609533,S2B_MSIL2A_20200918T160839_R140_T17RLM_20200921T085043,2020-09-18,0.0,66564,['2018-09-29']
423,27.93505072,-83.01609533,S2B_MSIL2A_20171103T161419_R140_T17RKM_20201014T181433,2017-11-03,0.0,66564,['2018-09-29']
423,27.93505072,-83.01609533,S2B_MSIL2A_20241213T160559_R097_T17RKM_20241213T200052,2024-12-13,0.0,66564,['2018-09-29']
424,27.91195494,-83.01566674,S2A_MSIL2A_20171118T161541_R140_T17RLL_20201014T204017,2017-11-18,0.0,66564,['2018-09-29']
424,27.91195494,-83.01566674,S2A_MSIL2A_20231104T160431_R097_T17RKL_20231104T223947,2023-11-04,0.0,66564,['2018-09-29']
424,27.91195494,-83.01566674,S2C_MSIL2A_20251226T161711_R140_T17RLL_20251226T200311,2025-12-26,0.0,66564,['2018-09-29']
424,27.91195494,-83.01566674,S2A_MSIL2A_20160214T160352_R097_T17RKL_20210528T063429,2016-02-14,0.0,66548,['2018-09-29']
424,27.91195494,-83.01566674,S2B_MSIL2A_20230222T160249_R097_T17RKL_20240815T033357,2023-02-22,0.0,66564,['2018-09-29']
425,27.88885908,-83.01523864,S2B_MSIL2A_20260318T155859_R097_T17RKL_20260318T200140,2026-03-18,0.0,66564,['2018-09-29']
425,27.88885908,-83.01523864,S2A_MSIL2A_20160822T155902_R097_T17RKL_20210212T165904,2016-08-22,0.0,66564,['2018-09-29']
425,27.88885908,-83.01523864,S2B_MSIL2A_20190921T155939_R097_T17RKL_20201004T155157,2019-09-21,0.0,66564,['2018-09-29']
425,27.88885908,-83.01523864,S2B_MSIL2A_20200319T155849_R097_T17RKL_20201012T163706,2020-03-19,0.0,66564,['2018-09-29']
425,27.88885908,-83.01523864,S2B_MSIL2A_20190223T160249_R097_T17RKL_20201007T195859,2019-02-23,0.0,66564,['2018-09-29']
426,27.88923677,-82.98924442,S2B_MSIL2A_20180807T155859_R097_T17RKL_20201010T223642,2018-08-07,0.0,66564,['2018-09-29']
426,27.88923677,-82.98924442,S2B_MSIL2A_20260410T160819_R140_T17RKL_20260410T200402,2026-04-10,0.0,66564,['2018-09-29']
426,27.88923677,-82.98924442,S2A_MSIL2A_20210128T160521_R097_T17RLL_20210202T105133,2021-01-28,0.0,66564,['2018-09-29']
426,27.88923677,-82.98924442,S2B_MSIL2A_20231119T160549_R097_T17RKL_20231119T201218,2023-11-19,0.0,66388,['2018-09-29']
426,27.88923677,-82.98924442,S2B_MSIL2A_20250611T155819_R097_T17RKL_20250611T211041,2025-06-11,0.0,66564,['2018-09-29']
427,27.88960957,-82.9632497,S2B_MSIL2A_20210314T155929_R097_T17RKL_20210315T185605,2021-03-14,0.0,66564,['2018-09-29']
427,27.88960957,-82.9632497,S2B_MSIL2A_20241014T160129_R097_T17RKL_20241014T202025,2024-10-14,0.0,66564,['2018-09-29']
427,27.88960957,-82.9632497,S2A_MSIL2A_20250919T161701_R140_T17RLL_20250920T002414,2025-09-19,0.0,66564,['2018-09-29']
427,27.88960957,-82.9632497,S2A_MSIL2A_20161021T160402_R097_T17RKL_20210213T130405,2016-10-21,0.0,66564,['2018-09-29']
427,27.88960957,-82.9632497,S2A_MSIL2A_20190102T161651_R140_T17RKL_20201007T220920,2019-01-02,0.0,66564,['2018-09-29']
428,25.6817,-81.3579,S2A_MSIL2A_20231101T160511_R054_T17RMJ_20231101T220624,2023-11-01,0.0,65504,"['2016-10-21', '2023-01-28']"
428,25.6817,-81.3579,S2B_MSIL2A_20231219T160659_R097_T17RMJ_20231222T001228,2023-12-19,0.0,65492,"['2016-10-21', '2023-01-28']"
428,25.6817,-81.3579,S2A_MSIL2A_20240628T160511_R054_T17RMJ_20240629T042404,2024-06-28,0.01,65488,"['2016-10-21', '2023-01-28']"
428,25.6817,-81.3579,S2A_MSIL2A_20240909T155901_R097_T17RMJ_20240909T230449,2024-09-09,0.01,65496,"['2016-10-21', '2023-01-28']"
428,25.6817,-81.3579,S2A_MSIL2A_20190526T160511_R054_T17RMJ_20201106T004357,2019-05-26,0.41,65336,"['2016-10-21', '2023-01-28']"
429,25.70481697,-81.3579691,S2B_MSIL2A_20220329T155819_R097_T17RMJ_20220330T041544,2022-03-29,0.0,63808,"['2016-10-21', '2023-01-28']"
429,25.70481697,-81.3579691,S2C_MSIL2A_20250802T160531_R054_T17RMJ_20250802T202613,2025-08-02,0.12,63904,"['2016-10-21', '2023-01-28']"
429,25.70481697,-81.3579691,S2A_MSIL2A_20210505T160511_R054_T17RMJ_20210507T193834,2021-05-05,1.16,63180,"['2016-10-21', '2023-01-28']"
429,25.70481697,-81.3579691,S2B_MSIL2A_20190322T160509_R054_T17RMJ_20201007T093237,2019-03-22,1.51,63144,"['2016-10-21', '2023-01-28']"
429,25.70481697,-81.3579691,S2A_MSIL2A_20250926T160701_R097_T17RMJ_20250927T002916,2025-09-26,1.58,62880,"['2016-10-21', '2023-01-28']"
430,25.70487738,-81.33245286,S2A_MSIL2A_20240718T160511_R054_T17RMJ_20240718T233126,2024-07-18,0.0,59084,"['2016-10-21', '2023-01-28']"
430,25.70487738,-81.33245286,S2A_MSIL2A_20210505T160511_R054_T17RMJ_20210507T193834,2021-05-05,0.01,59444,"['2016-10-21', '2023-01-28']"
430,25.70487738,-81.33245286,S2A_MSIL2A_20230306T160511_R054_T17RMJ_20230306T233903,2023-03-06,0.02,59648,"['2016-10-21', '2023-01-28']"
430,25.70487738,-81.33245286,S2B_MSIL2A_20201104T160439_R097_T17RMJ_20201106T105643,2020-11-04,0.52,58644,"['2016-10-21', '2023-01-28']"
430,25.70487738,-81.33245286,S2B_MSIL2A_20240921T160509_R054_T17RMJ_20240921T213535,2024-09-21,1.12,58308,"['2016-10-21', '2023-01-28']"
433,28.21425657,-82.84052323,S2B_MSIL2A_20220220T161209_R140_T17RLM_20220226T045759,2022-02-20,0.0,61788,['2021-09-03']
433,28.21425657,-82.84052323,S2A_MSIL2A_20211117T161541_R140_T17RLM_20211118T051910,2021-11-17,0.99,61008,['2021-09-03']
433,28.21425657,-82.84052323,S2A_MSIL2A_20240202T160501_R097_T17RLM_20240202T215754,2024-02-02,1.53,61340,['2021-09-03']
433,28.21425657,-82.84052323,S2B_MSIL2A_20171213T161649_R140_T17RLM_20201014T135559,2017-12-13,1.61,60764,['2021-09-03']
433,28.21425657,-82.84052323,S2B_MSIL2A_20220111T161629_R140_T17RLM_20220112T170927,2022-01-11,1.63,60632,['2021-09-03']
436,26.8802912,-82.16036386,S2B_MSIL2A_20181205T160639_R097_T17RLK_20201008T074221,2018-12-05,0.0,48128,['2021-04-13']
436,26.8802912,-82.16036386,S2B_MSIL2A_20240207T160429_R097_T17RLK_20240207T220711,2024-02-07,0.0,47956,['2021-04-13']
436,26.8802912,-82.16036386,S2A_MSIL2A_20161110T160502_R097_T17RLK_20210414T034146,2016-11-10,0.0,48000,['2021-04-13']
436,26.8802912,-82.16036386,S2C_MSIL2A_20250226T160251_R097_T17RLK_20250226T192212,2025-02-26,0.0,48344,['2021-04-13']
436,26.8802912,-82.16036386,S2A_MSIL2A_20180613T155901_R097_T17RLK_20201026T234702,2018-06-13,0.0,47824,['2021-04-13']
439,29.123,-83.000167,S2A_MSIL2A_20170201T161501_R140_T17RKN_20210208T033628,2017-02-01,0.0,66564,['2021-10-13']
439,29.123,-83.000167,S2B_MSIL2A_20250621T155819_R097_T17RKN_20250621T195904,2025-06-21,0.0,66564,['2021-10-13']
439,29.123,-83.000167,S2A_MSIL2A_20190916T155911_R097_T17RKN_20201004T134532,2019-09-16,0.0,66564,['2021-10-13']
439,29.123,-83.000167,S2B_MSIL2A_20171103T161419_R140_T17RKN_20201014T181432,2017-11-03,0.0,66564,['2021-10-13']
439,29.123,-83.000167,S2A_MSIL2A_20200513T155911_R097_T17RKN_20200918T005422,2020-05-13,0.0,66564,['2021-10-13']
440,29.14609188,-83.00061426,S2A_MSIL2A_20240415T160831_R140_T17RLN_20240416T010854,2024-04-15,0.0,66260,['2021-10-13']
440,29.14609188,-83.00061426,S2A_MSIL2A_20220602T155831_R097_T17RKN_20220603T133823,2022-06-02,0.0,66208,['2021-10-13']
440,29.14609188,-83.00061426,S2A_MSIL2A_20231018T161251_R140_T17RKN_20231019T153729,2023-10-18,0.0,63944,['2021-10-13']
440,29.14609188,-83.00061426,S2B_MSIL2A_20221005T160119_R097_T17RKN_20221006T082200,2022-10-05,0.01,64708,['2021-10-13']
440,29.14609188,-83.00061426,S2A_MSIL2A_20201030T160411_R097_T17RKN_20201101T214524,2020-10-30,0.39,65964,['2021-10-13']
441,29.14569644,-83.02691837,S2A_MSIL2A_20230528T155911_R097_T17RLN_20240908T194220,2023-05-28,0.0,46664,['2021-10-13']
441,29.14569644,-83.02691837,S2A_MSIL2A_20241012T161221_R140_T17RKN_20241012T222848,2024-10-12,0.0,47696,['2021-10-13']
441,29.14569644,-83.02691837,S2B_MSIL2A_20230821T155829_R097_T17RKN_20230821T221306,2023-08-21,0.0,43612,['2021-10-13']
441,29.14569644,-83.02691837,S2A_MSIL2A_20180703T155901_R097_T17RKN_20201011T112850,2018-07-03,1.39,44592,['2021-10-13']
441,29.14569644,-83.02691837,S2B_MSIL2A_20171213T161649_R140_T17RKN_20201014T135606,2017-12-13,1.89,48240,['2021-10-13']
442,29.12260493,-83.02646524,S2B_MSIL2A_20250820T155819_R097_T17RKN_20250820T211624,2025-08-20,0.0,62884,['2021-10-13']
442,29.12260493,-83.02646524,S2A_MSIL2A_20251016T160701_R097_T17RKN_20251016T210119,2025-10-16,0.06,62796,['2021-10-13']
442,29.12260493,-83.02646524,S2B_MSIL2A_20180807T155859_R097_T17RKN_20201010T223639,2018-08-07,0.07,62604,['2021-10-13']
442,29.12260493,-83.02646524,S2B_MSIL2A_20180608T155859_R097_T17RKN_20201011T224016,2018-06-08,0.32,62616,['2021-10-13']
442,29.12260493,-83.02646524,S2B_MSIL2A_20220108T160639_R097_T17RKN_20220110T064553,2022-01-08,0.48,62384,['2021-10-13']
443,29.09951334,-83.02601264,S2A_MSIL2A_20240415T160831_R140_T17RLN_20240416T010854,2024-04-15,0.0,65284,['2021-10-13']
443,29.09951334,-83.02601264,S2B_MSIL2A_20180807T155859_R097_T17RKN_20201010T223639,2018-08-07,0.0,65112,['2021-10-13']
443,29.09951334,-83.02601264,S2B_MSIL2A_20191110T160459_R097_T17RKN_20201003T151329,2019-11-10,0.0,65168,['2021-10-13']
443,29.09951334,-83.02601264,S2B_MSIL2A_20210811T155819_R097_T17RKN_20210812T034110,2021-08-11,0.01,65156,['2021-10-13']
443,29.09951334,-83.02601264,S2A_MSIL2A_20160514T155912_R097_T17RKN_20210211T111745,2016-05-14,0.01,65212,['2021-10-13']
444,29.12338992,-82.97386824,S2B_MSIL2A_20230314T155939_R097_T17RLN_20240821T065714,2023-03-14,0.0,66564,['2021-10-13']
444,29.12338992,-82.97386824,S2B_MSIL2A_20170703T155909_R097_T17RKN_20210210T042128,2017-07-03,0.0,66564,['2021-10-13']
444,29.12338992,-82.97386824,S2A_MSIL2A_20251215T160711_R097_T17RKN_20251215T193112,2025-12-15,0.0,66564,['2021-10-13']
444,29.12338992,-82.97386824,S2A_MSIL2A_20180328T161031_R140_T17RKN_20201013T153250,2018-03-28,0.0,66564,['2021-10-13']
444,29.12338992,-82.97386824,S2B_MSIL2A_20171213T161649_R140_T17RKN_20201014T135606,2017-12-13,0.0,66564,['2021-10-13']
445,29.14648216,-82.97430962,S2B_MSIL2A_20221005T160119_R097_T17RKN_20221006T082200,2022-10-05,0.0,65216,['2021-10-13']
445,29.14648216,-82.97430962,S2B_MSIL2A_20250919T155839_R097_T17RKN_20250919T211656,2025-09-19,0.0,66564,['2021-10-13']
445,29.14648216,-82.97430962,S2B_MSIL2A_20230503T155829_R097_T17RLN_20240906T032343,2023-05-03,0.0,66564,['2021-10-13']
445,29.14648216,-82.97430962,S2B_MSIL2A_20210811T155819_R097_T17RKN_20210812T034110,2021-08-11,0.01,66560,['2021-10-13']
445,29.14648216,-82.97430962,S2A_MSIL2A_20161001T160052_R097_T17RKN_20210213T062949,2016-10-01,0.02,66548,['2021-10-13']
447,25.88728241,-81.63567971,S2C_MSIL2A_20251014T160241_R097_T17RMJ_20251014T191613,2025-10-14,0.01,64396,['2019-11-25']
447,25.88728241,-81.63567971,S2C_MSIL2A_20250226T160251_R097_T17RMJ_20250226T192212,2025-02-26,0.04,64616,['2019-11-25']
447,25.88728241,-81.63567971,S2A_MSIL2A_20190228T160211_R097_T17RMJ_20201007T213219,2019-02-28,0.25,64272,['2019-11-25']
447,25.88728241,-81.63567971,S2A_MSIL2A_20181230T160651_R097_T17RMJ_20201008T141453,2018-12-30,0.31,64168,['2019-11-25']
447,25.88728241,-81.63567971,S2B_MSIL2A_20241123T160509_R097_T17RMJ_20241123T202829,2024-11-23,0.41,64260,['2019-11-25']
448,25.88716819,-81.66123385,S2B_MSIL2A_20201015T160149_R097_T17RMJ_20201027T130228,2020-10-15,0.01,44220,"['2016-10-21', '2019-11-25']"
448,25.88716819,-81.66123385,S2A_MSIL2A_20171125T160611_R097_T17RMJ_20201014T221125,2017-11-25,0.77,44152,"['2016-10-21', '2019-11-25']"
448,25.88716819,-81.66123385,S2A_MSIL2A_20241029T160401_R097_T17RMJ_20241029T215301,2024-10-29,0.92,44772,"['2016-10-21', '2019-11-25']"
448,25.88716819,-81.66123385,S2B_MSIL2A_20210212T160359_R097_T17RMJ_20210213T152752,2021-02-12,1.96,44236,"['2016-10-21', '2019-11-25']"
448,25.88716819,-81.66123385,S2B_MSIL2A_20181205T160639_R097_T17RMJ_20201008T074224,2018-12-05,2.2,44268,"['2016-10-21', '2019-11-25']"
450,25.88739214,-81.61012543,S2A_MSIL2A_20221129T160621_R097_T17RMJ_20221201T185036,2022-11-29,0.02,59532,"['2016-10-21', '2019-11-25']"
450,25.88739214,-81.61012543,S2B_MSIL2A_20201015T160149_R097_T17RMJ_20201027T130228,2020-10-15,0.03,59688,"['2016-10-21', '2019-11-25']"
450,25.88739214,-81.61012543,S2A_MSIL2A_20170208T160411_R097_T17RMJ_20210208T085639,2017-02-08,0.04,58588,"['2016-10-21', '2019-11-25']"
450,25.88739214,-81.61012543,S2B_MSIL2A_20190325T155909_R097_T17RMJ_20201007T104122,2019-03-25,0.35,59712,"['2016-10-21', '2019-11-25']"
450,25.88739214,-81.61012543,S2A_MSIL2A_20210128T160521_R097_T17RMJ_20210201T124737,2021-01-28,0.51,59152,"['2016-10-21', '2019-11-25']"
451,28.57895,-82.654267,S2A_MSIL2A_20240405T160901_R140_T17RLM_20240406T001951,2024-04-05,0.0,49612,['2021-08-21']
451,28.57895,-82.654267,S2B_MSIL2A_20231102T161429_R140_T17RLM_20241021T003303,2023-11-02,0.0,36632,['2021-08-21']
451,28.57895,-82.654267,S2B_MSIL2A_20221207T161649_R140_T17RLM_20221208T155525,2022-12-07,0.1,49924,['2021-08-21']
451,28.57895,-82.654267,S2B_MSIL2A_20250112T160529_R097_T17RLM_20250112T210836,2025-01-12,0.12,48368,['2021-08-21']
451,28.57895,-82.654267,S2B_MSIL2A_20191110T160459_R097_T17RLM_20201003T151339,2019-11-10,0.2,50980,['2021-08-21']
452,28.60204821,-82.65462873,S2B_MSIL2A_20241014T160129_R097_T17RLM_20241014T202025,2024-10-14,0.0,43692,['2021-08-21']
452,28.60204821,-82.65462873,S2A_MSIL2A_20240225T161241_R140_T17RLM_20240225T231908,2024-02-25,0.0,37624,['2021-08-21']
452,28.60204821,-82.65462873,S2A_MSIL2A_20160924T161342_R140_T17RLM_20210213T041642,2016-09-24,0.0,40148,['2021-08-21']
452,28.60204821,-82.65462873,S2A_MSIL2A_20200903T160911_R140_T17RLM_20201027T145921,2020-09-03,0.0,39624,['2021-08-21']
452,28.60204821,-82.65462873,S2B_MSIL2A_20250125T161449_R140_T17RLM_20250125T202300,2025-01-25,0.0,36356,['2021-08-21']
453,28.60172627,-82.68080128,S2B_MSIL2A_20251012T161129_R140_T17RLM_20251012T211429,2025-10-12,0.0,66564,['2021-08-21']
453,28.60172627,-82.68080128,S2B_MSIL2A_20220210T161409_R140_T17RLM_20220221T123139,2022-02-10,0.0,66564,['2021-08-21']
453,28.60172627,-82.68080128,S2B_MSIL2A_20210106T161649_R140_T17RLM_20210107T063742,2021-01-06,0.0,66564,['2021-08-21']
453,28.60172627,-82.68080128,S2A_MSIL2A_20180104T160641_R097_T17RLM_20201014T031503,2018-01-04,0.0,66564,['2021-08-21']
453,28.60172627,-82.68080128,S2C_MSIL2A_20250726T155921_R097_T17RLM_20250726T211924,2025-07-26,0.0,66564,['2021-08-21']
454,28.57862836,-82.68043384,S2A_MSIL2A_20161110T160502_R097_T17RLM_20210414T034154,2016-11-10,0.0,66564,['2021-08-21']
454,28.57862836,-82.68043384,S2B_MSIL2A_20240825T155819_R097_T17RLM_20240825T202603,2024-08-25,0.0,66564,['2021-08-21']
454,28.57862836,-82.68043384,S2B_MSIL2A_20191120T160549_R097_T17RLM_20201003T182652,2019-11-20,0.0,66564,['2021-08-21']
454,28.57862836,-82.68043384,S2A_MSIL2A_20210508T155901_R097_T17RLM_20210509T121122,2021-05-08,0.0,66564,['2021-08-21']
454,28.57862836,-82.68043384,S2B_MSIL2A_20200122T161549_R140_T17RLM_20201002T062029,2020-01-22,0.0,66564,['2021-08-21']
455,28.55553038,-82.68006683,S2B_MSIL2A_20191011T160209_R097_T17RLM_20201004T011539,2019-10-11,0.0,66564,['2021-08-21']
455,28.55553038,-82.68006683,S2A_MSIL2A_20260209T162511_R140_T17RLM_20260209T202707,2026-02-09,0.0,66564,['2021-08-21']
455,28.55553038,-82.68006683,S2B_MSIL2A_20210317T160919_R140_T17RLM_20210318T230551,2021-03-17,0.0,66564,['2021-08-21']
455,28.55553038,-82.68006683,S2B_MSIL2A_20240121T161559_R140_T17RLM_20240121T221120,2024-01-21,0.0,66564,['2021-08-21']
455,28.55553038,-82.68006683,S2B_MSIL2A_20220329T155819_R097_T17RLM_20240603T114523,2022-03-29,0.0,66564,['2021-08-21']
456,28.55585171,-82.6539057,S2A_MSIL2A_20220801T155911_R097_T17RLM_20220802T132446,2022-08-01,0.0,45308,['2021-08-21']
456,28.55585171,-82.6539057,S2A_MSIL2A_20161110T160502_R097_T17RLM_20210414T034154,2016-11-10,0.0,47440,['2021-08-21']
456,28.55585171,-82.6539057,S2A_MSIL2A_20161223T161702_R140_T17RLM_20210214T000232,2016-12-23,0.0,46436,['2021-08-21']
456,28.55585171,-82.6539057,S2A_MSIL2A_20240422T155821_R097_T17RLM_20240423T001817,2024-04-22,0.0,45600,['2021-08-21']
456,28.55585171,-82.6539057,S2A_MSIL2A_20221112T161521_R140_T17RLM_20240805T055011,2022-11-12,0.0,39344,['2021-08-21']
460,27.3871,-82.6252,S2A_MSIL2A_20201030T160411_R097_T17RLL_20201101T214348,2020-10-30,1.51,51280,['2018-11-10']
460,27.3871,-82.6252,S2A_MSIL2A_20200203T160451_R097_T17RLL_20200930T153519,2020-02-03,1.56,51260,['2018-11-10']
460,27.3871,-82.6252,S2B_MSIL2A_20210413T155819_R097_T17RLL_20210414T111142,2021-04-13,2.19,51148,['2018-11-10']
460,27.3871,-82.6252,S2A_MSIL2A_20170926T160021_R097_T17RLL_20210202T100821,2017-09-26,2.44,51616,['2018-11-10']
460,27.3871,-82.6252,S2A_MSIL2A_20251215T160711_R097_T17RLL_20251215T193112,2025-12-15,3.41,52484,['2018-11-10']
461,27.41020255,-82.62553799,S2A_MSIL2A_20221209T160651_R097_T17RLL_20221210T144518,2022-12-09,0.0,66076,['2018-11-10']
461,27.41020255,-82.62553799,S2B_MSIL2A_20180218T160309_R097_T17RLL_20201013T225427,2018-02-18,0.0,66564,['2018-11-10']
461,27.41020255,-82.62553799,S2C_MSIL2A_20250226T160251_R097_T17RLL_20250226T192212,2025-02-26,0.0,66564,['2018-11-10']
461,27.41020255,-82.62553799,S2B_MSIL2A_20220607T155819_R097_T17RLL_20220608T053252,2022-06-07,0.0,66552,['2018-11-10']
461,27.41020255,-82.62553799,S2B_MSIL2A_20210413T155819_R097_T17RLL_20210414T111142,2021-04-13,0.0,66564,['2018-11-10']
466,27.3642962,-82.59898629,S2B_MSIL2A_20260117T160509_R097_T17RLL_20260117T195809,2026-01-17,0.0,63576,"['2018-11-10', '2018-11-10', '2021-08-01']"
466,27.3642962,-82.59898629,S2A_MSIL2A_20180305T160131_R097_T17RLL_20201013T065308,2018-03-05,0.05,63532,"['2018-11-10', '2018-11-10', '2021-08-01']"
466,27.3642962,-82.59898629,S2B_MSIL2A_20200617T155829_R097_T17RLL_20200823T032740,2020-06-17,0.06,63392,"['2018-11-10', '2018-11-10', '2021-08-01']"
466,27.3642962,-82.59898629,S2B_MSIL2A_20201124T160609_R097_T17RLL_20201125T192000,2020-11-24,0.1,63568,"['2018-11-10', '2018-11-10', '2021-08-01']"
466,27.3642962,-82.59898629,S2B_MSIL2A_20211229T160649_R097_T17RLL_20211230T213445,2021-12-29,0.11,63544,"['2018-11-10', '2018-11-10', '2021-08-01']"
467,27.38739912,-82.59931851,S2A_MSIL2A_20190529T155911_R097_T17RLL_20201006T194437,2019-05-29,0.0,66564,['2018-11-10']
467,27.38739912,-82.59931851,S2A_MSIL2A_20160802T155912_R097_T17RLL_20210212T102714,2016-08-02,0.0,66564,['2018-11-10']
467,27.38739912,-82.59931851,S2B_MSIL2A_20241024T160239_R097_T17RLL_20241024T213906,2024-10-24,0.0,66564,['2018-11-10']
467,27.38739912,-82.59931851,S2A_MSIL2A_20230418T155821_R097_T17RLL_20230419T160550,2023-04-18,0.0,66564,['2018-11-10']
467,27.38739912,-82.59931851,S2A_MSIL2A_20210128T160521_R097_T17RLL_20210202T105133,2021-01-28,0.0,66564,['2018-11-10']
468,27.41050197,-82.59965113,S2A_MSIL2A_20230309T160101_R097_T17RLL_20240823T143703,2023-03-09,0.0,63576,['2018-11-10']
468,27.41050197,-82.59965113,S2B_MSIL2A_20220329T155819_R097_T17RLL_20220330T040452,2022-03-29,0.0,63580,['2018-11-10']
468,27.41050197,-82.59965113,S2B_MSIL2A_20240207T160429_R097_T17RLL_20240207T220723,2024-02-07,0.0,63252,['2018-11-10']
468,27.41050197,-82.59965113,S2C_MSIL2A_20251014T160241_R097_T17RLL_20251014T191613,2025-10-14,0.0,63504,['2018-11-10']
468,27.41050197,-82.59965113,S2A_MSIL2A_20211124T160611_R097_T17RLL_20211125T043051,2021-11-24,0.2,63264,['2018-11-10']
469,29.76223381,-85.37454822,S2B_MSIL2A_20220220T161209_R140_T16RFT_20220226T045345,2022-02-20,0.0,66384,['2021-10-26']
469,29.76223381,-85.37454822,S2B_MSIL2A_20240104T162659_R040_T16RFU_20240104T203236,2024-01-04,0.0,66516,['2021-10-26']
469,29.76223381,-85.37454822,S2A_MSIL2A_20160111T162642_R040_T16RFU_20210527T150451,2016-01-11,0.0,55472,['2021-10-26']
469,29.76223381,-85.37454822,S2B_MSIL2A_20241027T161259_R140_T16RFU_20241027T201818,2024-10-27,0.0,66564,['2021-10-26']
469,29.76223381,-85.37454822,S2A_MSIL2A_20240624T160901_R140_T16RFT_20240625T005904,2024-06-24,0.0,66564,['2021-10-26']
470,29.76157258,-85.32161051,S2B_MSIL2A_20250912T160819_R140_T16RFU_20250912T201512,2025-09-12,0.0,66564,['2021-10-26']
470,29.76157258,-85.32161051,S2B_MSIL2A_20231003T161019_R140_T16RFU_20231004T004544,2023-10-03,0.0,66564,['2021-10-26']
470,29.76157258,-85.32161051,S2A_MSIL2A_20221202T161631_R140_T16RFU_20221204T002456,2022-12-02,0.0,66564,['2021-10-26']
470,29.76157258,-85.32161051,S2A_MSIL2A_20200327T160901_R140_T16RFT_20201027T113426,2020-03-27,0.0,66564,['2021-10-26']
470,29.76157258,-85.32161051,S2B_MSIL2A_20181218T161659_R140_T16RFU_20201008T111624,2018-12-18,0.01,66560,['2021-10-26']
471,29.80776019,-85.32083963,S2B_MSIL2A_20231125T162609_R040_T16RFU_20231125T201735,2023-11-25,0.0,63356,['2021-10-26']
471,29.80776019,-85.32083963,S2B_MSIL2A_20230126T161539_R140_T16RFU_20240812T142206,2023-01-26,0.0,63960,['2021-10-26']
471,29.80776019,-85.32083963,S2A_MSIL2A_20240704T160901_R140_T16RFT_20240706T010013,2024-07-04,0.0,63932,['2021-10-26']
471,29.80776019,-85.32083963,S2A_MSIL2A_20160507T161342_R140_T16RFU_20210211T092437,2016-05-07,0.02,63940,['2021-10-26']
471,29.80776019,-85.32083963,S2A_MSIL2A_20220923T161001_R140_T16RFU_20220924T184134,2022-09-23,0.03,63984,['2021-10-26']
472,28.17274774,-82.8504568,S2C_MSIL2A_20250726T155921_R097_T17RLM_20250726T211924,2025-07-26,0.14,56036,"['2021-07-22', '2023-03-09']"
472,28.17274774,-82.8504568,S2C_MSIL2A_20251226T161711_R140_T17RLM_20251226T200311,2025-12-26,0.2,56004,"['2021-07-22', '2023-03-09']"
472,28.17274774,-82.8504568,S2B_MSIL2A_20220329T155819_R097_T17RLM_20240603T114523,2022-03-29,0.65,55932,"['2021-07-22', '2023-03-09']"
472,28.17274774,-82.8504568,S2B_MSIL2A_20251012T161129_R140_T17RLM_20251012T211429,2025-10-12,1.29,55408,"['2021-07-22', '2023-03-09']"
472,28.17274774,-82.8504568,S2B_MSIL2A_20171103T161419_R140_T17RLM_20201014T181427,2017-11-03,2.06,55564,"['2021-07-22', '2023-03-09']"
474,26.087517,-81.809133,S2A_MSIL2A_20221219T160701_R097_T17RMJ_20221220T130546,2022-12-19,0.04,61340,"['2018-11-20', '2019-11-10', '2019-11-30']"
474,26.087517,-81.809133,S2B_MSIL2A_20240207T160429_R097_T17RMJ_20240207T220718,2024-02-07,0.15,61196,"['2018-11-20', '2019-11-10', '2019-11-30']"
474,26.087517,-81.809133,S2A_MSIL2A_20220712T155921_R097_T17RMJ_20240713T031722,2022-07-12,0.78,60596,"['2018-11-20', '2019-11-10', '2019-11-30']"
474,26.087517,-81.809133,S2A_MSIL2A_20201010T160211_R097_T17RMJ_20201011T222439,2020-10-10,1.82,60124,"['2018-11-20', '2019-11-10', '2019-11-30']"
474,26.087517,-81.809133,S2B_MSIL2A_20200428T155819_R097_T17RMJ_20200922T122640,2020-04-28,1.83,59948,"['2018-11-20', '2019-11-10', '2019-11-30']"
475,26.11063081,-81.80929206,S2B_MSIL2A_20220118T160559_R097_T17RMJ_20220119T155146,2022-01-18,1.37,50252,"['2018-11-20', '2019-11-10', '2019-11-30', '2020-12-19']"
475,26.11063081,-81.80929206,S2A_MSIL2A_20170208T160411_R097_T17RMJ_20210208T085639,2017-02-08,1.44,49760,"['2018-11-20', '2019-11-10', '2019-11-30', '2020-12-19']"
475,26.11063081,-81.80929206,S2A_MSIL2A_20161001T160052_R097_T17RMJ_20210213T062945,2016-10-01,1.75,49356,"['2018-11-20', '2019-11-10', '2019-11-30', '2020-12-19']"
475,26.11063081,-81.80929206,S2B_MSIL2A_20241113T160429_R097_T17RMJ_20241114T075919,2024-11-13,1.84,50312,"['2018-11-20', '2019-11-10', '2019-11-30', '2020-12-19']"
475,26.11063081,-81.80929206,S2B_MSIL2A_20211010T160109_R097_T17RMJ_20211011T030137,2021-10-10,2.44,49384,"['2018-11-20', '2019-11-10', '2019-11-30', '2020-12-19']"
477,30.38703011,-86.54136488,S2B_MSIL2A_20240712T161829_R040_T16REU_20240712T222507,2024-07-12,0.0,49464,"['2018-10-27', '2021-09-26']"
477,30.38703011,-86.54136488,S2C_MSIL2A_20250202T162531_R040_T16REU_20250204T172110,2025-02-02,0.89,49216,"['2018-10-27', '2021-09-26']"
477,30.38703011,-86.54136488,S2B_MSIL2A_20231105T162449_R040_T16REU_20241029T115855,2023-11-05,1.03,49680,"['2018-10-27', '2021-09-26']"
477,30.38703011,-86.54136488,S2B_MSIL2A_20240114T162629_R040_T16REU_20240114T201707,2024-01-14,1.73,49540,"['2018-10-27', '2021-09-26']"
477,30.38703011,-86.54136488,S2B_MSIL2A_20200802T161829_R040_T16REU_20200815T223850,2020-08-02,6.3,49536,"['2018-10-27', '2021-09-26']"
481,28.05098563,-82.84470271,S2A_MSIL2A_20200622T155911_R097_T17RLM_20200823T162329,2020-06-22,0.0,66564,"['2018-09-24', '2021-09-25']"
481,28.05098563,-82.84470271,S2B_MSIL2A_20191223T161659_R140_T17RLM_20201003T085038,2019-12-23,0.0,66564,"['2018-09-24', '2021-09-25']"
481,28.05098563,-82.84470271,S2A_MSIL2A_20201102T161431_R140_T17RLM_20201104T005846,2020-11-02,0.01,66556,"['2018-09-24', '2021-09-25']"
481,28.05098563,-82.84470271,S2A_MSIL2A_20170330T155901_R097_T17RLM_20210209T030951,2017-03-30,0.01,66556,"['2018-09-24', '2021-09-25']"
481,28.05098563,-82.84470271,S2B_MSIL2A_20171213T161649_R140_T17RLM_20201014T135559,2017-12-13,0.02,66548,"['2018-09-24', '2021-09-25']"
482,28.02857704,-82.79224785,S2A_MSIL2A_20230915T155901_R097_T17RLM_20230916T021628,2023-09-15,0.01,38508,['2021-09-25']
482,28.02857704,-82.79224785,S2A_MSIL2A_20190323T160931_R140_T17RLM_20201007T094259,2019-03-23,0.07,38496,['2021-09-25']
482,28.02857704,-82.79224785,S2B_MSIL2A_20241203T160539_R097_T17RLM_20241203T200858,2024-12-03,0.14,38612,['2021-09-25']
482,28.02857704,-82.79224785,S2C_MSIL2A_20250815T155921_R097_T17RLM_20250815T205115,2025-08-15,0.22,38348,['2021-09-25']
482,28.02857704,-82.79224785,S2B_MSIL2A_20220707T155829_R097_T17RLM_20220708T113558,2022-07-07,0.46,38324,['2021-09-25']
485,26.500278,-82.0475,S2B_MSIL2A_20240417T155819_R097_T17RLK_20240417T231836,2024-04-17,0.0,61796,"['2016-02-14', '2018-04-29', '2018-08-07']"
485,26.500278,-82.0475,S2B_MSIL2A_20260328T155859_R097_T17RLK_20260328T200110,2026-03-28,0.01,61744,"['2016-02-14', '2018-04-29', '2018-08-07']"
485,26.500278,-82.0475,S2C_MSIL2A_20250924T160021_R097_T17RLK_20250924T212114,2025-09-24,0.09,61192,"['2016-02-14', '2018-04-29', '2018-08-07']"
485,26.500278,-82.0475,S2B_MSIL2A_20251228T160559_R097_T17RLK_20251228T210144,2025-12-28,0.12,61500,"['2016-02-14', '2018-04-29', '2018-08-07']"
485,26.500278,-82.0475,S2B_MSIL2A_20180218T160309_R097_T17RLK_20201013T225422,2018-02-18,0.12,60772,"['2016-02-14', '2018-04-29', '2018-08-07']"
486,26.52338892,-82.04770968,S2B_MSIL2A_20171120T160539_R097_T17RLK_20201014T211532,2017-11-20,0.0,61672,"['2018-04-29', '2018-08-07']"
486,26.52338892,-82.04770968,S2A_MSIL2A_20220212T160401_R097_T17RLK_20220222T093822,2022-02-12,0.0,61812,"['2018-04-29', '2018-08-07']"
486,26.52338892,-82.04770968,S2A_MSIL2A_20190926T160021_R097_T17RLK_20201004T171725,2019-09-26,0.0,61796,"['2018-04-29', '2018-08-07']"
486,26.52338892,-82.04770968,S2B_MSIL2A_20200707T155819_R097_T17RLK_20200912T094138,2020-07-07,0.01,61540,"['2018-04-29', '2018-08-07']"
486,26.52338892,-82.04770968,S2A_MSIL2A_20230915T155901_R097_T17RLK_20241103T091138,2023-09-15,0.04,62404,"['2018-04-29', '2018-08-07']"
490,27.8886,-82.5547,S2A_MSIL2A_20230418T155821_R097_T17RLL_20230419T160550,2023-04-18,0.0,66428,['2021-07-17']
490,27.8886,-82.5547,S2A_MSIL2A_20200203T160451_R097_T17RLL_20200930T153519,2020-02-03,0.01,66504,['2021-07-17']
490,27.8886,-82.5547,S2C_MSIL2A_20250226T160251_R097_T17RLL_20250226T192212,2025-02-26,0.47,66156,['2021-07-17']
490,27.8886,-82.5547,S2B_MSIL2A_20220329T155819_R097_T17RLL_20220330T040452,2022-03-29,0.5,66116,['2021-07-17']
490,27.8886,-82.5547,S2A_MSIL2A_20211124T160611_R097_T17RLL_20211125T043051,2021-11-24,0.71,66024,['2021-07-17']
491,27.91140565,-82.58103605,S2A_MSIL2A_20170817T155901_R097_T17RLL_20210201T031949,2017-08-17,0.0,66564,['2021-07-17']
491,27.91140565,-82.58103605,S2B_MSIL2A_20171031T160359_R097_T17RLL_20201015T033027,2017-10-31,0.0,66564,['2021-07-17']
491,27.91140565,-82.58103605,S2A_MSIL2A_20211124T160611_R097_T17RLL_20211125T043051,2021-11-24,0.0,66564,['2021-07-17']
491,27.91140565,-82.58103605,S2A_MSIL2A_20180404T155901_R097_T17RLL_20201012T181114,2018-04-04,0.0,66564,['2021-07-17']
491,27.91140565,-82.58103605,S2C_MSIL2A_20250318T160021_R097_T17RLL_20250318T212400,2025-03-18,0.0,66564,['2021-07-17']
492,27.88830426,-82.58070025,S2A_MSIL2A_20240721T155901_R097_T17RLL_20240722T005326,2024-07-21,0.0,65672,['2021-07-17']
492,27.88830426,-82.58070025,S2B_MSIL2A_20180218T160309_R097_T17RLL_20201013T225427,2018-02-18,0.46,65252,['2021-07-17']
492,27.88830426,-82.58070025,S2B_MSIL2A_20230811T155829_R097_T17RLL_20241025T121853,2023-08-11,0.47,65316,['2021-07-17']
492,27.88830426,-82.58070025,S2A_MSIL2A_20240412T155901_R097_T17RLL_20240413T001435,2024-04-12,0.49,65268,['2021-07-17']
492,27.88830426,-82.58070025,S2B_MSIL2A_20171031T160359_R097_T17RLL_20201015T033027,2017-10-31,0.56,65240,['2021-07-17']
493,27.8652028,-82.58036485,S2A_MSIL2A_20160802T155912_R097_T17RLL_20210212T102714,2016-08-02,0.01,66404,['2021-07-17']
493,27.8652028,-82.58036485,S2B_MSIL2A_20201015T160149_R097_T17RLL_20201019T065153,2020-10-15,0.01,66380,['2021-07-17']
493,27.8652028,-82.58036485,S2A_MSIL2A_20180504T155911_R097_T17RLL_20201012T054309,2018-05-04,0.02,66372,['2021-07-17']
493,27.8652028,-82.58036485,S2B_MSIL2A_20191110T160459_R097_T17RLL_20201003T151344,2019-11-10,0.02,66372,['2021-07-17']
493,27.8652028,-82.58036485,S2B_MSIL2A_20190223T160249_R097_T17RLL_20201007T195915,2019-02-23,0.03,66332,['2021-07-17']
495,27.29865472,-80.23080422,S2C_MSIL2A_20251120T160521_R054_T17RNL_20251120T190712,2025-11-20,0.0,51704,['2018-10-28']
495,27.29865472,-80.23080422,S2B_MSIL2A_20240214T160509_R054_T17RNL_20240214T214409,2024-02-14,0.01,51640,['2018-10-28']
495,27.29865472,-80.23080422,S2A_MSIL2A_20221027T160511_R054_T17RNL_20240716T104551,2022-10-27,0.08,50752,['2018-10-28']
495,27.29865472,-80.23080422,S2A_MSIL2A_20250327T160521_R054_T17RNL_20250327T190115,2025-03-27,0.09,51472,['2018-10-28']
495,27.29865472,-80.23080422,S2B_MSIL2A_20260404T160509_R054_T17RNL_20260404T210418,2026-04-04,0.12,51572,['2018-10-28']
496,27.27554455,-80.23096341,S2C_MSIL2A_20251120T160521_R054_T17RNL_20251120T190712,2025-11-20,0.0,56124,['2018-10-28']
496,27.27554455,-80.23096341,S2B_MSIL2A_20230510T160519_R054_T17RNL_20230510T222911,2023-05-10,0.0,55740,['2018-10-28']
496,27.27554455,-80.23096341,S2A_MSIL2A_20240509T160511_R054_T17RNL_20240509T234232,2024-05-09,0.42,55504,['2018-10-28']
496,27.27554455,-80.23096341,S2B_MSIL2A_20221022T160509_R054_T17RNL_20221023T133134,2022-10-22,0.47,55996,['2018-10-28']
496,27.27554455,-80.23096341,S2B_MSIL2A_20191207T160509_R054_T17RNL_20201003T020435,2019-12-07,0.68,55904,['2018-10-28']
497,27.2522899,-80.20526435,S2A_MSIL2A_20240320T160511_R054_T17RNL_20240320T233820,2024-03-20,0.2,48872,['2018-10-28']
497,27.2522899,-80.20526435,S2A_MSIL2A_20190106T160511_R054_T17RNL_20201007T231549,2019-01-06,1.31,48412,['2018-10-28']
497,27.2522899,-80.20526435,S2C_MSIL2A_20250921T160521_R054_T17RNL_20250921T204010,2025-09-21,2.01,48404,['2018-10-28']
497,27.2522899,-80.20526435,S2A_MSIL2A_20220410T160511_R054_T17RNL_20220411T153119,2022-04-10,2.28,48316,['2018-10-28']
497,27.2522899,-80.20526435,S2A_MSIL2A_20190526T160511_R054_T17RNL_20201006T183448,2019-05-26,2.91,46812,['2018-10-28']
500,27.47734058,-80.31056166,S2A_MSIL2A_20240509T160511_R054_T17RNL_20240509T234232,2024-05-09,0.02,38620,"['2018-10-28', '2023-06-04']"
500,27.47734058,-80.31056166,S2A_MSIL2A_20221206T160511_R054_T17RNL_20221207T160126,2022-12-06,0.05,39184,"['2018-10-28', '2023-06-04']"
500,27.47734058,-80.31056166,S2B_MSIL2A_20250208T160509_R054_T17RNL_20250208T193951,2025-02-08,0.06,39168,"['2018-10-28', '2023-06-04']"
500,27.47734058,-80.31056166,S2B_MSIL2A_20231206T160509_R054_T17RNL_20241021T102801,2023-12-06,0.16,35388,"['2018-10-28', '2023-06-04']"
500,27.47734058,-80.31056166,S2B_MSIL2A_20200505T160509_R054_T17RNL_20200920T162355,2020-05-05,0.53,38168,"['2018-10-28', '2023-06-04']"
509,26.256533,-82.322267,S2A_MSIL2A_20160514T155912_R097_T17RLK_20210211T111802,2016-05-14,0.0,66564,['2018-09-16']
509,26.256533,-82.322267,S2B_MSIL2A_20231219T160659_R097_T17RLK_20231222T001352,2023-12-19,0.0,66564,['2018-09-16']
509,26.256533,-82.322267,S2A_MSIL2A_20170529T155911_R097_T17RLK_20210209T190257,2017-05-29,0.0,66564,['2018-09-16']
509,26.256533,-82.322267,S2C_MSIL2A_20251113T160531_R097_T17RLK_20251113T194111,2025-11-13,0.0,66564,['2018-09-16']
509,26.256533,-82.322267,S2B_MSIL2A_20221025T160339_R097_T17RLK_20240724T153558,2022-10-25,0.0,66564,['2018-09-16']
510,26.2796424,-82.32252887,S2A_MSIL2A_20190926T160021_R097_T17RLK_20201004T171725,2019-09-26,0.0,66564,['2018-09-16']
510,26.2796424,-82.32252887,S2B_MSIL2A_20190325T155909_R097_T17RLK_20201007T104120,2019-03-25,0.0,66564,['2018-09-16']
510,26.2796424,-82.32252887,S2B_MSIL2A_20200408T155819_R097_T17RLK_20200925T140327,2020-04-08,0.0,66564,['2018-09-16']
510,26.2796424,-82.32252887,S2A_MSIL2A_20230627T155821_R097_T17RLK_20230628T022813,2023-06-27,0.0,66564,['2018-09-16']
510,26.2796424,-82.32252887,S2A_MSIL2A_20170208T160411_R097_T17RLK_20210208T085633,2017-02-08,0.0,66564,['2018-09-16']
511,26.2794039,-82.34816299,S2A_MSIL2A_20210925T160021_R097_T17RLK_20210926T163159,2021-09-25,0.0,66564,['2018-09-16']
511,26.2794039,-82.34816299,S2B_MSIL2A_20220428T155819_R097_T17RLK_20220713T223642,2022-04-28,0.0,66564,['2018-09-16']
511,26.2794039,-82.34816299,S2B_MSIL2A_20211109T160459_R097_T17RLK_20211110T021037,2021-11-09,0.0,66564,['2018-09-16']
511,26.2794039,-82.34816299,S2A_MSIL2A_20200304T160131_R097_T17RLK_20201101T170705,2020-03-04,0.0,66564,['2018-09-16']
511,26.2794039,-82.34816299,S2A_MSIL2A_20240909T155901_R097_T17RLK_20240909T230449,2024-09-09,0.0,66564,['2018-09-16']
512,26.25629474,-82.34789605,S2A_MSIL2A_20201209T160641_R097_T17RLK_20210105T205635,2020-12-09,0.0,66564,['2018-09-16']
512,26.25629474,-82.34789605,S2B_MSIL2A_20171210T160639_R097_T17RLK_20201014T131722,2017-12-10,0.0,66564,['2018-09-16']
512,26.25629474,-82.34789605,S2B_MSIL2A_20190325T155909_R097_T17RLK_20201007T104120,2019-03-25,0.0,66564,['2018-09-16']
512,26.25629474,-82.34789605,S2A_MSIL2A_20230418T155821_R097_T17RLK_20240906T005219,2023-04-18,0.0,66564,['2018-09-16']
512,26.25629474,-82.34789605,S2A_MSIL2A_20170509T155911_R097_T17RLK_20210209T141858,2017-05-09,0.0,66564,['2018-09-16']
513,26.25676669,-82.29663763,S2A_MSIL2A_20230108T160641_R097_T17RLK_20240812T081749,2023-01-08,0.0,66564,['2018-09-16']
513,26.25676669,-82.29663763,S2B_MSIL2A_20240815T155819_R097_T17RLK_20240815T202258,2024-08-15,0.0,66564,['2018-09-16']
513,26.25676669,-82.29663763,S2B_MSIL2A_20240207T160429_R097_T17RLK_20240207T220711,2024-02-07,0.0,66564,['2018-09-16']
513,26.25676669,-82.29663763,S2A_MSIL2A_20170509T155911_R097_T17RLK_20210209T141858,2017-05-09,0.0,66564,['2018-09-16']
513,26.25676669,-82.29663763,S2A_MSIL2A_20250509T160701_R097_T17RLK_20250509T224859,2025-05-09,0.0,66564,['2018-09-16']
514,26.27987633,-82.29689442,S2A_MSIL2A_20161021T160402_R097_T17RLK_20210213T130414,2016-10-21,0.0,66564,['2018-09-16']
514,26.27987633,-82.29689442,S2B_MSIL2A_20191130T160619_R097_T17RLK_20201003T211031,2019-11-30,0.0,66564,['2018-09-16']
514,26.27987633,-82.29689442,S2A_MSIL2A_20211224T160701_R097_T17RLK_20211225T052618,2021-12-24,0.0,66564,['2018-09-16']
514,26.27987633,-82.29689442,S2B_MSIL2A_20211109T160459_R097_T17RLK_20211110T021037,2021-11-09,0.0,66564,['2018-09-16']
514,26.27987633,-82.29689442,S2A_MSIL2A_20170926T160021_R097_T17RLK_20210202T100817,2017-09-26,0.0,66564,['2018-09-16']
517,28.15724797,-82.85045279,S2B_MSIL2A_20230423T155819_R097_T17RLM_20240831T032118,2023-04-23,0.0,61992,['2021-09-03']
517,28.15724797,-82.85045279,S2B_MSIL2A_20230811T155829_R097_T17RLM_20241025T121853,2023-08-11,0.3,61680,['2021-09-03']
517,28.15724797,-82.85045279,S2A_MSIL2A_20250919T161701_R140_T17RLM_20250920T002414,2025-09-19,2.89,60796,['2021-09-03']
517,28.15724797,-82.85045279,S2A_MSIL2A_20190323T160931_R140_T17RLM_20201007T094259,2019-03-23,4.07,60084,['2021-09-03']
517,28.15724797,-82.85045279,S2B_MSIL2A_20171213T161649_R140_T17RLM_20201014T135559,2017-12-13,4.17,60116,['2021-09-03']
518,28.15794234,-82.79832975,S2B_MSIL2A_20251012T161129_R140_T17RLM_20251012T211429,2025-10-12,0.01,47716,['2021-09-03']
518,28.15794234,-82.79832975,S2A_MSIL2A_20230617T155821_R097_T17RLM_20230618T005311,2023-06-17,0.18,47560,['2021-09-03']
518,28.15794234,-82.79832975,S2B_MSIL2A_20171103T161419_R140_T17RLM_20201014T181427,2017-11-03,0.9,47972,['2021-09-03']
518,28.15794234,-82.79832975,S2B_MSIL2A_20240101T161659_R140_T17RLM_20240101T201752,2024-01-01,1.18,46932,['2021-09-03']
518,28.15794234,-82.79832975,S2B_MSIL2A_20170703T155909_R097_T17RLM_20210210T042136,2017-07-03,1.46,47564,['2021-09-03']
525,30.39963275,-86.57375037,S2B_MSIL2A_20260314T161939_R040_T16REU_20260314T214405,2026-03-14,1.5,53704,"['2016-07-19', '2018-10-12']"
525,30.39963275,-86.57375037,S2A_MSIL2A_20190125T162541_R040_T16REU_20201008T043009,2019-01-25,8.76,53328,"['2016-07-19', '2018-10-12']"
525,30.39963275,-86.57375037,S2B_MSIL2A_20211115T162539_R040_T16REU_20211116T013005,2021-11-15,9.39,53744,"['2016-07-19', '2018-10-12']"
525,30.39963275,-86.57375037,S2B_MSIL2A_20201001T162019_R040_T16REU_20201004T083238,2020-10-01,9.58,53932,"['2016-07-19', '2018-10-12']"
525,30.39963275,-86.57375037,S2A_MSIL2A_20200718T161911_R040_T16REU_20200816T144517,2020-07-18,9.95,53084,"['2016-07-19', '2018-10-12']"
531,29.84867,-85.398,S2B_MSIL2A_20230625T160829_R140_T16RFU_20230625T224445,2023-06-25,0.0,38860,['2018-10-29']
531,29.84867,-85.398,S2A_MSIL2A_20230315T162031_R040_T16RFU_20230315T233837,2023-03-15,0.37,42468,['2018-10-29']
531,29.84867,-85.398,S2A_MSIL2A_20160507T161342_R140_T16RFU_20210211T092437,2016-05-07,0.37,42384,['2018-10-29']
531,29.84867,-85.398,S2A_MSIL2A_20191002T162111_R040_T16RFU_20201003T214301,2019-10-02,1.03,42400,['2018-10-29']
531,29.84867,-85.398,S2B_MSIL2A_20170818T161859_R040_T16RFU_20201019T223732,2017-08-18,1.82,41180,['2018-10-29']
532,29.82557549,-85.39836855,S2A_MSIL2A_20241201T161631_R140_T16RFU_20241201T193354,2024-12-01,0.0,49200,['2018-10-29']
532,29.82557549,-85.39836855,S2A_MSIL2A_20230918T160921_R140_T16RFU_20230919T101736,2023-09-18,0.02,58520,['2018-10-29']
532,29.82557549,-85.39836855,S2B_MSIL2A_20210923T160909_R140_T16RFU_20210924T114222,2021-09-23,0.07,51888,['2018-10-29']
532,29.82557549,-85.39836855,S2A_MSIL2A_20171029T161401_R140_T16RFU_20201015T025842,2017-10-29,0.1,56900,['2018-10-29']
532,29.82557549,-85.39836855,S2C_MSIL2A_20250410T160921_R140_T16RFU_20250410T211116,2025-04-10,0.37,58428,['2018-10-29']
537,26.5857,-82.0645,S2B_MSIL2A_20240815T155819_R097_T17RLK_20240815T202258,2024-08-15,0.0,46064,"['2016-11-20', '2018-01-09']"
537,26.5857,-82.0645,S2A_MSIL2A_20180414T155901_R097_T17RLK_20201012T221013,2018-04-14,0.0,45100,"['2016-11-20', '2018-01-09']"
537,26.5857,-82.0645,S2B_MSIL2A_20251228T160559_R097_T17RLK_20251228T210144,2025-12-28,0.0,46272,"['2016-11-20', '2018-01-09']"
537,26.5857,-82.0645,S2B_MSIL2A_20220428T155819_R097_T17RLK_20220713T223642,2022-04-28,0.0,45560,"['2016-11-20', '2018-01-09']"
537,26.5857,-82.0645,S2B_MSIL2A_20190223T160249_R097_T17RLK_20201007T195907,2019-02-23,3.68,44092,"['2016-11-20', '2018-01-09']"
538,26.60881051,-82.06471388,S2B_MSIL2A_20251228T160559_R097_T17RLK_20251228T210144,2025-12-28,0.0,38972,"['2016-11-20', '2018-01-09']"
538,26.60881051,-82.06471388,S2B_MSIL2A_20240207T160429_R097_T17RLK_20240207T220711,2024-02-07,0.0,38776,"['2016-11-20', '2018-01-09']"
538,26.60881051,-82.06471388,S2B_MSIL2A_20211229T160649_R097_T17RLK_20211230T211628,2021-12-29,0.0,38580,"['2016-11-20', '2018-01-09']"
538,26.60881051,-82.06471388,S2B_MSIL2A_20221025T160339_R097_T17RLK_20240724T153558,2022-10-25,0.0,39736,"['2016-11-20', '2018-01-09']"
538,26.60881051,-82.06471388,S2A_MSIL2A_20220304T160151_R097_T17RLK_20240528T224642,2022-03-04,0.0,38424,"['2016-11-20', '2018-01-09']"
539,26.56258941,-82.06428638,S2B_MSIL2A_20200408T155819_R097_T17RLK_20200925T140327,2020-04-08,0.0,47136,['2016-11-20']
539,26.56258941,-82.06428638,S2A_MSIL2A_20170509T155911_R097_T17RLK_20210209T141858,2017-05-09,0.0,47132,['2016-11-20']
539,26.56258941,-82.06428638,S2B_MSIL2A_20210314T155929_R097_T17RLK_20210315T193904,2021-03-14,0.0,47032,['2016-11-20']
539,26.56258941,-82.06428638,S2B_MSIL2A_20230403T155829_R097_T17RLK_20230403T223915,2023-04-03,0.0,48164,['2016-11-20']
539,26.56258941,-82.06428638,S2B_MSIL2A_20191120T160549_R097_T17RLK_20201003T182645,2019-11-20,0.0,46900,['2016-11-20']
541,30.40666757,-86.45830554,S2B_MSIL2A_20250905T161829_R040_T16REU_20250905T202408,2025-09-05,0.0,33708,['2021-09-26']
541,30.40666757,-86.45830554,S2C_MSIL2A_20250622T161851_R040_T16REU_20250622T215416,2025-06-22,0.0,33400,['2021-09-26']
541,30.40666757,-86.45830554,S2B_MSIL2A_20220404T161829_R040_T16REU_20240603T090951,2022-04-04,0.01,33780,['2021-09-26']
541,30.40666757,-86.45830554,S2A_MSIL2A_20230822T161831_R040_T16REU_20230823T195454,2023-08-22,0.01,33184,['2021-09-26']
541,30.40666757,-86.45830554,S2B_MSIL2A_20200504T161829_R040_T16REU_20200920T125827,2020-05-04,0.38,33648,['2021-09-26']
542,30.40655431,-86.43165459,S2B_MSIL2A_20250319T161909_R040_T16REU_20250319T215748,2025-03-19,0.0,37676,['2021-09-26']
542,30.40655431,-86.43165459,S2A_MSIL2A_20230213T162401_R040_T16REU_20240816T014207,2023-02-13,0.0,37860,['2021-09-26']
542,30.40655431,-86.43165459,S2B_MSIL2A_20240423T161829_R040_T16REU_20240423T211303,2024-04-23,0.02,37320,['2021-09-26']
542,30.40655431,-86.43165459,S2A_MSIL2A_20190704T161911_R040_T16REU_20201005T090758,2019-07-04,0.62,37304,['2021-09-26']
542,30.40655431,-86.43165459,S2A_MSIL2A_20210404T161901_R040_T16REU_20210405T105917,2021-04-04,0.78,37452,['2021-09-26']
543,26.65253509,-82.09193394,S2A_MSIL2A_20170310T160041_R097_T17RLK_20210208T212028,2017-03-10,0.01,60996,"['2018-01-09', '2019-11-20', '2021-03-19', '2023-04-18']"
543,26.65253509,-82.09193394,S2A_MSIL2A_20170926T160021_R097_T17RLK_20210202T100817,2017-09-26,0.04,60772,"['2018-01-09', '2019-11-20', '2021-03-19', '2023-04-18']"
543,26.65253509,-82.09193394,S2A_MSIL2A_20200304T160131_R097_T17RLK_20201101T170705,2020-03-04,0.05,60888,"['2018-01-09', '2019-11-20', '2021-03-19', '2023-04-18']"
543,26.65253509,-82.09193394,S2B_MSIL2A_20241203T160539_R097_T17RLK_20241203T200858,2024-12-03,0.06,61808,"['2018-01-09', '2019-11-20', '2021-03-19', '2023-04-18']"
543,26.65253509,-82.09193394,S2B_MSIL2A_20190524T155829_R097_T17RLK_20201006T175852,2019-05-24,0.5,60444,"['2018-01-09', '2019-11-20', '2021-03-19', '2023-04-18']"
544,29.606683,-84.94665,S2C_MSIL2A_20251219T162721_R040_T16RFT_20251219T200415,2025-12-19,0.01,63248,['2021-10-08']
544,29.606683,-84.94665,S2C_MSIL2A_20251020T162331_R040_T16RFT_20251020T201906,2025-10-20,0.04,63192,['2021-10-08']
544,29.606683,-84.94665,S2B_MSIL2A_20210615T160829_R140_T16RFT_20210616T012519,2021-06-15,0.29,62748,['2021-10-08']
544,29.606683,-84.94665,S2B_MSIL2A_20250217T162239_R040_T16RFT_20250217T201947,2025-02-17,0.69,63040,['2021-10-08']
544,29.606683,-84.94665,S2A_MSIL2A_20200804T160911_R140_T16RFT_20200816T030724,2020-08-04,0.84,63104,['2021-10-08']
545,29.62977244,-84.94618171,S2B_MSIL2A_20250319T161909_R040_T16RFT_20250319T215748,2025-03-19,0.02,53416,"['2016-05-07', '2021-10-08']"
545,29.62977244,-84.94618171,S2A_MSIL2A_20161014T161342_R140_T16RFT_20210213T103846,2016-10-14,1.17,54432,"['2016-05-07', '2021-10-08']"
545,29.62977244,-84.94618171,S2A_MSIL2A_20170701T161341_R140_T16RFT_20210210T032358,2017-07-01,1.49,53836,"['2016-05-07', '2021-10-08']"
545,29.62977244,-84.94618171,S2B_MSIL2A_20180323T160929_R140_T16RFT_20201013T131552,2018-03-23,1.5,54240,"['2016-05-07', '2021-10-08']"
545,29.62977244,-84.94618171,S2A_MSIL2A_20190422T160911_R140_T16RFT_20201105T145652,2019-04-22,2.08,53864,"['2016-05-07', '2021-10-08']"
546,29.63017918,-84.9726102,S2A_MSIL2A_20160410T162332_R040_T16RFT_20210211T030030,2016-04-10,0.0,66564,['2021-10-08']
546,29.63017918,-84.9726102,S2A_MSIL2A_20171009T161341_R140_T16RFT_20210202T160039,2017-10-09,0.0,66564,['2021-10-08']
546,29.63017918,-84.9726102,S2A_MSIL2A_20170701T161341_R140_T16RFT_20210210T032358,2017-07-01,0.0,66564,['2021-10-08']
546,29.63017918,-84.9726102,S2B_MSIL2A_20171226T162659_R040_T16RFT_20201014T163457,2017-12-26,0.0,66564,['2021-10-08']
546,29.63017918,-84.9726102,S2B_MSIL2A_20221107T161449_R140_T16RFT_20221108T081525,2022-11-07,0.0,66564,['2021-10-08']
547,29.60708936,-84.97307248,S2B_MSIL2A_20221107T161449_R140_T16RFT_20221108T081525,2022-11-07,0.05,56872,['2021-10-08']
547,29.60708936,-84.97307248,S2C_MSIL2A_20250719T160921_R140_T16RFT_20250719T211215,2025-07-19,0.14,56804,['2021-10-08']
547,29.60708936,-84.97307248,S2A_MSIL2A_20230720T160831_R140_T16RFT_20241016T130721,2023-07-20,0.16,56792,['2021-10-08']
547,29.60708936,-84.97307248,S2B_MSIL2A_20190321T161949_R040_T16RFT_20210515T185834,2019-03-21,1.69,55136,['2021-10-08']
547,29.60708936,-84.97307248,S2B_MSIL2A_20171213T161649_R140_T16RFT_20201014T135558,2017-12-13,2.31,56608,['2021-10-08']
548,29.62936045,-84.91975376,S2C_MSIL2A_20251219T162721_R040_T16RFT_20251219T200415,2025-12-19,0.0,49388,['2021-10-08']
548,29.62936045,-84.91975376,S2B_MSIL2A_20230814T160829_R140_T16RGT_20241020T103406,2023-08-14,0.2,49616,['2021-10-08']
548,29.62936045,-84.91975376,S2A_MSIL2A_20210401T160901_R140_T16RFT_20210402T154314,2021-04-01,1.33,48808,['2021-10-08']
548,29.62936045,-84.91975376,S2A_MSIL2A_20170224T162331_R040_T16RFT_20210208T164621,2017-02-24,2.05,48200,['2021-10-08']
548,29.62936045,-84.91975376,S2A_MSIL2A_20200615T160911_R140_T16RGT_20200827T113053,2020-06-15,2.51,47416,['2021-10-08']
553,26.63532,-82.07101,S2A_MSIL2A_20240701T160031_R097_T17RLK_20240702T012619,2024-07-01,0.0,42488,['2019-11-20']
553,26.63532,-82.07101,S2C_MSIL2A_20250606T155841_R097_T17RLK_20250606T212214,2025-06-06,0.05,42612,['2019-11-20']
553,26.63532,-82.07101,S2A_MSIL2A_20230108T160641_R097_T17RLK_20240812T081749,2023-01-08,0.52,43948,['2019-11-20']
553,26.63532,-82.07101,S2A_MSIL2A_20170926T160021_R097_T17RLK_20210202T100817,2017-09-26,2.0,40756,['2019-11-20']
553,26.63532,-82.07101,S2A_MSIL2A_20180414T155901_R097_T17RLK_20201012T221013,2018-04-14,2.36,40764,['2019-11-20']
557,29.684788,-84.86131128,S2A_MSIL2A_20170112T161621_R140_T16RGT_20210530T064653,2017-01-12,0.0,65976,['2021-10-11']
557,29.684788,-84.86131128,S2B_MSIL2A_20251104T162349_R040_T16RFT_20251104T200740,2025-11-04,0.0,66564,['2021-10-11']
557,29.684788,-84.86131128,S2A_MSIL2A_20240922T161001_R140_T16RGT_20240922T215405,2024-09-22,0.0,66564,['2021-10-11']
557,29.684788,-84.86131128,S2C_MSIL2A_20260309T162111_R040_T16RGT_20260309T210210,2026-03-09,0.0,56396,['2021-10-11']
557,29.684788,-84.86131128,S2A_MSIL2A_20200923T161011_R140_T16RGT_20200926T094624,2020-09-23,0.01,66556,['2021-10-11']
558,29.68521235,-84.88775273,S2B_MSIL2A_20201001T162019_R040_T16RFT_20201004T083254,2020-10-01,0.01,66016,['2021-10-11']
558,29.68521235,-84.88775273,S2B_MSIL2A_20171103T161419_R140_T16RGT_20201014T181432,2017-11-03,0.02,66060,['2021-10-11']
558,29.68521235,-84.88775273,S2B_MSIL2A_20180412T160859_R140_T16RGT_20201012T213509,2018-04-12,0.03,66004,['2021-10-11']
558,29.68521235,-84.88775273,S2A_MSIL2A_20240405T160901_R140_T16RGT_20240406T001814,2024-04-05,0.05,65916,['2021-10-11']
558,29.68521235,-84.88775273,S2A_MSIL2A_20240704T160901_R140_T16RGT_20240706T010223,2024-07-04,0.1,65856,['2021-10-11']
559,29.66212396,-84.88823542,S2B_MSIL2A_20240609T160829_R140_T16RGT_20240609T221907,2024-06-09,0.0,50768,['2021-10-11']
559,29.66212396,-84.88823542,S2B_MSIL2A_20220531T160829_R140_T16RFT_20220601T165905,2022-05-31,0.0,50728,['2021-10-11']
559,29.66212396,-84.88823542,S2B_MSIL2A_20230814T160829_R140_T16RGT_20241020T103406,2023-08-14,0.06,51092,['2021-10-11']
559,29.66212396,-84.88823542,S2B_MSIL2A_20250125T161449_R140_T16RGT_20250125T202300,2025-01-25,0.08,51604,['2021-10-11']
559,29.66212396,-84.88823542,S2B_MSIL2A_20190507T160839_R140_T16RGT_20201006T111958,2019-05-07,0.42,51068,['2021-10-11']
562,25.70475209,-81.38348526,S2B_MSIL2A_20180426T160509_R054_T17RMJ_20201013T030649,2018-04-26,0.0,55628,['2016-10-21']
562,25.70475209,-81.38348526,S2A_MSIL2A_20170208T160411_R097_T17RMJ_20210208T085639,2017-02-08,0.0,66564,['2016-10-21']
562,25.70475209,-81.38348526,S2B_MSIL2A_20240207T160429_R097_T17RMJ_20240207T220718,2024-02-07,0.0,66564,['2016-10-21']
562,25.70475209,-81.38348526,S2C_MSIL2A_20251123T160611_R097_T17RMJ_20251123T194016,2025-11-23,0.0,66564,['2016-10-21']
562,25.70475209,-81.38348526,S2B_MSIL2A_20220329T155819_R097_T17RMJ_20220330T041544,2022-03-29,0.0,66564,['2016-10-21']
564,25.68176035,-81.33238868,S2A_MSIL2A_20240222T160251_R097_T17RMJ_20240222T232202,2024-02-22,0.0,66292,['2016-10-21']
564,25.68176035,-81.33238868,S2B_MSIL2A_20220515T160509_R054_T17RMJ_20240627T105215,2022-05-15,0.0,66372,['2016-10-21']
564,25.68176035,-81.33238868,S2B_MSIL2A_20231119T160549_R097_T17RMJ_20231119T202651,2023-11-19,0.0,66336,['2016-10-21']
564,25.68176035,-81.33238868,S2B_MSIL2A_20210609T160509_R054_T17RMJ_20210610T215902,2021-06-09,0.03,66348,['2016-10-21']
564,25.68176035,-81.33238868,S2B_MSIL2A_20180215T160509_R054_T17RMJ_20201013T214300,2018-02-15,0.07,66360,['2016-10-21']
566,29.37242097,-83.2111659,S2B_MSIL2A_20230307T161129_R140_T17RKN_20240824T160336,2023-03-07,0.0,64492,['2021-10-13']
566,29.37242097,-83.2111659,S2A_MSIL2A_20240425T160901_R140_T17RKN_20240426T005123,2024-04-25,0.0,64216,['2021-10-13']
566,29.37242097,-83.2111659,S2A_MSIL2A_20231018T161251_R140_T17RKN_20231019T153729,2023-10-18,0.04,63972,['2021-10-13']
566,29.37242097,-83.2111659,S2B_MSIL2A_20210725T160829_R140_T17RKN_20210726T133110,2021-07-25,0.16,63988,['2021-10-13']
566,29.37242097,-83.2111659,S2A_MSIL2A_20170721T161351_R140_T17RKN_20210210T121602,2017-07-21,0.17,64268,['2021-10-13']
567,29.34976724,-83.18431387,S2B_MSIL2A_20240220T161219_R140_T17RKN_20240220T211913,2024-02-20,0.0,55028,['2021-10-13']
567,29.34976724,-83.18431387,S2B_MSIL2A_20190924T161009_R140_T17RKN_20201004T164635,2019-09-24,0.0,54992,['2021-10-13']
567,29.34976724,-83.18431387,S2C_MSIL2A_20251017T161301_R140_T17RKN_20251017T191818,2025-10-17,0.0,56580,['2021-10-13']
567,29.34976724,-83.18431387,S2B_MSIL2A_20260321T160859_R140_T17RKN_20260321T200307,2026-03-21,0.0,55548,['2021-10-13']
567,29.34976724,-83.18431387,S2A_MSIL2A_20210220T161301_R140_T17RKN_20210221T053843,2021-02-20,0.01,53916,['2021-10-13']
568,29.702833,-84.784333,S2C_MSIL2A_20251017T161301_R140_T16RGT_20251017T191818,2025-10-17,0.17,53936,['2021-10-13']
568,29.702833,-84.784333,S2B_MSIL2A_20231003T161019_R140_T16RGT_20231004T010501,2023-10-03,0.85,54156,['2021-10-13']
568,29.702833,-84.784333,S2A_MSIL2A_20240525T160901_R140_T16RGT_20240526T011529,2024-05-25,1.5,53076,['2021-10-13']
568,29.702833,-84.784333,S2B_MSIL2A_20171213T161649_R140_T16RGT_20201014T135559,2017-12-13,1.68,52820,['2021-10-13']
568,29.702833,-84.784333,S2A_MSIL2A_20161213T161652_R140_T16RGT_20210213T203835,2016-12-13,2.93,52700,['2021-10-13']
569,29.6801858,-84.81127847,S2A_MSIL2A_20230630T160901_R140_T16RGT_20240928T062144,2023-06-30,0.0,54136,['2021-10-13']
569,29.6801858,-84.81127847,S2C_MSIL2A_20250719T160921_R140_T16RGT_20250719T211215,2025-07-19,0.0,53692,['2021-10-13']
569,29.6801858,-84.81127847,S2A_MSIL2A_20230918T160921_R140_T16RGT_20230919T101743,2023-09-18,0.0,54148,['2021-10-13']
569,29.6801858,-84.81127847,S2B_MSIL2A_20220531T160829_R140_T16RGT_20240627T123125,2022-05-31,0.01,53312,['2021-10-13']
569,29.6801858,-84.81127847,S2A_MSIL2A_20240922T161001_R140_T16RGT_20240922T215405,2024-09-22,0.03,53996,['2021-10-13']
570,29.67974625,-84.78483967,S2C_MSIL2A_20251017T161301_R140_T16RGT_20251017T191818,2025-10-17,0.02,60160,['2021-10-13']
570,29.67974625,-84.78483967,S2B_MSIL2A_20220531T160829_R140_T16RGT_20240627T123125,2022-05-31,0.03,59016,['2021-10-13']
570,29.67974625,-84.78483967,S2B_MSIL2A_20240818T160829_R140_T16RGT_20240818T203501,2024-08-18,0.05,60092,['2021-10-13']
570,29.67974625,-84.78483967,S2B_MSIL2A_20230506T160829_R140_T16RGT_20230506T232942,2023-05-06,0.07,58844,['2021-10-13']
570,29.67974625,-84.78483967,S2B_MSIL2A_20201227T161659_R140_T16RGT_20201228T074053,2020-12-27,2.84,60032,['2021-10-13']
571,26.5443,-80.0429,S2A_MSIL2A_20190205T160511_R054_T17RNK_20201007T141138,2019-02-05,1.32,49876,['2018-09-28']
571,26.5443,-80.0429,S2A_MSIL2A_20180511T160511_R054_T17RNK_20201012T083200,2018-05-11,1.41,49124,['2018-09-28']
571,26.5443,-80.0429,S2B_MSIL2A_20210907T160509_R054_T17RNK_20210908T061645,2021-09-07,1.5,49516,['2018-09-28']
571,26.5443,-80.0429,S2B_MSIL2A_20190918T160509_R054_T17RNK_20201004T144431,2019-09-18,1.9,49956,['2018-09-28']
571,26.5443,-80.0429,S2A_MSIL2A_20160720T160512_R054_T17RNK_20210212T062608,2016-07-20,2.47,48952,['2018-09-28']
572,26.56741141,-80.04270804,S2B_MSIL2A_20230510T160519_R054_T17RNK_20230510T222911,2023-05-10,0.0,41648,['2018-09-28']
572,26.56741141,-80.04270804,S2B_MSIL2A_20231017T160509_R054_T17RNK_20241020T172838,2023-10-17,0.1,40584,['2018-09-28']
572,26.56741141,-80.04270804,S2A_MSIL2A_20221027T160511_R054_T17RNK_20240716T104551,2022-10-27,0.42,40516,['2018-09-28']
572,26.56741141,-80.04270804,S2C_MSIL2A_20250414T160531_R054_T17RNK_20250414T221211,2025-04-14,1.76,42024,['2018-09-28']
572,26.56741141,-80.04270804,S2B_MSIL2A_20171207T160459_R054_T17RNK_20201014T123919,2017-12-07,3.16,42164,['2018-09-28']
574,26.6163,-80.0362,S2B_MSIL2A_20230510T160519_R054_T17RNK_20230510T222911,2023-05-10,0.0,52852,['2018-09-28']
574,26.6163,-80.0362,S2B_MSIL2A_20221211T160509_R054_T17RNK_20221212T060716,2022-12-11,0.03,53420,['2018-09-28']
574,26.6163,-80.0362,S2A_MSIL2A_20221027T160511_R054_T17RNK_20240716T104551,2022-10-27,0.15,52200,['2018-09-28']
574,26.6163,-80.0362,S2B_MSIL2A_20230907T160519_R054_T17RNK_20240908T193200,2023-09-07,0.37,51236,['2018-09-28']
574,26.6163,-80.0362,S2B_MSIL2A_20200106T160509_R054_T17RNK_20201029T100904,2020-01-06,1.75,53056,['2018-09-28']
575,26.63941113,-80.03600609,S2B_MSIL2A_20230301T160509_R054_T17RNK_20240817T102704,2023-03-01,0.08,51200,['2018-09-28']
575,26.63941113,-80.03600609,S2B_MSIL2A_20190302T160509_R054_T17RNK_20201030T092546,2019-03-02,2.21,50716,['2018-09-28']
575,26.63941113,-80.03600609,S2B_MSIL2A_20210917T160509_R054_T17RNK_20210918T050003,2021-09-17,2.25,50188,['2018-09-28']
575,26.63941113,-80.03600609,S2A_MSIL2A_20190106T160511_R054_T17RNK_20201007T231548,2019-01-06,2.76,50416,['2018-09-28']
575,26.63941113,-80.03600609,S2A_MSIL2A_20201027T160521_R054_T17RNK_20201031T162525,2020-10-27,3.57,50228,['2018-09-28']
576,26.59318879,-80.03639367,S2B_MSIL2A_20250817T160509_R054_T17RNK_20250817T210044,2025-08-17,0.0,55220,['2018-09-28']
576,26.59318879,-80.03639367,S2A_MSIL2A_20240130T160511_R054_T17RNK_20240130T222101,2024-01-30,0.1,54912,['2018-09-28']
576,26.59318879,-80.03639367,S2B_MSIL2A_20231017T160509_R054_T17RNK_20241020T172838,2023-10-17,0.58,53176,['2018-09-28']
576,26.59318879,-80.03639367,S2A_MSIL2A_20190205T160511_R054_T17RNK_20201007T141138,2019-02-05,0.93,54660,['2018-09-28']
576,26.59318879,-80.03639367,S2A_MSIL2A_20240608T160521_R054_T17RNK_20240608T231424,2024-06-08,1.95,54476,['2018-09-28']
577,26.8305,-82.148383,S2A_MSIL2A_20230108T160641_R097_T17RLK_20240812T081749,2023-01-08,0.0,47216,['2021-05-18']
577,26.8305,-82.148383,S2C_MSIL2A_20250206T160501_R097_T17RLK_20250206T192610,2025-02-06,0.0,47328,['2021-05-18']
577,26.8305,-82.148383,S2B_MSIL2A_20200905T155829_R097_T17RLK_20201027T145935,2020-09-05,0.0,46440,['2021-05-18']
577,26.8305,-82.148383,S2B_MSIL2A_20190822T155829_R097_T17RLK_20201005T033929,2019-08-22,0.0,46800,['2021-05-18']
577,26.8305,-82.148383,S2B_MSIL2A_20221005T160119_R097_T17RLK_20221006T091333,2022-10-05,0.0,47268,['2021-05-18']
578,26.85360906,-82.1486162,S2B_MSIL2A_20221005T160119_R097_T17RLK_20221006T091333,2022-10-05,0.0,55288,['2021-05-18']
578,26.85360906,-82.1486162,S2A_MSIL2A_20251215T160711_R097_T17RLK_20251215T193112,2025-12-15,0.0,55364,['2021-05-18']
578,26.85360906,-82.1486162,S2A_MSIL2A_20170529T155911_R097_T17RLK_20210209T190257,2017-05-29,0.0,55164,['2021-05-18']
578,26.85360906,-82.1486162,S2B_MSIL2A_20181006T160129_R097_T17RLK_20201009T085222,2018-10-06,0.0,55192,['2021-05-18']
578,26.85360906,-82.1486162,S2C_MSIL2A_20251024T160341_R097_T17RLK_20251024T191119,2025-10-24,0.0,55352,['2021-05-18']
579,26.80739086,-82.14815008,S2B_MSIL2A_20210811T155819_R097_T17RLK_20210812T040634,2021-08-11,0.0,37556,['2021-05-18']
579,26.80739086,-82.14815008,S2B_MSIL2A_20171120T160539_R097_T17RLK_20201014T211532,2017-11-20,0.0,38444,['2021-05-18']
579,26.80739086,-82.14815008,S2B_MSIL2A_20201124T160609_R097_T17RLK_20201125T192103,2020-11-24,0.0,38280,['2021-05-18']
579,26.80739086,-82.14815008,S2B_MSIL2A_20200617T155829_R097_T17RLK_20200823T032741,2020-06-17,0.0,38032,['2021-05-18']
579,26.80739086,-82.14815008,S2A_MSIL2A_20180613T155901_R097_T17RLK_20201026T234702,2018-06-13,0.04,37984,['2021-05-18']
580,28.3728,-82.799,S2B_MSIL2A_20200508T155819_R097_T17RLM_20200921T020149,2020-05-08,0.0,66564,['2021-08-21']
580,28.3728,-82.799,S2A_MSIL2A_20200903T160911_R140_T17RLM_20201027T145921,2020-09-03,0.0,66564,['2021-08-21']
580,28.3728,-82.799,S2B_MSIL2A_20220329T155819_R097_T17RLM_20240603T114523,2022-03-29,0.0,66564,['2021-08-21']
580,28.3728,-82.799,S2B_MSIL2A_20230423T155819_R097_T17RLM_20240831T032118,2023-04-23,0.0,66564,['2021-08-21']
580,28.3728,-82.799,S2C_MSIL2A_20250311T161121_R140_T17RLM_20250311T194113,2025-03-11,0.0,66564,['2021-08-21']
581,28.39589715,-82.79939,S2B_MSIL2A_20180820T160819_R140_T17RLM_20201011T044021,2018-08-20,0.0,66564,['2021-08-21']
581,28.39589715,-82.79939,S2B_MSIL2A_20221008T161149_R140_T17RLM_20221009T061656,2022-10-08,0.0,66564,['2021-08-21']
581,28.39589715,-82.79939,S2B_MSIL2A_20171103T161419_R140_T17RLM_20201014T181427,2017-11-03,0.0,66564,['2021-08-21']
581,28.39589715,-82.79939,S2A_MSIL2A_20201209T160641_R097_T17RLM_20201210T203910,2020-12-09,0.0,66564,['2021-08-21']
581,28.39589715,-82.79939,S2B_MSIL2A_20210523T155819_R097_T17RLM_20210524T152053,2021-05-23,0.0,66564,['2021-08-21']
592,29.77975281,-84.74214907,S2A_MSIL2A_20230630T160901_R140_T16RGT_20240928T062144,2023-06-30,0.0,65580,['2021-11-07']
592,29.77975281,-84.74214907,S2B_MSIL2A_20251101T161329_R140_T16RGU_20251101T201556,2025-11-01,0.0,65644,['2021-11-07']
592,29.77975281,-84.74214907,S2B_MSIL2A_20220220T161209_R140_T16RGU_20220226T043630,2022-02-20,0.0,65300,['2021-11-07']
592,29.77975281,-84.74214907,S2B_MSIL2A_20220511T160829_R140_T16RGT_20220514T032044,2022-05-11,0.0,65204,['2021-11-07']
592,29.77975281,-84.74214907,S2A_MSIL2A_20240624T160901_R140_T16RGT_20240625T005823,2024-06-24,0.0,65456,['2021-11-07']
593,29.78020224,-84.76861333,S2B_MSIL2A_20251101T161329_R140_T16RGU_20251101T201556,2025-11-01,0.0,45360,['2021-11-07']
593,29.78020224,-84.76861333,S2B_MSIL2A_20190427T160839_R140_T16RGT_20201105T203924,2019-04-27,0.31,44712,['2021-11-07']
593,29.78020224,-84.76861333,S2A_MSIL2A_20181103T161431_R140_T16RGU_20201008T152333,2018-11-03,0.45,45020,['2021-11-07']
593,29.78020224,-84.76861333,S2B_MSIL2A_20220531T160829_R140_T16RGT_20240627T123125,2022-05-31,0.59,44240,['2021-11-07']
593,29.78020224,-84.76861333,S2B_MSIL2A_20200102T161649_R140_T16RGT_20201002T220914,2020-01-02,1.04,45088,['2021-11-07']
594,29.7335811,-84.74318432,S2B_MSIL2A_20240609T160829_R140_T16RGT_20240609T221907,2024-06-09,0.0,57264,['2021-11-07']
594,29.7335811,-84.74318432,S2A_MSIL2A_20220426T160831_R140_T16RGT_20220427T130232,2022-04-26,0.11,58032,['2021-11-07']
594,29.7335811,-84.74318432,S2A_MSIL2A_20180507T160901_R140_T16RGT_20201012T065456,2018-05-07,1.24,57836,['2021-11-07']
594,29.7335811,-84.74318432,S2A_MSIL2A_20160706T161352_R140_T16RGT_20210212T020444,2016-07-06,1.34,57052,['2021-11-07']
594,29.7335811,-84.74318432,S2A_MSIL2A_20190323T160931_R140_T16RGT_20201007T094301,2019-03-23,1.86,57728,['2021-11-07']
595,29.73312722,-84.71673278,S2B_MSIL2A_20250912T160819_R140_T16RGU_20250912T201512,2025-09-12,0.07,56944,['2021-11-07']
595,29.73312722,-84.71673278,S2B_MSIL2A_20190924T161009_R140_T16RGU_20201004T164634,2019-09-24,1.43,57640,['2021-11-07']
595,29.73312722,-84.71673278,S2A_MSIL2A_20170412T161341_R140_T16RGT_20210209T070543,2017-04-12,2.09,60148,['2021-11-07']
595,29.73312722,-84.71673278,S2B_MSIL2A_20240131T161509_R140_T16RGT_20240131T212159,2024-01-31,2.42,59584,['2021-11-07']
595,29.73312722,-84.71673278,S2B_MSIL2A_20251211T161559_R140_T16RGT_20251211T182204,2025-12-11,2.7,59628,['2021-11-07']
596,29.7562127,-84.7162094,S2A_MSIL2A_20221202T161631_R140_T16RGT_20221204T003625,2022-12-02,0.2,60948,['2021-11-07']
596,29.7562127,-84.7162094,S2B_MSIL2A_20221008T161149_R140_T16RGT_20221009T053129,2022-10-08,0.22,60908,['2021-11-07']
596,29.7562127,-84.7162094,S2A_MSIL2A_20231207T161641_R140_T16RGU_20241021T141714,2023-12-07,0.25,60392,['2021-11-07']
596,29.7562127,-84.7162094,S2A_MSIL2A_20240704T160901_R140_T16RGT_20240706T010223,2024-07-04,0.88,60864,['2021-11-07']
596,29.7562127,-84.7162094,S2A_MSIL2A_20180914T160901_R140_T16RGT_20201009T010731,2018-09-14,1.48,60412,['2021-11-07']
598,30.06224397,-84.2938722,S2A_MSIL2A_20240922T161001_R140_T16RGU_20240922T215405,2024-09-22,0.0,34684,['2021-11-17']
598,30.06224397,-84.2938722,S2B_MSIL2A_20241116T161449_R140_T16RGU_20241116T203058,2024-11-16,0.04,35792,['2021-11-17']
598,30.06224397,-84.2938722,S2A_MSIL2A_20231207T161641_R140_T16RGU_20241021T141714,2023-12-07,0.09,33776,['2021-11-17']
598,30.06224397,-84.2938722,S2A_MSIL2A_20161103T161432_R140_T16RGU_20210413T190200,2016-11-03,0.6,34880,['2021-11-17']
598,30.06224397,-84.2938722,S2B_MSIL2A_20210824T160829_R140_T16RGU_20210825T043847,2021-08-24,1.26,34704,['2021-11-17']
603,30.25037745,-85.97721754,S2A_MSIL2A_20230911T161841_R040_T16REU_20240915T101838,2023-09-11,0.13,59904,['2021-10-31']
603,30.25037745,-85.97721754,S2B_MSIL2A_20250905T161829_R040_T16REU_20250905T202408,2025-09-05,0.42,61728,['2021-10-31']
603,30.25037745,-85.97721754,S2A_MSIL2A_20230213T162401_R040_T16REU_20240816T014207,2023-02-13,1.12,61376,['2021-10-31']
603,30.25037745,-85.97721754,S2A_MSIL2A_20181206T162641_R040_T16REU_20201008T075047,2018-12-06,1.29,61336,['2021-10-31']
603,30.25037745,-85.97721754,S2A_MSIL2A_20210203T162501_R040_T16REU_20210204T045305,2021-02-03,1.91,61440,['2021-10-31']
605,26.94359147,-82.18382428,S2B_MSIL2A_20211109T160459_R097_T17RLK_20211110T021037,2021-11-09,0.0,47228,['2019-12-15']
605,26.94359147,-82.18382428,S2A_MSIL2A_20190926T160021_R097_T17RLK_20201004T171725,2019-09-26,0.0,47120,['2019-12-15']
605,26.94359147,-82.18382428,S2A_MSIL2A_20240412T155901_R097_T17RLK_20240413T001336,2024-04-12,0.0,47164,['2019-12-15']
605,26.94359147,-82.18382428,S2A_MSIL2A_20180124T160541_R097_T17RLK_20201014T082059,2018-01-24,0.0,47476,['2019-12-15']
605,26.94359147,-82.18382428,S2A_MSIL2A_20230108T160641_R097_T17RLK_20240812T081749,2023-01-08,0.0,47704,['2019-12-15']
606,26.89758804,-82.15756824,S2B_MSIL2A_20201124T160609_R097_T17RLK_20201125T192103,2020-11-24,0.0,65700,"['2019-12-15', '2021-04-13']"
606,26.89758804,-82.15756824,S2B_MSIL2A_20231219T160659_R097_T17RLK_20231222T001352,2023-12-19,0.0,65744,"['2019-12-15', '2021-04-13']"
606,26.89758804,-82.15756824,S2A_MSIL2A_20230418T155821_R097_T17RLK_20240906T005219,2023-04-18,0.0,65712,"['2019-12-15', '2021-04-13']"
606,26.89758804,-82.15756824,S2A_MSIL2A_20230915T155901_R097_T17RLK_20241103T091138,2023-09-15,0.0,65712,"['2019-12-15', '2021-04-13']"
606,26.89758804,-82.15756824,S2A_MSIL2A_20200811T155911_R097_T17RLK_20200814T174209,2020-08-11,0.0,65676,"['2019-12-15', '2021-04-13']"
608,29.8825,-84.5628,S2A_MSIL2A_20180626T160901_R140_T16RGU_20201012T023647,2018-06-26,0.01,61208,['2021-10-23']
608,29.8825,-84.5628,S2B_MSIL2A_20180919T160929_R140_T16RGU_20201009T025700,2018-09-19,0.01,61460,['2021-10-23']
608,29.8825,-84.5628,S2B_MSIL2A_20221107T161449_R140_T16RGU_20221108T081302,2022-11-07,0.01,61424,['2021-10-23']
608,29.8825,-84.5628,S2A_MSIL2A_20180328T161031_R140_T16RGU_20201013T153251,2018-03-28,0.01,61340,['2021-10-23']
608,29.8825,-84.5628,S2B_MSIL2A_20191004T161119_R140_T16RGU_20201003T223921,2019-10-04,0.27,61240,['2021-10-23']
609,29.8599039,-84.58984324,S2B_MSIL2A_20200620T160829_R140_T16RGU_20200823T115445,2020-06-20,0.06,65756,['2021-10-23']
609,29.8599039,-84.58984324,S2B_MSIL2A_20180919T160929_R140_T16RGU_20201009T025700,2018-09-19,0.08,66176,['2021-10-23']
609,29.8599039,-84.58984324,S2A_MSIL2A_20191009T161151_R140_T16RGU_20201004T002009,2019-10-09,0.1,66312,['2021-10-23']
609,29.8599039,-84.58984324,S2A_MSIL2A_20220327T160901_R140_T16RGU_20220328T055219,2022-03-27,0.12,66120,['2021-10-23']
609,29.8599039,-84.58984324,S2B_MSIL2A_20190527T160839_R140_T16RGU_20201006T191002,2019-05-27,0.13,66164,['2021-10-23']
610,29.9050898,-84.53574458,S2B_MSIL2A_20220531T160829_R140_T16RGU_20240627T123125,2022-05-31,0.0,43112,['2021-10-23']
610,29.9050898,-84.53574458,S2C_MSIL2A_20250311T161121_R140_T16RGU_20250311T194113,2025-03-11,0.03,44012,['2021-10-23']
610,29.9050898,-84.53574458,S2B_MSIL2A_20180512T160859_R140_T16RGU_20201012T090839,2018-05-12,0.05,44228,['2021-10-23']
610,29.9050898,-84.53574458,S2B_MSIL2A_20210725T160829_R140_T16RGU_20210726T135335,2021-07-25,0.07,43576,['2021-10-23']
610,29.9050898,-84.53574458,S2B_MSIL2A_20190716T160839_R140_T16RGU_20201005T150816,2019-07-16,0.11,43108,['2021-10-23']
615,25.75641609,-81.57511128,S2B_MSIL2A_20260206T160339_R097_T17RMJ_20260206T213114,2026-02-06,0.0,66564,['2019-11-25']
615,25.75641609,-81.57511128,S2A_MSIL2A_20190228T160211_R097_T17RMJ_20201007T213219,2019-02-28,0.0,66564,['2019-11-25']
615,25.75641609,-81.57511128,S2A_MSIL2A_20240222T160251_R097_T17RMJ_20240222T232202,2024-02-22,0.0,66564,['2019-11-25']
615,25.75641609,-81.57511128,S2B_MSIL2A_20230722T155829_R097_T17RMJ_20230722T235735,2023-07-22,0.0,66564,['2019-11-25']
615,25.75641609,-81.57511128,S2B_MSIL2A_20231119T160549_R097_T17RMJ_20231119T202651,2023-11-19,0.0,66564,['2019-11-25']
616,25.75631302,-81.60063763,S2B_MSIL2A_20210314T155929_R097_T17RMJ_20210315T195055,2021-03-14,0.0,66564,['2019-11-25']
616,25.75631302,-81.60063763,S2C_MSIL2A_20260412T155821_R097_T17RMJ_20260412T210156,2026-04-12,0.0,66564,['2019-11-25']
616,25.75631302,-81.60063763,S2A_MSIL2A_20160414T155922_R097_T17RMJ_20210211T035559,2016-04-14,0.0,66564,['2019-11-25']
616,25.75631302,-81.60063763,S2B_MSIL2A_20240407T155819_R097_T17RMJ_20240407T215455,2024-04-07,0.0,66564,['2019-11-25']
616,25.75631302,-81.60063763,S2A_MSIL2A_20180124T160541_R097_T17RMJ_20201014T082103,2018-01-24,0.0,66564,['2019-11-25']
617,25.71028223,-81.54937224,S2B_MSIL2A_20211010T160109_R097_T17RMJ_20211011T030137,2021-10-10,0.0,66564,['2019-11-25']
617,25.71028223,-81.54937224,S2A_MSIL2A_20230905T155821_R097_T17RMJ_20230906T021251,2023-09-05,0.0,66564,['2019-11-25']
617,25.71028223,-81.54937224,S2A_MSIL2A_20170310T160041_R097_T17RMJ_20210208T212033,2017-03-10,0.0,66564,['2019-11-25']
617,25.71028223,-81.54937224,S2A_MSIL2A_20250926T160701_R097_T17RMJ_20250927T002916,2025-09-26,0.0,66564,['2019-11-25']
617,25.71028223,-81.54937224,S2A_MSIL2A_20220304T160151_R097_T17RMJ_20220305T082339,2022-03-04,0.0,66564,['2019-11-25']
619,29.17892318,-83.10970527,S2B_MSIL2A_20191014T161229_R140_T17RKN_20201004T022241,2019-10-14,0.0,66564,"['2016-11-03', '2021-10-13']"
619,29.17892318,-83.10970527,S2B_MSIL2A_20180303T161339_R140_T17RKN_20201013T061115,2018-03-03,0.0,66564,"['2016-11-03', '2021-10-13']"
619,29.17892318,-83.10970527,S2C_MSIL2A_20250311T161121_R140_T17RKN_20250311T194113,2025-03-11,0.0,66564,"['2016-11-03', '2021-10-13']"
619,29.17892318,-83.10970527,S2A_MSIL2A_20181223T161701_R140_T17RKN_20201008T122214,2018-12-23,0.0,66564,"['2016-11-03', '2021-10-13']"
619,29.17892318,-83.10970527,S2B_MSIL2A_20240131T161509_R140_T17RKN_20240131T212350,2024-01-31,0.0,66564,"['2016-11-03', '2021-10-13']"
620,29.13274273,-83.10876128,S2B_MSIL2A_20201227T161659_R140_T17RKN_20201228T073859,2020-12-27,0.0,66564,['2021-10-13']
620,29.13274273,-83.10876128,S2A_MSIL2A_20200923T161011_R140_T17RKN_20200926T094529,2020-09-23,0.0,66564,['2021-10-13']
620,29.13274273,-83.10876128,S2C_MSIL2A_20251017T161301_R140_T17RKN_20251017T191818,2025-10-17,0.0,66564,['2021-10-13']
620,29.13274273,-83.10876128,S2A_MSIL2A_20210819T160901_R140_T17RKN_20210820T042752,2021-08-19,0.0,66564,['2021-10-13']
620,29.13274273,-83.10876128,S2A_MSIL2A_20170112T161621_R140_T17RKN_20210530T064540,2017-01-12,0.0,66564,['2021-10-13']
621,29.13315407,-83.08246182,S2A_MSIL2A_20230421T160821_R140_T17RKN_20230422T063146,2023-04-21,0.0,62812,['2021-10-13']
621,29.13315407,-83.08246182,S2A_MSIL2A_20230819T160831_R140_T17RKN_20230820T011120,2023-08-19,0.01,62648,['2021-10-13']
621,29.13315407,-83.08246182,S2A_MSIL2A_20230111T161631_R140_T17RKN_20240807T005246,2023-01-11,0.04,62524,['2021-10-13']
621,29.13315407,-83.08246182,S2A_MSIL2A_20200406T160901_R140_T17RKN_20200925T055152,2020-04-06,0.29,62660,['2021-10-13']
621,29.13315407,-83.08246182,S2A_MSIL2A_20191128T161621_R140_T17RKN_20201003T202640,2019-11-28,0.43,62544,['2021-10-13']
622,29.15624473,-83.08292767,S2A_MSIL2A_20180328T161031_R140_T17RKN_20201013T153250,2018-03-28,0.0,66552,['2021-10-13']
622,29.15624473,-83.08292767,S2B_MSIL2A_20240321T160849_R140_T17RKN_20240321T234318,2024-03-21,0.0,66544,['2021-10-13']
622,29.15624473,-83.08292767,S2B_MSIL2A_20190117T161619_R140_T17RKN_20201008T022609,2019-01-17,0.0,66540,['2021-10-13']
622,29.15624473,-83.08292767,S2B_MSIL2A_20171213T161649_R140_T17RKN_20201014T135606,2017-12-13,0.01,66536,['2021-10-13']
622,29.15624473,-83.08292767,S2B_MSIL2A_20201227T161659_R140_T17RKN_20201228T073859,2020-12-27,0.05,66512,['2021-10-13']
623,29.1793353,-83.08339405,S2A_MSIL2A_20170830T160901_R140_T17RKN_20210201T145248,2017-08-30,0.1,66260,"['2016-11-03', '2021-10-13']"
623,29.1793353,-83.08339405,S2A_MSIL2A_20190221T161251_R140_T17RKN_20201007T190653,2019-02-21,0.12,66228,"['2016-11-03', '2021-10-13']"
623,29.1793353,-83.08339405,S2B_MSIL2A_20201227T161659_R140_T17RKN_20201228T073859,2020-12-27,0.15,66248,"['2016-11-03', '2021-10-13']"
623,29.1793353,-83.08339405,S2A_MSIL2A_20181223T161701_R140_T17RKN_20201008T122214,2018-12-23,0.15,66184,"['2016-11-03', '2021-10-13']"
623,29.1793353,-83.08339405,S2A_MSIL2A_20230720T160831_R140_T17RKN_20230721T021602,2023-07-20,0.76,65796,"['2016-11-03', '2021-10-13']"
628,26.12711376,-81.80827598,S2B_MSIL2A_20260328T155859_R097_T17RMJ_20260328T200110,2026-03-28,0.18,41528,"['2018-11-20', '2019-11-30', '2020-12-19']"
628,26.12711376,-81.80827598,S2B_MSIL2A_20260206T160339_R097_T17RMJ_20260206T213114,2026-02-06,0.24,41744,"['2018-11-20', '2019-11-30', '2020-12-19']"
628,26.12711376,-81.80827598,S2A_MSIL2A_20221219T160701_R097_T17RMJ_20221220T130546,2022-12-19,0.36,41912,"['2018-11-20', '2019-11-30', '2020-12-19']"
628,26.12711376,-81.80827598,S2B_MSIL2A_20210920T155839_R097_T17RMJ_20210921T084250,2021-09-20,2.73,40436,"['2018-11-20', '2019-11-30', '2020-12-19']"
628,26.12711376,-81.80827598,S2B_MSIL2A_20220118T160559_R097_T17RMJ_20220119T155146,2022-01-18,2.94,40804,"['2018-11-20', '2019-11-30', '2020-12-19']"
634,26.47697634,-82.07297092,S2A_MSIL2A_20190926T160021_R097_T17RLK_20201004T171725,2019-09-26,0.05,65448,['2016-02-14']
634,26.47697634,-82.07297092,S2B_MSIL2A_20191130T160619_R097_T17RLK_20201003T211031,2019-11-30,0.06,65480,['2016-02-14']
634,26.47697634,-82.07297092,S2B_MSIL2A_20200408T155819_R097_T17RLK_20200925T140327,2020-04-08,0.07,65524,['2016-02-14']
634,26.47697634,-82.07297092,S2B_MSIL2A_20210314T155929_R097_T17RLK_20210315T193904,2021-03-14,0.1,65508,['2016-02-14']
634,26.47697634,-82.07297092,S2C_MSIL2A_20260412T155821_R097_T17RLK_20260412T210156,2026-04-12,0.24,65572,['2016-02-14']
635,26.47716701,-82.04729057,S2B_MSIL2A_20260308T160019_R097_T17RLK_20260308T200014,2026-03-08,0.0,65084,['2016-02-14']
635,26.47716701,-82.04729057,S2B_MSIL2A_20231020T160209_R097_T17RLK_20231020T230636,2023-10-20,0.0,64728,['2016-02-14']
635,26.47716701,-82.04729057,S2B_MSIL2A_20251228T160559_R097_T17RLK_20251228T210144,2025-12-28,0.01,65080,['2016-02-14']
635,26.47716701,-82.04729057,S2A_MSIL2A_20211224T160701_R097_T17RLK_20211225T052618,2021-12-24,0.04,65000,['2016-02-14']
635,26.47716701,-82.04729057,S2A_MSIL2A_20170310T160041_R097_T17RLK_20210208T212028,2017-03-10,0.05,65024,['2016-02-14']
643,29.40592064,-83.22450259,S2C_MSIL2A_20260204T161451_R140_T17RKN_20260204T195211,2026-02-04,0.0,64576,['2016-03-28']
643,29.40592064,-83.22450259,S2B_MSIL2A_20230516T160829_R140_T17RKN_20230516T224940,2023-05-16,0.0,64444,['2016-03-28']
643,29.40592064,-83.22450259,S2A_MSIL2A_20240922T161001_R140_T17RKN_20240922T215405,2024-09-22,0.0,64272,['2016-03-28']
643,29.40592064,-83.22450259,S2A_MSIL2A_20240225T161241_R140_T17RKN_20240225T231918,2024-02-25,0.0,64492,['2016-03-28']
643,29.40592064,-83.22450259,S2B_MSIL2A_20210725T160829_R140_T17RKN_20210726T133110,2021-07-25,0.0,64236,['2016-03-28']
644,29.36018218,-83.19714241,S2A_MSIL2A_20230111T161631_R140_T17RKN_20240807T005246,2023-01-11,0.0,59800,['2016-03-28']
644,29.36018218,-83.19714241,S2B_MSIL2A_20171014T161329_R140_T17RKN_20201019T212814,2017-10-14,0.02,59496,['2016-03-28']
644,29.36018218,-83.19714241,S2B_MSIL2A_20211013T161129_R140_T17RKN_20211014T093023,2021-10-13,0.04,59496,['2016-03-28']
644,29.36018218,-83.19714241,S2A_MSIL2A_20210421T160901_R140_T17RKN_20210423T051449,2021-04-21,0.04,59124,['2016-03-28']
644,29.36018218,-83.19714241,S2B_MSIL2A_20171213T161649_R140_T17RKN_20201014T135606,2017-12-13,0.1,60124,['2016-03-28']
646,28.33221262,-80.64031632,S2C_MSIL2A_20250417T155921_R097_T17RNM_20250417T210913,2025-04-17,0.0,59820,['2016-04-01']
646,28.33221262,-80.64031632,S2B_MSIL2A_20260328T155859_R097_T17RNM_20260328T200110,2026-03-28,0.0,59848,['2016-04-01']
646,28.33221262,-80.64031632,S2B_MSIL2A_20210907T160509_R054_T17RNM_20210908T062539,2021-09-07,0.21,60196,['2016-04-01']
646,28.33221262,-80.64031632,S2B_MSIL2A_20211129T160619_R097_T17RNM_20211130T111509,2021-11-29,0.23,59956,['2016-04-01']
646,28.33221262,-80.64031632,S2B_MSIL2A_20190822T155829_R097_T17RNM_20201005T033928,2019-08-22,0.48,59980,['2016-04-01']
648,28.28592465,-80.61436631,S2B_MSIL2A_20230311T160519_R054_T17RNM_20240803T173244,2023-03-11,0.0,52348,['2016-04-01']
648,28.28592465,-80.61436631,S2B_MSIL2A_20231129T160619_R097_T17RNM_20241017T115950,2023-11-29,0.1,53144,['2016-04-01']
648,28.28592465,-80.61436631,S2B_MSIL2A_20230130T160509_R054_T17RNM_20240811T194511,2023-01-30,0.1,54028,['2016-04-01']
648,28.28592465,-80.61436631,S2C_MSIL2A_20250226T160251_R097_T17RNM_20250226T192212,2025-02-26,0.13,54008,['2016-04-01']
648,28.28592465,-80.61436631,S2B_MSIL2A_20221111T160509_R054_T17RNM_20221112T084753,2022-11-11,1.01,53432,['2016-04-01']
650,28.69809744,-82.69204138,S2A_MSIL2A_20190529T155911_R097_T17RLM_20201006T194438,2019-05-29,0.0,64956,"['2016-04-14', '2016-09-11']"
650,28.69809744,-82.69204138,S2A_MSIL2A_20201209T160641_R097_T17RLM_20201210T203910,2020-12-09,0.0,65172,"['2016-04-14', '2016-09-11']"
650,28.69809744,-82.69204138,S2A_MSIL2A_20170112T161621_R140_T17RLM_20210530T064326,2017-01-12,0.0,63984,"['2016-04-14', '2016-09-11']"
650,28.69809744,-82.69204138,S2B_MSIL2A_20230423T155819_R097_T17RLM_20240831T032118,2023-04-23,0.0,65236,"['2016-04-14', '2016-09-11']"
650,28.69809744,-82.69204138,S2A_MSIL2A_20190211T161411_R140_T17RLM_20201007T155104,2019-02-11,0.0,65184,"['2016-04-14', '2016-09-11']"
651,28.65190248,-82.69129906,S2C_MSIL2A_20251226T161711_R140_T17RLM_20251226T200311,2025-12-26,0.0,66544,"['2016-04-14', '2016-05-14']"
651,28.65190248,-82.69129906,S2B_MSIL2A_20221028T161359_R140_T17RLM_20221029T042750,2022-10-28,0.0,66468,"['2016-04-14', '2016-05-14']"
651,28.65190248,-82.69129906,S2B_MSIL2A_20170703T155909_R097_T17RLM_20210210T042136,2017-07-03,0.0,66444,"['2016-04-14', '2016-05-14']"
651,28.65190248,-82.69129906,S2A_MSIL2A_20170112T161621_R140_T17RLM_20210530T064326,2017-01-12,0.0,66400,"['2016-04-14', '2016-05-14']"
651,28.65190248,-82.69129906,S2A_MSIL2A_20200327T160901_R140_T17RLM_20201027T113434,2020-03-27,0.0,66472,"['2016-04-14', '2016-05-14']"
654,28.52641,-80.7391,S2C_MSIL2A_20250924T160021_R097_T17RNM_20250924T212114,2025-09-24,0.0,57604,['2016-04-14']
654,28.52641,-80.7391,S2B_MSIL2A_20201124T160609_R097_T17RNM_20201125T193224,2020-11-24,0.0,57992,['2016-04-14']
654,28.52641,-80.7391,S2B_MSIL2A_20251118T160449_R097_T17RNM_20251118T200543,2025-11-18,0.01,57992,['2016-04-14']
654,28.52641,-80.7391,S2B_MSIL2A_20241203T160539_R097_T17RNM_20241203T200858,2024-12-03,0.01,58016,['2016-04-14']
654,28.52641,-80.7391,S2A_MSIL2A_20230806T155911_R097_T17RNM_20230807T021736,2023-08-06,0.76,56788,['2016-04-14']
655,28.54951782,-80.73904307,S2A_MSIL2A_20221209T160651_R097_T17RNM_20221210T133139,2022-12-09,0.0,65644,['2016-04-14']
655,28.54951782,-80.73904307,S2B_MSIL2A_20251228T160559_R097_T17RNM_20251228T210144,2025-12-28,0.0,65588,['2016-04-14']
655,28.54951782,-80.73904307,S2A_MSIL2A_20190827T155901_R097_T17RNM_20201005T052928,2019-08-27,0.0,65596,['2016-04-14']
655,28.54951782,-80.73904307,S2B_MSIL2A_20171130T160619_R097_T17RNM_20201014T231233,2017-11-30,0.91,65128,['2016-04-14']
655,28.54951782,-80.73904307,S2A_MSIL2A_20160911T155902_R097_T17RNM_20210212T235317,2016-09-11,2.06,64180,['2016-04-14']
666,27.99504463,-82.62340201,S2A_MSIL2A_20220722T155911_R097_T17RLL_20240711T012639,2022-07-22,0.0,44688,['2016-05-14']
666,27.99504463,-82.62340201,S2A_MSIL2A_20231104T160431_R097_T17RLL_20231104T224159,2023-11-04,0.0,45056,['2016-05-14']
666,27.99504463,-82.62340201,S2B_MSIL2A_20260206T160339_R097_T17RLM_20260206T213114,2026-02-06,0.01,44468,['2016-05-14']
666,27.99504463,-82.62340201,S2A_MSIL2A_20181021T160311_R097_T17RLM_20201009T134840,2018-10-21,0.12,45344,['2016-05-14']
666,27.99504463,-82.62340201,S2B_MSIL2A_20190325T155909_R097_T17RLL_20201007T104123,2019-03-25,0.22,45948,['2016-05-14']
668,27.97224856,-82.59703626,S2A_MSIL2A_20220722T155911_R097_T17RLL_20240711T012639,2022-07-22,0.05,56400,['2016-05-14']
668,27.97224856,-82.59703626,S2A_MSIL2A_20161110T160502_R097_T17RLM_20210414T034154,2016-11-10,0.09,56424,['2016-05-14']
668,27.97224856,-82.59703626,S2B_MSIL2A_20250601T155819_R097_T17RLL_20250601T195949,2025-06-01,0.26,56424,['2016-05-14']
668,27.97224856,-82.59703626,S2B_MSIL2A_20190623T155829_R097_T17RLL_20201006T053526,2019-06-23,0.27,56112,['2016-05-14']
668,27.97224856,-82.59703626,S2A_MSIL2A_20180404T155901_R097_T17RLL_20201012T181114,2018-04-04,0.27,56392,['2016-05-14']
678,29.59931313,-84.99021797,S2B_MSIL2A_20241010T162119_R040_T16RFT_20241010T223103,2024-10-10,0.0,55372,['2016-05-07']
678,29.59931313,-84.99021797,S2C_MSIL2A_20250410T160921_R140_T16RFT_20250410T211116,2025-04-10,0.04,56068,['2016-05-07']
678,29.59931313,-84.99021797,S2B_MSIL2A_20220220T161209_R140_T16RFT_20220226T045345,2022-02-20,0.07,55944,['2016-05-07']
678,29.59931313,-84.99021797,S2A_MSIL2A_20220705T160841_R140_T16RFT_20220707T085753,2022-07-05,0.08,55932,['2016-05-07']
678,29.59931313,-84.99021797,S2A_MSIL2A_20240329T161851_R040_T16RFT_20240330T100058,2024-03-29,1.74,54456,['2016-05-07']
680,29.98178135,-84.34955717,S2B_MSIL2A_20250714T160829_R140_T16RGU_20250714T201231,2025-07-14,0.0,41944,"['2016-05-27', '2016-10-14']"
680,29.98178135,-84.34955717,S2B_MSIL2A_20240609T160829_R140_T16RGU_20240609T221908,2024-06-09,0.0,41512,"['2016-05-27', '2016-10-14']"
680,29.98178135,-84.34955717,S2A_MSIL2A_20240922T161001_R140_T16RGU_20240922T215405,2024-09-22,0.05,41164,"['2016-05-27', '2016-10-14']"
680,29.98178135,-84.34955717,S2A_MSIL2A_20240415T160831_R140_T16RGU_20240416T010859,2024-04-15,0.1,41268,"['2016-05-27', '2016-10-14']"
680,29.98178135,-84.34955717,S2B_MSIL2A_20220819T160829_R140_T16RGU_20220820T060943,2022-08-19,0.11,41748,"['2016-05-27', '2016-10-14']"
681,29.95870305,-84.35017007,S2A_MSIL2A_20250919T161701_R140_T16RGU_20250920T002414,2025-09-19,0.01,58884,"['2016-05-27', '2016-10-14']"
681,29.95870305,-84.35017007,S2B_MSIL2A_20240321T160849_R140_T16RGU_20240321T232410,2024-03-21,0.02,58272,"['2016-05-27', '2016-10-14']"
681,29.95870305,-84.35017007,S2B_MSIL2A_20241027T161259_R140_T16RGU_20241027T201818,2024-10-27,0.05,58676,"['2016-05-27', '2016-10-14']"
681,29.95870305,-84.35017007,S2B_MSIL2A_20251211T161559_R140_T16RGU_20251211T182204,2025-12-11,0.13,58392,"['2016-05-27', '2016-10-14']"
681,29.95870305,-84.35017007,S2B_MSIL2A_20171014T161329_R140_T16RGU_20201015T000920,2017-10-14,0.67,58216,"['2016-05-27', '2016-10-14']"
686,30.37737046,-87.15899059,S2B_MSIL2A_20250816T161829_R040_T16RDU_20250816T201128,2025-08-16,0.02,60864,['2016-06-09']
686,30.37737046,-87.15899059,S2C_MSIL2A_20250413T161851_R040_T16RDU_20250413T212014,2025-04-13,0.02,60844,['2016-06-09']
686,30.37737046,-87.15899059,S2B_MSIL2A_20240712T161829_R040_T16RDU_20240712T215226,2024-07-12,0.06,60680,['2016-06-09']
686,30.37737046,-87.15899059,S2B_MSIL2A_20171030T163409_R083_T16RDU_20201015T031743,2017-10-30,0.14,61136,['2016-06-09']
686,30.37737046,-87.15899059,S2B_MSIL2A_20180224T162329_R040_T16RDU_20201014T010524,2018-02-24,0.16,61068,['2016-06-09']
695,29.00526235,-82.77706201,S2A_MSIL2A_20200801T155911_R097_T17RLN_20201027T083656,2020-08-01,0.0,66460,['2016-07-13']
695,29.00526235,-82.77706201,S2C_MSIL2A_20250417T155921_R097_T17RLN_20250417T210913,2025-04-17,0.0,66480,['2016-07-13']
695,29.00526235,-82.77706201,S2C_MSIL2A_20251103T160441_R097_T17RLN_20251103T200011,2025-11-03,0.0,66476,['2016-07-13']
695,29.00526235,-82.77706201,S2B_MSIL2A_20230314T155939_R097_T17RLN_20240821T065714,2023-03-14,0.0,66428,['2016-07-13']
695,29.00526235,-82.77706201,S2B_MSIL2A_20240121T161559_R140_T17RLN_20240121T221128,2024-01-21,0.02,65972,['2016-07-13']
696,29.00491234,-82.8033338,S2B_MSIL2A_20250326T160829_R140_T17RLN_20250326T212412,2025-03-26,0.0,66564,['2016-07-13']
696,29.00491234,-82.8033338,S2B_MSIL2A_20220508T155819_R097_T17RLN_20240611T235210,2022-05-08,0.0,66564,['2016-07-13']
696,29.00491234,-82.8033338,S2A_MSIL2A_20191205T160641_R097_T17RLN_20201003T005920,2019-12-05,0.0,66564,['2016-07-13']
696,29.00491234,-82.8033338,S2A_MSIL2A_20161001T160052_R097_T17RLN_20210213T062952,2016-10-01,0.0,66564,['2016-07-13']
696,29.00491234,-82.8033338,S2B_MSIL2A_20170703T155909_R097_T17RLN_20210210T042128,2017-07-03,0.0,66564,['2016-07-13']
698,26.29337158,-80.07283392,S2C_MSIL2A_20250802T160531_R054_T17RNK_20250802T202613,2025-08-02,1.01,45632,['2016-07-20']
698,26.29337158,-80.07283392,S2A_MSIL2A_20180322T160511_R054_T17RNK_20201013T123517,2018-03-22,2.83,45412,['2016-07-20']
698,26.29337158,-80.07283392,S2B_MSIL2A_20200902T160519_R054_T17RNK_20201101T160222,2020-09-02,3.25,45276,['2016-07-20']
698,26.29337158,-80.07283392,S2B_MSIL2A_20201201T160509_R054_T17RNK_20201203T035324,2020-12-01,3.36,46448,['2016-07-20']
698,26.29337158,-80.07283392,S2A_MSIL2A_20161127T160512_R054_T17RNK_20210415T024642,2016-11-27,3.46,45268,['2016-07-20']
701,29.9504219,-84.33744864,S2B_MSIL2A_20240321T160849_R140_T16RGU_20240321T232410,2024-03-21,0.02,52204,['2016-07-26']
701,29.9504219,-84.33744864,S2B_MSIL2A_20231003T161019_R140_T16RGU_20231004T011111,2023-10-03,0.06,52132,['2016-07-26']
701,29.9504219,-84.33744864,S2B_MSIL2A_20241027T161259_R140_T16RGU_20241027T201818,2024-10-27,0.07,52748,['2016-07-26']
701,29.9504219,-84.33744864,S2B_MSIL2A_20180601T160859_R140_T16RGU_20201026T114527,2018-06-01,0.59,51764,['2016-07-26']
701,29.9504219,-84.33744864,S2A_MSIL2A_20180308T161111_R140_T16RGU_20201013T080006,2018-03-08,1.54,51992,['2016-07-26']
702,29.94988343,-84.31094803,S2A_MSIL2A_20191128T161621_R140_T16RGU_20201003T202640,2019-11-28,0.0,66564,['2016-07-26']
702,29.94988343,-84.31094803,S2B_MSIL2A_20260410T160819_R140_T16RGU_20260410T200402,2026-04-10,0.0,66564,['2016-07-26']
702,29.94988343,-84.31094803,S2A_MSIL2A_20220327T160901_R140_T16RGU_20220328T055219,2022-03-27,0.0,66564,['2016-07-26']
702,29.94988343,-84.31094803,S2A_MSIL2A_20220106T161651_R140_T16RGU_20220107T093817,2022-01-06,0.0,66564,['2016-07-26']
702,29.94988343,-84.31094803,S2B_MSIL2A_20230506T160829_R140_T16RGU_20230506T223203,2023-05-06,0.0,66564,['2016-07-26']
709,29.68093543,-85.35919536,S2A_MSIL2A_20170502T161351_R140_T16RFT_20210209T123241,2017-05-02,1.49,38544,['2016-08-28']
709,29.68093543,-85.35919536,S2A_MSIL2A_20260328T161711_R140_T16RFT_20260329T024956,2026-03-28,1.67,39072,['2016-08-28']
709,29.68093543,-85.35919536,S2A_MSIL2A_20220804T160911_R140_T16RFT_20220805T063026,2022-08-04,1.76,38624,['2016-08-28']
709,29.68093543,-85.35919536,S2A_MSIL2A_20200615T160911_R140_T16RFT_20200827T113030,2020-06-15,2.33,38692,['2016-08-28']
709,29.68093543,-85.35919536,S2B_MSIL2A_20180224T162329_R040_T16RFT_20201014T010521,2018-02-24,3.19,37156,['2016-08-28']
710,29.68060521,-85.33274781,S2A_MSIL2A_20220327T160901_R140_T16RFT_20220328T052828,2022-03-27,0.04,38152,['2016-08-28']
710,29.68060521,-85.33274781,S2B_MSIL2A_20230814T160829_R140_T16RFT_20241020T103406,2023-08-14,0.29,38648,['2016-08-28']
710,29.68060521,-85.33274781,S2A_MSIL2A_20260328T161711_R140_T16RFT_20260329T024956,2026-03-28,0.43,38240,['2016-08-28']
710,29.68060521,-85.33274781,S2B_MSIL2A_20220531T160829_R140_T16RFT_20220601T165905,2022-05-31,0.63,38640,['2016-08-28']
710,29.68060521,-85.33274781,S2B_MSIL2A_20190907T161829_R040_T16RFT_20201004T103149,2019-09-07,1.96,37448,['2016-08-28']
712,28.69776727,-82.71823728,S2B_MSIL2A_20240527T155819_R097_T17RLM_20240527T223547,2024-05-27,0.0,66564,['2016-09-11']
712,28.69776727,-82.71823728,S2A_MSIL2A_20200203T160451_R097_T17RLM_20200930T153524,2020-02-03,0.0,66564,['2016-09-11']
712,28.69776727,-82.71823728,S2A_MSIL2A_20200327T160901_R140_T17RLM_20201027T113434,2020-03-27,0.0,66564,['2016-09-11']
712,28.69776727,-82.71823728,S2B_MSIL2A_20220727T155829_R097_T17RLM_20220729T005931,2022-07-27,0.0,66564,['2016-09-11']
712,28.69776727,-82.71823728,S2A_MSIL2A_20170112T161621_R140_T17RLM_20210530T064326,2017-01-12,0.0,66564,['2016-09-11']
717,29.66290679,-85.24073516,S2C_MSIL2A_20251219T162721_R040_T16RFT_20251219T200415,2025-12-19,0.0,66564,['2016-10-07']
717,29.66290679,-85.24073516,S2B_MSIL2A_20190927T162029_R040_T16RFT_20201004T175118,2019-09-27,0.0,66564,['2016-10-07']
717,29.66290679,-85.24073516,S2B_MSIL2A_20200511T160829_R140_T16RFT_20200917T201612,2020-05-11,0.0,66564,['2016-10-07']
717,29.66290679,-85.24073516,S2A_MSIL2A_20220129T162531_R040_T16RFT_20220214T053100,2022-01-29,0.0,66564,['2016-10-07']
717,29.66290679,-85.24073516,S2A_MSIL2A_20210223T162241_R040_T16RFT_20210224T055004,2021-02-23,0.0,66564,['2016-10-07']
718,29.66255312,-85.21429397,S2B_MSIL2A_20240104T162659_R040_T16RFT_20240104T201809,2024-01-04,0.0,64696,['2016-10-07']
718,29.66255312,-85.21429397,S2A_MSIL2A_20240225T161241_R140_T16RFT_20240225T231911,2024-02-25,0.0,64856,['2016-10-07']
718,29.66255312,-85.21429397,S2B_MSIL2A_20250912T160819_R140_T16RFT_20250912T201512,2025-09-12,0.24,64732,['2016-10-07']
718,29.66255312,-85.21429397,S2A_MSIL2A_20170412T161341_R140_T16RFT_20210209T070538,2017-04-12,0.61,64724,['2016-10-07']
718,29.66255312,-85.21429397,S2A_MSIL2A_20260222T163511_R040_T16RFT_20260222T184311,2026-02-22,0.68,64660,['2016-10-07']
724,29.9350891,-84.3242853,S2A_MSIL2A_20240225T161241_R140_T16RGU_20240225T232112,2024-02-25,0.01,60104,['2016-10-14']
724,29.9350891,-84.3242853,S2A_MSIL2A_20241201T161631_R140_T16RGU_20241201T193354,2024-12-01,0.1,60352,['2016-10-14']
724,29.9350891,-84.3242853,S2B_MSIL2A_20220730T160829_R140_T16RGU_20220731T172444,2022-07-30,0.29,59568,['2016-10-14']
724,29.9350891,-84.3242853,S2A_MSIL2A_20160706T161352_R140_T16RGU_20210212T020450,2016-07-06,0.56,59396,['2016-10-14']
724,29.9350891,-84.3242853,S2A_MSIL2A_20180626T160901_R140_T16RGU_20201012T023647,2018-06-26,0.62,59500,['2016-10-14']
727,29.14892193,-83.10630362,S2B_MSIL2A_20201018T161209_R140_T17RKN_20201019T175915,2020-10-18,0.0,66564,['2016-11-03']
727,29.14892193,-83.10630362,S2B_MSIL2A_20230215T161339_R140_T17RKN_20230216T011004,2023-02-15,0.0,66564,['2016-11-03']
727,29.14892193,-83.10630362,S2A_MSIL2A_20211117T161541_R140_T17RKN_20211118T060433,2021-11-17,0.0,66564,['2016-11-03']
727,29.14892193,-83.10630362,S2A_MSIL2A_20220327T160901_R140_T17RKN_20240523T144814,2022-03-27,0.0,66564,['2016-11-03']
727,29.14892193,-83.10630362,S2A_MSIL2A_20191128T161621_R140_T17RKN_20201003T202640,2019-11-28,0.0,66564,['2016-11-03']
728,30.7012,-81.4269,S2A_MSIL2A_20220304T160151_R097_T17RMQ_20240528T224642,2022-03-04,0.0,47708,['2016-11-20']
728,30.7012,-81.4269,S2B_MSIL2A_20211109T160459_R097_T17RMQ_20211110T020017,2021-11-09,0.52,47688,['2016-11-20']
728,30.7012,-81.4269,S2A_MSIL2A_20180305T160131_R097_T17RMP_20201013T065309,2018-03-05,0.68,47620,['2016-11-20']
728,30.7012,-81.4269,S2A_MSIL2A_20170330T155901_R097_T17RMP_20210209T030944,2017-03-30,0.81,47536,['2016-11-20']
728,30.7012,-81.4269,S2C_MSIL2A_20260412T155821_R097_T17RMQ_20260412T210156,2026-04-12,0.9,47632,['2016-11-20']
729,30.70128512,-81.40016787,S2B_MSIL2A_20250522T155819_R097_T17RMQ_20250522T200029,2025-05-22,0.0,66564,['2016-11-20']
729,30.70128512,-81.40016787,S2A_MSIL2A_20220602T155831_R097_T17RMQ_20220603T133055,2022-06-02,0.0,66564,['2016-11-20']
729,30.70128512,-81.40016787,S2A_MSIL2A_20240412T155901_R097_T17RMQ_20240413T003930,2024-04-12,0.0,66564,['2016-11-20']
729,30.70128512,-81.40016787,S2A_MSIL2A_20240202T160501_R097_T17RMP_20240202T215754,2024-02-02,0.0,66564,['2016-11-20']
729,30.70128512,-81.40016787,S2A_MSIL2A_20180315T160021_R097_T17RMQ_20201013T091800,2018-03-15,0.0,66564,['2016-11-20']
730,30.72438504,-81.40026325,S2C_MSIL2A_20250706T155921_R097_T17RMQ_20250706T212916,2025-07-06,0.0,66564,['2016-11-20']
730,30.72438504,-81.40026325,S2A_MSIL2A_20250117T160611_R097_T17RMQ_20250117T212700,2025-01-17,0.0,66564,['2016-11-20']
730,30.72438504,-81.40026325,S2A_MSIL2A_20200503T155911_R097_T17RMQ_20200920T080015,2020-05-03,0.0,66564,['2016-11-20']
730,30.72438504,-81.40026325,S2A_MSIL2A_20191205T160641_R097_T17RMP_20201003T005911,2019-12-05,0.0,56244,['2016-11-20']
730,30.72438504,-81.40026325,S2A_MSIL2A_20180603T155901_R097_T17RMQ_20201026T135336,2018-06-03,0.0,66564,['2016-11-20']
736,29.6305,-85.094,S2B_MSIL2A_20230516T160829_R140_T16RFT_20230516T232026,2023-05-16,0.17,46592,['2017-01-12']
736,29.6305,-85.094,S2B_MSIL2A_20251104T162349_R040_T16RFT_20251104T200740,2025-11-04,0.56,45872,['2017-01-12']
736,29.6305,-85.094,S2A_MSIL2A_20161014T161342_R140_T16RFT_20210213T103846,2016-10-14,1.35,45672,['2017-01-12']
736,29.6305,-85.094,S2A_MSIL2A_20230822T161831_R040_T16RFT_20230823T152149,2023-08-22,2.51,42752,['2017-01-12']
736,29.6305,-85.094,S2B_MSIL2A_20210129T162529_R040_T16RFT_20210130T063203,2021-01-29,2.53,45832,['2017-01-12']
737,29.63087729,-85.12043103,S2C_MSIL2A_20250410T160921_R140_T16RFT_20250410T211116,2025-04-10,0.1,33720,['2017-01-12']
737,29.63087729,-85.12043103,S2C_MSIL2A_20250719T160921_R140_T16RFT_20250719T211215,2025-07-19,0.11,33412,['2017-01-12']
737,29.63087729,-85.12043103,S2A_MSIL2A_20230730T160831_R140_T16RFT_20230731T011440,2023-07-30,0.29,32752,['2017-01-12']
737,29.63087729,-85.12043103,S2B_MSIL2A_20250217T162239_R040_T16RFT_20250217T201947,2025-02-17,1.06,33836,['2017-01-12']
737,29.63087729,-85.12043103,S2B_MSIL2A_20200511T160829_R140_T16RFT_20200917T201612,2020-05-11,1.47,34004,['2017-01-12']
738,29.60740849,-85.09443461,S2C_MSIL2A_20250410T160921_R140_T16RFT_20250410T211116,2025-04-10,0.0,62680,['2017-01-12']
738,29.60740849,-85.09443461,S2B_MSIL2A_20251104T162349_R040_T16RFT_20251104T200740,2025-11-04,0.37,62576,['2017-01-12']
738,29.60740849,-85.09443461,S2A_MSIL2A_20170502T161351_R140_T16RFT_20210209T123241,2017-05-02,0.82,62820,['2017-01-12']
738,29.60740849,-85.09443461,S2A_MSIL2A_20241231T161701_R140_T16RFT_20241231T194951,2024-12-31,1.03,62528,['2017-01-12']
738,29.60740849,-85.09443461,S2A_MSIL2A_20160210T162412_R040_T16RFT_20210528T045722,2016-02-10,1.18,62200,['2017-01-12']
739,29.60702629,-85.0680101,S2A_MSIL2A_20240329T161851_R040_T16RFT_20240330T100058,2024-03-29,0.05,49084,['2017-01-12']
739,29.60702629,-85.0680101,S2B_MSIL2A_20220511T160829_R140_T16RFT_20220514T004551,2022-05-11,0.26,49432,['2017-01-12']
739,29.60702629,-85.0680101,S2B_MSIL2A_20180115T162619_R040_T16RFT_20201014T060419,2018-01-15,3.73,47828,['2017-01-12']
739,29.60702629,-85.0680101,S2A_MSIL2A_20211130T162631_R040_T16RFT_20211201T054222,2021-11-30,4.48,48820,['2017-01-12']
739,29.60702629,-85.0680101,S2B_MSIL2A_20190427T160839_R140_T16RFT_20201105T203912,2019-04-27,6.48,48548,['2017-01-12']
765,29.70811873,-84.97210231,S2A_MSIL2A_20161014T161342_R140_T16RFT_20210213T103846,2016-10-14,0.0,65700,['2017-07-01']
765,29.70811873,-84.97210231,S2A_MSIL2A_20170502T161351_R140_T16RFT_20210209T123241,2017-05-02,0.0,65664,['2017-07-01']
765,29.70811873,-84.97210231,S2B_MSIL2A_20250515T160829_R140_T16RFT_20250515T211031,2025-05-15,0.0,65392,['2017-07-01']
765,29.70811873,-84.97210231,S2A_MSIL2A_20170810T161351_R140_T16RFT_20210210T222552,2017-08-10,0.0,65592,['2017-07-01']
765,29.70811873,-84.97210231,S2A_MSIL2A_20200615T160911_R140_T16RFT_20200827T113030,2020-06-15,0.0,65320,['2017-07-01']
766,29.58399945,-84.97353422,S2B_MSIL2A_20241216T161609_R140_T16RFT_20241216T200744,2024-12-16,0.0,66564,['2017-07-01']
766,29.58399945,-84.97353422,S2B_MSIL2A_20260321T160859_R140_T16RFT_20260321T200307,2026-03-21,0.0,66564,['2017-07-01']
766,29.58399945,-84.97353422,S2B_MSIL2A_20180502T160859_R140_T16RFT_20201012T050916,2018-05-02,0.0,66564,['2017-07-01']
766,29.58399945,-84.97353422,S2A_MSIL2A_20221215T162701_R040_T16RFT_20221216T075259,2022-12-15,0.0,66564,['2017-07-01']
766,29.58399945,-84.97353422,S2B_MSIL2A_20210310T162009_R040_T16RFT_20210311T043202,2021-03-10,0.0,66564,['2017-07-01']
771,29.72522113,-84.87969768,S2B_MSIL2A_20221008T161149_R140_T16RGT_20221009T053129,2022-10-08,0.02,52408,['2017-10-09']
771,29.72522113,-84.87969768,S2B_MSIL2A_20241010T162119_R040_T16RGT_20241010T223103,2024-10-10,0.1,51760,['2017-10-09']
771,29.72522113,-84.87969768,S2B_MSIL2A_20260202T162409_R040_T16RFT_20260202T195712,2026-02-02,0.24,51100,['2017-10-09']
771,29.72522113,-84.87969768,S2C_MSIL2A_20250413T161851_R040_T16RFT_20250413T212014,2025-04-13,0.49,50456,['2017-10-09']
771,29.72522113,-84.87969768,S2B_MSIL2A_20190517T160839_R140_T16RFT_20201006T152837,2019-05-17,0.69,50968,['2017-10-09']
772,29.72564234,-84.90615004,S2C_MSIL2A_20251219T162721_R040_T16RFT_20251219T200415,2025-12-19,0.0,59080,['2017-10-09']
772,29.72564234,-84.90615004,S2A_MSIL2A_20240129T162531_R040_T16RGT_20240129T211648,2024-01-29,0.0,58868,['2017-10-09']
772,29.72564234,-84.90615004,S2B_MSIL2A_20190527T160839_R140_T16RGT_20201006T190955,2019-05-27,0.12,58616,['2017-10-09']
772,29.72564234,-84.90615004,S2C_MSIL2A_20250729T160921_R140_T16RGT_20250729T211214,2025-07-29,0.13,58928,['2017-10-09']
772,29.72564234,-84.90615004,S2B_MSIL2A_20210526T160829_R140_T16RFT_20210527T105316,2021-05-26,0.15,58684,['2017-10-09']
774,24.69156345,-81.39035317,S2C_MSIL2A_20250226T160251_R097_T17RMH_20250226T192212,2025-02-26,1.28,43400,['2017-12-10']
774,24.69156345,-81.39035317,S2A_MSIL2A_20220410T160511_R054_T17RMH_20240606T212004,2022-04-10,1.63,43252,['2017-12-10']
774,24.69156345,-81.39035317,S2A_MSIL2A_20170317T160501_R054_T17RMH_20210208T232154,2017-03-17,1.9,42664,['2017-12-10']
774,24.69156345,-81.39035317,S2B_MSIL2A_20231219T160659_R097_T17RMH_20231222T000819,2023-12-19,2.23,44024,['2017-12-10']
774,24.69156345,-81.39035317,S2A_MSIL2A_20180305T160131_R097_T17RMH_20201013T065313,2018-03-05,2.66,44336,['2017-12-10']
775,24.6684434,-81.39028119,S2A_MSIL2A_20251016T160701_R097_T17RMH_20251016T210119,2025-10-16,0.01,45240,['2017-12-10']
775,24.6684434,-81.39028119,S2B_MSIL2A_20241203T160539_R097_T17RMH_20241203T200858,2024-12-03,0.32,45100,['2017-12-10']
775,24.6684434,-81.39028119,S2B_MSIL2A_20221211T160509_R054_T17RMH_20221212T075907,2022-12-11,0.56,45852,['2017-12-10']
775,24.6684434,-81.39028119,S2A_MSIL2A_20231101T160511_R054_T17RMH_20231101T220548,2023-11-01,0.61,45480,['2017-12-10']
775,24.6684434,-81.39028119,S2A_MSIL2A_20211224T160701_R097_T17RMH_20211225T054806,2021-12-24,4.72,44956,['2017-12-10']
776,24.64532328,-81.39020931,S2B_MSIL2A_20240128T160529_R097_T17RMH_20240128T221925,2024-01-28,0.01,61564,['2017-12-10']
776,24.64532328,-81.39020931,S2C_MSIL2A_20250206T160501_R097_T17RMH_20250206T192610,2025-02-06,0.19,61508,['2017-12-10']
776,24.64532328,-81.39020931,S2B_MSIL2A_20241203T160539_R097_T17RMH_20241203T200858,2024-12-03,0.22,61432,['2017-12-10']
776,24.64532328,-81.39020931,S2A_MSIL2A_20170208T160411_R097_T17RMH_20210208T085633,2017-02-08,0.26,61432,['2017-12-10']
776,24.64532328,-81.39020931,S2B_MSIL2A_20230907T160519_R054_T17RMH_20240908T193200,2023-09-07,0.98,58604,['2017-12-10']
777,24.64538681,-81.36491277,S2B_MSIL2A_20250109T160509_R054_T17RMH_20250109T211544,2025-01-09,0.43,60416,['2017-12-10']
777,24.64538681,-81.36491277,S2A_MSIL2A_20161127T160512_R054_T17RMH_20210415T024632,2016-11-27,0.63,61104,['2017-12-10']
777,24.64538681,-81.36491277,S2A_MSIL2A_20251016T160701_R097_T17RMH_20251016T210119,2025-10-16,0.86,60892,['2017-12-10']
777,24.64538681,-81.36491277,S2A_MSIL2A_20170225T160511_R054_T17RMH_20210208T170958,2017-02-25,0.95,60948,['2017-12-10']
777,24.64538681,-81.36491277,S2A_MSIL2A_20201209T160641_R097_T17RMH_20201210T203913,2020-12-09,1.31,60680,['2017-12-10']
778,24.64544609,-81.33961616,S2C_MSIL2A_20250524T160531_R054_T17RMH_20250524T215230,2025-05-24,0.05,47560,['2017-12-10']
778,24.64544609,-81.33961616,S2A_MSIL2A_20230115T160511_R054_T17RMH_20230116T034138,2023-01-15,0.2,47676,['2017-12-10']
778,24.64544609,-81.33961616,S2B_MSIL2A_20220214T160509_R054_T17RMH_20220223T065527,2022-02-14,1.88,46996,['2017-12-10']
778,24.64544609,-81.33961616,S2A_MSIL2A_20210217T160321_R097_T17RMH_20210219T154222,2021-02-17,2.11,47584,['2017-12-10']
778,24.64544609,-81.33961616,S2A_MSIL2A_20220410T160511_R054_T17RMH_20240606T212004,2022-04-10,3.44,46540,['2017-12-10']
779,24.66856634,-81.33967872,S2B_MSIL2A_20220624T160519_R054_T17RMH_20220625T031734,2022-06-24,0.0,41700,['2017-12-10']
779,24.66856634,-81.33967872,S2B_MSIL2A_20241203T160539_R097_T17RMH_20241203T200858,2024-12-03,0.0,40676,['2017-12-10']
779,24.66856634,-81.33967872,S2A_MSIL2A_20251016T160701_R097_T17RMH_20251016T210119,2025-10-16,0.0,41200,['2017-12-10']
779,24.66856634,-81.33967872,S2B_MSIL2A_20260127T160429_R097_T17RMH_20260127T212029,2026-01-27,0.08,40616,['2017-12-10']
779,24.66856634,-81.33967872,S2B_MSIL2A_20200126T160509_R054_T17RMH_20201002T120305,2020-01-26,5.8,41392,['2017-12-10']
780,24.69168652,-81.33974137,S2A_MSIL2A_20231101T160511_R054_T17RMH_20231101T220548,2023-11-01,0.03,42384,['2017-12-10']
780,24.69168652,-81.33974137,S2B_MSIL2A_20260127T160429_R097_T17RMH_20260127T212029,2026-01-27,0.1,41904,['2017-12-10']
780,24.69168652,-81.33974137,S2B_MSIL2A_20241024T160239_R097_T17RMH_20241024T213906,2024-10-24,0.33,41956,['2017-12-10']
780,24.69168652,-81.33974137,S2A_MSIL2A_20160630T160512_R054_T17RMH_20210212T004209,2016-06-30,2.88,41320,['2017-12-10']
780,24.69168652,-81.33974137,S2A_MSIL2A_20181021T160311_R097_T17RMH_20201009T134835,2018-10-21,2.98,42264,['2017-12-10']
806,26.7782918,-82.15843004,S2A_MSIL2A_20191215T160651_R097_T17RLK_20201003T051405,2019-12-15,0.0,54884,"['2018-10-16', '2021-04-13']"
806,26.7782918,-82.15843004,S2A_MSIL2A_20230309T160101_R097_T17RLK_20240823T143703,2023-03-09,0.0,56892,"['2018-10-16', '2021-04-13']"
806,26.7782918,-82.15843004,S2B_MSIL2A_20240417T155819_R097_T17RLK_20240417T231836,2024-04-17,0.0,55232,"['2018-10-16', '2021-04-13']"
806,26.7782918,-82.15843004,S2A_MSIL2A_20170817T155901_R097_T17RLK_20210201T031945,2017-08-17,0.0,54660,"['2018-10-16', '2021-04-13']"
806,26.7782918,-82.15843004,S2B_MSIL2A_20240527T155819_R097_T17RLK_20240527T222100,2024-05-27,0.0,55188,"['2018-10-16', '2021-04-13']"
